,defi_tvl
2017-09-27 00:00:00+00:00,0.0
2017-09-28 00:00:00+00:00,0.0
2017-09-29 00:00:00+00:00,0.0
2017-09-30 00:00:00+00:00,0.0
2017-10-01 00:00:00+00:00,0.0
2017-10-02 00:00:00+00:00,0.0
2017-10-03 00:00:00+00:00,0.0
2017-10-04 00:00:00+00:00,0.0
2017-10-05 00:00:00+00:00,0.0
2017-10-06 00:00:00+00:00,0.0
2017-10-07 00:00:00+00:00,0.0
2017-10-08 00:00:00+00:00,0.0
2017-10-09 00:00:00+00:00,0.0
2017-10-10 00:00:00+00:00,0.0
2017-10-11 00:00:00+00:00,0.0
2017-10-12 00:00:00+00:00,0.0
2017-10-13 00:00:00+00:00,0.0
2017-10-14 00:00:00+00:00,0.0
2017-10-15 00:00:00+00:00,0.0
2017-10-16 00:00:00+00:00,0.0
2017-10-17 00:00:00+00:00,0.0
2017-10-18 00:00:00+00:00,0.0
2017-10-19 00:00:00+00:00,0.0
2017-10-20 00:00:00+00:00,0.0
2017-10-21 00:00:00+00:00,0.0
2017-10-22 00:00:00+00:00,0.0
2017-10-23 00:00:00+00:00,0.0
2017-10-24 00:00:00+00:00,0.0
2017-10-25 00:00:00+00:00,0.0
2017-10-26 00:00:00+00:00,0.0
2017-10-27 00:00:00+00:00,0.0
2017-10-28 00:00:00+00:00,0.0
2017-10-29 00:00:00+00:00,0.0
2017-10-30 00:00:00+00:00,0.0
2017-10-31 00:00:00+00:00,0.0
2017-11-01 00:00:00+00:00,0.0
2017-11-02 00:00:00+00:00,0.0
2017-11-03 00:00:00+00:00,0.0
2017-11-04 00:00:00+00:00,0.0
2017-11-05 00:00:00+00:00,0.0
2017-11-06 00:00:00+00:00,0.0
2017-11-07 00:00:00+00:00,0.0
2017-11-08 00:00:00+00:00,0.0
2017-11-09 00:00:00+00:00,0.0
2017-11-10 00:00:00+00:00,0.0
2017-11-11 00:00:00+00:00,0.0
2017-11-12 00:00:00+00:00,0.0
2017-11-13 00:00:00+00:00,0.0
2017-11-14 00:00:00+00:00,0.0
2017-11-15 00:00:00+00:00,0.0
2017-11-16 00:00:00+00:00,0.0
2017-11-17 00:00:00+00:00,0.0
2017-11-18 00:00:00+00:00,0.0
2017-11-19 00:00:00+00:00,0.0
2017-11-20 00:00:00+00:00,0.0
2017-11-21 00:00:00+00:00,0.0
2017-11-22 00:00:00+00:00,0.0
2017-11-23 00:00:00+00:00,0.0
2017-11-24 00:00:00+00:00,0.0
2017-11-25 00:00:00+00:00,0.0
2017-11-26 00:00:00+00:00,0.0
2017-11-27 00:00:00+00:00,0.0
2017-11-28 00:00:00+00:00,0.0
2017-11-29 00:00:00+00:00,0.0
2017-11-30 00:00:00+00:00,0.0
2017-12-01 00:00:00+00:00,0.0
2017-12-02 00:00:00+00:00,0.0
2017-12-03 00:00:00+00:00,0.0
2017-12-04 00:00:00+00:00,0.0
2017-12-05 00:00:00+00:00,0.0
2017-12-06 00:00:00+00:00,0.0
2017-12-07 00:00:00+00:00,0.0
2017-12-08 00:00:00+00:00,0.0
2017-12-09 00:00:00+00:00,0.0
2017-12-10 00:00:00+00:00,0.0
2017-12-11 00:00:00+00:00,0.0
2017-12-12 00:00:00+00:00,0.0
2017-12-13 00:00:00+00:00,0.0
2017-12-14 00:00:00+00:00,0.0
2017-12-15 00:00:00+00:00,0.0
2017-12-16 00:00:00+00:00,0.0
2017-12-17 00:00:00+00:00,0.0
2017-12-18 00:00:00+00:00,0.0
2017-12-19 00:00:00+00:00,0.0
2017-12-20 00:00:00+00:00,0.0
2017-12-21 00:00:00+00:00,0.0
2017-12-22 00:00:00+00:00,0.0
2017-12-23 00:00:00+00:00,0.0
2017-12-24 00:00:00+00:00,0.0
2017-12-25 00:00:00+00:00,0.0
2017-12-26 00:00:00+00:00,0.0
2017-12-27 00:00:00+00:00,0.0
2017-12-28 00:00:00+00:00,0.0
2017-12-29 00:00:00+00:00,0.0
2017-12-30 00:00:00+00:00,0.0
2017-12-31 00:00:00+00:00,0.0
2018-01-01 00:00:00+00:00,0.0
2018-01-02 00:00:00+00:00,0.0
2018-01-03 00:00:00+00:00,0.0
2018-01-04 00:00:00+00:00,0.0
2018-01-05 00:00:00+00:00,0.0
2018-01-06 00:00:00+00:00,0.0
2018-01-07 00:00:00+00:00,0.0
2018-01-08 00:00:00+00:00,0.0
2018-01-09 00:00:00+00:00,0.0
2018-01-10 00:00:00+00:00,0.0
2018-01-11 00:00:00+00:00,0.0
2018-01-12 00:00:00+00:00,0.0
2018-01-13 00:00:00+00:00,0.0
2018-01-14 00:00:00+00:00,0.0
2018-01-15 00:00:00+00:00,0.0
2018-01-16 00:00:00+00:00,0.0
2018-01-17 00:00:00+00:00,0.0
2018-01-18 00:00:00+00:00,0.0
2018-01-19 00:00:00+00:00,0.0
2018-01-20 00:00:00+00:00,0.0
2018-01-21 00:00:00+00:00,0.0
2018-01-22 00:00:00+00:00,0.0
2018-01-23 00:00:00+00:00,0.0
2018-01-24 00:00:00+00:00,0.0
2018-01-25 00:00:00+00:00,0.0
2018-01-26 00:00:00+00:00,0.0
2018-01-27 00:00:00+00:00,0.0
2018-01-28 00:00:00+00:00,0.0
2018-01-29 00:00:00+00:00,0.0
2018-01-30 00:00:00+00:00,0.0
2018-01-31 00:00:00+00:00,0.0
2018-02-01 00:00:00+00:00,0.0
2018-02-02 00:00:00+00:00,0.0
2018-02-03 00:00:00+00:00,0.0
2018-02-04 00:00:00+00:00,0.0
2018-02-05 00:00:00+00:00,0.0
2018-02-06 00:00:00+00:00,0.0
2018-02-07 00:00:00+00:00,0.0
2018-02-08 00:00:00+00:00,0.0
2018-02-09 00:00:00+00:00,0.0
2018-02-10 00:00:00+00:00,0.0
2018-02-11 00:00:00+00:00,0.0
2018-02-12 00:00:00+00:00,6685317.0
2018-02-13 00:00:00+00:00,6685317.0
2018-02-14 00:00:00+00:00,6685317.0
2018-02-15 00:00:00+00:00,7335070.0
2018-02-16 00:00:00+00:00,11799306.0
2018-02-17 00:00:00+00:00,11799306.0
2018-02-18 00:00:00+00:00,11799306.0
2018-02-19 00:00:00+00:00,11799306.0
2018-02-20 00:00:00+00:00,11799306.0
2018-02-21 00:00:00+00:00,11620897.0
2018-02-22 00:00:00+00:00,9686994.0
2018-02-23 00:00:00+00:00,11924788.0
2018-02-24 00:00:00+00:00,11924788.0
2018-02-25 00:00:00+00:00,11924788.0
2018-02-26 00:00:00+00:00,11293138.0
2018-02-27 00:00:00+00:00,11293138.0
2018-02-28 00:00:00+00:00,18351636.0
2018-03-01 00:00:00+00:00,18351636.0
2018-03-02 00:00:00+00:00,18351636.0
2018-03-03 00:00:00+00:00,18351636.0
2018-03-04 00:00:00+00:00,18351636.0
2018-03-05 00:00:00+00:00,18351636.0
2018-03-06 00:00:00+00:00,15284730.0
2018-03-07 00:00:00+00:00,15284730.0
2018-03-08 00:00:00+00:00,14201508.0
2018-03-09 00:00:00+00:00,14201508.0
2018-03-10 00:00:00+00:00,14201508.0
2018-03-11 00:00:00+00:00,14201508.0
2018-03-12 00:00:00+00:00,14201508.0
2018-03-13 00:00:00+00:00,14201508.0
2018-03-14 00:00:00+00:00,14529180.0
2018-03-15 00:00:00+00:00,10883302.0
2018-03-16 00:00:00+00:00,10883302.0
2018-03-17 00:00:00+00:00,10883302.0
2018-03-18 00:00:00+00:00,10883302.0
2018-03-19 00:00:00+00:00,10883302.0
2018-03-20 00:00:00+00:00,10883302.0
2018-03-21 00:00:00+00:00,10883302.0
2018-03-22 00:00:00+00:00,10883302.0
2018-03-23 00:00:00+00:00,10883302.0
2018-03-24 00:00:00+00:00,10883302.0
2018-03-25 00:00:00+00:00,10883302.0
2018-03-26 00:00:00+00:00,10883302.0
2018-03-27 00:00:00+00:00,10883302.0
2018-03-28 00:00:00+00:00,10883302.0
2018-03-29 00:00:00+00:00,10975192.0
2018-03-30 00:00:00+00:00,8872233.0
2018-03-31 00:00:00+00:00,8872233.0
2018-04-01 00:00:00+00:00,8872233.0
2018-04-02 00:00:00+00:00,8872233.0
2018-04-03 00:00:00+00:00,8709109.0
2018-04-04 00:00:00+00:00,8709109.0
2018-04-05 00:00:00+00:00,8709109.0
2018-04-06 00:00:00+00:00,8994812.0
2018-04-07 00:00:00+00:00,11513795.0
2018-04-08 00:00:00+00:00,11513795.0
2018-04-09 00:00:00+00:00,11513795.0
2018-04-10 00:00:00+00:00,11513795.0
2018-04-11 00:00:00+00:00,11513795.0
2018-04-12 00:00:00+00:00,11513795.0
2018-04-13 00:00:00+00:00,11513795.0
2018-04-14 00:00:00+00:00,11599561.0
2018-04-15 00:00:00+00:00,11860237.0
2018-04-16 00:00:00+00:00,16745423.0
2018-04-17 00:00:00+00:00,16745423.0
2018-04-18 00:00:00+00:00,16745423.0
2018-04-19 00:00:00+00:00,16745423.0
2018-04-20 00:00:00+00:00,19173183.0
2018-04-21 00:00:00+00:00,19173183.0
2018-04-22 00:00:00+00:00,19557950.0
2018-04-23 00:00:00+00:00,21963401.0
2018-04-24 00:00:00+00:00,21963401.0
2018-04-25 00:00:00+00:00,21963401.0
2018-04-26 00:00:00+00:00,21963401.0
2018-04-27 00:00:00+00:00,22367479.0
2018-04-28 00:00:00+00:00,28948697.0
2018-04-29 00:00:00+00:00,28977326.0
2018-04-30 00:00:00+00:00,28969763.0
2018-05-01 00:00:00+00:00,28984307.0
2018-05-02 00:00:00+00:00,28977941.0
2018-05-03 00:00:00+00:00,35203792.0
2018-05-04 00:00:00+00:00,29514151.0
2018-05-05 00:00:00+00:00,29565821.0
2018-05-06 00:00:00+00:00,29590838.0
2018-05-07 00:00:00+00:00,29584982.0
2018-05-08 00:00:00+00:00,23996888.0
2018-05-09 00:00:00+00:00,24006329.0
2018-05-10 00:00:00+00:00,29220087.0
2018-05-11 00:00:00+00:00,29200576.0
2018-05-12 00:00:00+00:00,29180118.0
2018-05-13 00:00:00+00:00,29161024.0
2018-05-14 00:00:00+00:00,29172651.0
2018-05-15 00:00:00+00:00,29192404.0
2018-05-16 00:00:00+00:00,27637293.0
2018-05-17 00:00:00+00:00,27621514.0
2018-05-18 00:00:00+00:00,26702764.0
2018-05-19 00:00:00+00:00,30301579.0
2018-05-20 00:00:00+00:00,30305637.0
2018-05-21 00:00:00+00:00,30318592.0
2018-05-22 00:00:00+00:00,29046638.0
2018-05-23 00:00:00+00:00,29017571.0
2018-05-24 00:00:00+00:00,28956511.0
2018-05-25 00:00:00+00:00,28999900.0
2018-05-26 00:00:00+00:00,28971623.0
2018-05-27 00:00:00+00:00,24783617.0
2018-05-28 00:00:00+00:00,24794527.0
2018-05-29 00:00:00+00:00,24743844.0
2018-05-30 00:00:00+00:00,31952258.0
2018-05-31 00:00:00+00:00,31943323.0
2018-06-01 00:00:00+00:00,31963581.0
2018-06-02 00:00:00+00:00,31952510.0
2018-06-03 00:00:00+00:00,31986000.0
2018-06-04 00:00:00+00:00,30750887.0
2018-06-05 00:00:00+00:00,30741186.0
2018-06-06 00:00:00+00:00,30734367.0
2018-06-07 00:00:00+00:00,30749864.0
2018-06-08 00:00:00+00:00,30135166.0
2018-06-09 00:00:00+00:00,30137891.0
2018-06-10 00:00:00+00:00,30134960.0
2018-06-11 00:00:00+00:00,20200363.0
2018-06-12 00:00:00+00:00,20202458.0
2018-06-13 00:00:00+00:00,20177422.0
2018-06-14 00:00:00+00:00,20171150.0
2018-06-15 00:00:00+00:00,21673737.0
2018-06-16 00:00:00+00:00,21665463.0
2018-06-17 00:00:00+00:00,24002627.0
2018-06-18 00:00:00+00:00,24004364.0
2018-06-19 00:00:00+00:00,24031704.0
2018-06-20 00:00:00+00:00,24037291.0
2018-06-21 00:00:00+00:00,24045886.0
2018-06-22 00:00:00+00:00,23763827.0
2018-06-23 00:00:00+00:00,21165759.0
2018-06-24 00:00:00+00:00,21175105.0
2018-06-25 00:00:00+00:00,21162437.0
2018-06-26 00:00:00+00:00,21165475.0
2018-06-27 00:00:00+00:00,19744994.0
2018-06-28 00:00:00+00:00,19764441.0
2018-06-29 00:00:00+00:00,19771694.0
2018-06-30 00:00:00+00:00,22475278.0
2018-07-01 00:00:00+00:00,22483726.0
2018-07-02 00:00:00+00:00,22490475.0
2018-07-03 00:00:00+00:00,22513321.0
2018-07-04 00:00:00+00:00,22493042.0
2018-07-05 00:00:00+00:00,22510025.0
2018-07-06 00:00:00+00:00,22526670.0
2018-07-07 00:00:00+00:00,22495522.0
2018-07-08 00:00:00+00:00,25093689.0
2018-07-09 00:00:00+00:00,23126728.0
2018-07-10 00:00:00+00:00,19628038.0
2018-07-11 00:00:00+00:00,19573614.0
2018-07-12 00:00:00+00:00,19899688.0
2018-07-13 00:00:00+00:00,19890030.0
2018-07-14 00:00:00+00:00,19896837.0
2018-07-15 00:00:00+00:00,19888431.0
2018-07-16 00:00:00+00:00,19913834.0
2018-07-17 00:00:00+00:00,19929339.0
2018-07-18 00:00:00+00:00,19924898.0
2018-07-19 00:00:00+00:00,19894895.0
2018-07-20 00:00:00+00:00,20149827.0
2018-07-21 00:00:00+00:00,20590476.0
2018-07-22 00:00:00+00:00,20596340.0
2018-07-23 00:00:00+00:00,20605860.0
2018-07-24 00:00:00+00:00,20578762.0
2018-07-25 00:00:00+00:00,20265462.0
2018-07-26 00:00:00+00:00,20259382.0
2018-07-27 00:00:00+00:00,20250097.0
2018-07-28 00:00:00+00:00,17813102.0
2018-07-29 00:00:00+00:00,17815710.0
2018-07-30 00:00:00+00:00,17814972.0
2018-07-31 00:00:00+00:00,17810324.0
2018-08-01 00:00:00+00:00,17795180.0
2018-08-02 00:00:00+00:00,16575227.0
2018-08-03 00:00:00+00:00,16575865.0
2018-08-04 00:00:00+00:00,16174201.0
2018-08-05 00:00:00+00:00,16159086.0
2018-08-06 00:00:00+00:00,358439.0
2018-08-07 00:00:00+00:00,367117.0
2018-08-08 00:00:00+00:00,367758.0
2018-08-09 00:00:00+00:00,340001.0
2018-08-10 00:00:00+00:00,337587.0
2018-08-11 00:00:00+00:00,16800664.0
2018-08-12 00:00:00+00:00,16800809.0
2018-08-13 00:00:00+00:00,16533578.0
2018-08-14 00:00:00+00:00,16535473.0
2018-08-15 00:00:00+00:00,16534267.0
2018-08-16 00:00:00+00:00,16552382.0
2018-08-17 00:00:00+00:00,16562358.0
2018-08-18 00:00:00+00:00,16790597.0
2018-08-19 00:00:00+00:00,16788445.0
2018-08-20 00:00:00+00:00,16786536.0
2018-08-21 00:00:00+00:00,16782137.0
2018-08-22 00:00:00+00:00,16948572.0
2018-08-23 00:00:00+00:00,12059764.0
2018-08-24 00:00:00+00:00,14320257.0
2018-08-25 00:00:00+00:00,12189870.0
2018-08-26 00:00:00+00:00,13119602.0
2018-08-27 00:00:00+00:00,20787329.0
2018-08-28 00:00:00+00:00,21681043.0
2018-08-29 00:00:00+00:00,13842550.0
2018-08-30 00:00:00+00:00,13838204.0
2018-08-31 00:00:00+00:00,13826746.0
2018-09-01 00:00:00+00:00,33918185.0
2018-09-02 00:00:00+00:00,34461150.0
2018-09-03 00:00:00+00:00,34454043.0
2018-09-04 00:00:00+00:00,34394921.0
2018-09-05 00:00:00+00:00,34281081.0
2018-09-06 00:00:00+00:00,34141470.0
2018-09-07 00:00:00+00:00,31632459.0
2018-09-08 00:00:00+00:00,31627730.0
2018-09-09 00:00:00+00:00,31565234.0
2018-09-10 00:00:00+00:00,30914431.0
2018-09-11 00:00:00+00:00,32694805.0
2018-09-12 00:00:00+00:00,32416971.0
2018-09-13 00:00:00+00:00,32697437.0
2018-09-14 00:00:00+00:00,31981413.0
2018-09-15 00:00:00+00:00,17286027.0
2018-09-16 00:00:00+00:00,18181250.0
2018-09-17 00:00:00+00:00,16785441.0
2018-09-18 00:00:00+00:00,17156973.0
2018-09-19 00:00:00+00:00,17052370.0
2018-09-20 00:00:00+00:00,17295231.0
2018-09-21 00:00:00+00:00,17467378.0
2018-09-22 00:00:00+00:00,17735981.0
2018-09-23 00:00:00+00:00,12120894.0
2018-09-24 00:00:00+00:00,12001453.0
2018-09-25 00:00:00+00:00,10599223.0
2018-09-26 00:00:00+00:00,15541932.0
2018-09-27 00:00:00+00:00,11336827.0
2018-09-28 00:00:00+00:00,14120352.0
2018-09-29 00:00:00+00:00,15375082.0
2018-09-30 00:00:00+00:00,15840876.0
2018-10-01 00:00:00+00:00,16736615.0
2018-10-02 00:00:00+00:00,17016009.0
2018-10-03 00:00:00+00:00,16680954.0
2018-10-04 00:00:00+00:00,14741093.0
2018-10-05 00:00:00+00:00,15414443.0
2018-10-06 00:00:00+00:00,16097534.0
2018-10-07 00:00:00+00:00,15813653.0
2018-10-08 00:00:00+00:00,14055504.0
2018-10-09 00:00:00+00:00,14110331.0
2018-10-10 00:00:00+00:00,14232859.0
2018-10-11 00:00:00+00:00,14193284.0
2018-10-12 00:00:00+00:00,11928443.0
2018-10-13 00:00:00+00:00,12858389.0
2018-10-14 00:00:00+00:00,13118608.0
2018-10-15 00:00:00+00:00,13107525.0
2018-10-16 00:00:00+00:00,15120367.0
2018-10-17 00:00:00+00:00,14676038.0
2018-10-18 00:00:00+00:00,16459120.0
2018-10-19 00:00:00+00:00,15766661.0
2018-10-20 00:00:00+00:00,16173353.0
2018-10-21 00:00:00+00:00,15344886.0
2018-10-22 00:00:00+00:00,16626445.0
2018-10-23 00:00:00+00:00,17177485.0
2018-10-24 00:00:00+00:00,17060213.0
2018-10-25 00:00:00+00:00,17745805.0
2018-10-26 00:00:00+00:00,18335693.0
2018-10-27 00:00:00+00:00,16297339.0
2018-10-28 00:00:00+00:00,18124774.0
2018-10-29 00:00:00+00:00,18378903.0
2018-10-30 00:00:00+00:00,17137508.0
2018-10-31 00:00:00+00:00,15904405.0
2018-11-01 00:00:00+00:00,16170857.0
2018-11-02 00:00:00+00:00,16004698.0
2018-11-03 00:00:00+00:00,11825468.0
2018-11-04 00:00:00+00:00,18343307.0
2018-11-05 00:00:00+00:00,16132848.0
2018-11-06 00:00:00+00:00,16123521.0
2018-11-07 00:00:00+00:00,16610845.0
2018-11-08 00:00:00+00:00,16583198.0
2018-11-09 00:00:00+00:00,15826144.0
2018-11-10 00:00:00+00:00,15734245.0
2018-11-11 00:00:00+00:00,16062153.0
2018-11-12 00:00:00+00:00,15554185.0
2018-11-13 00:00:00+00:00,15761892.0
2018-11-14 00:00:00+00:00,15442880.0
2018-11-15 00:00:00+00:00,12952073.0
2018-11-16 00:00:00+00:00,12990309.0
2018-11-17 00:00:00+00:00,12813281.0
2018-11-18 00:00:00+00:00,12519141.0
2018-11-19 00:00:00+00:00,23183102.0
2018-11-20 00:00:00+00:00,10263670.0
2018-11-21 00:00:00+00:00,8741508.0
2018-11-22 00:00:00+00:00,9535385.0
2018-11-23 00:00:00+00:00,10694808.0
2018-11-24 00:00:00+00:00,10583791.0
2018-11-25 00:00:00+00:00,9642573.0
2018-11-26 00:00:00+00:00,10688756.0
2018-11-27 00:00:00+00:00,10013259.0
2018-11-28 00:00:00+00:00,11008664.0
2018-11-29 00:00:00+00:00,12544817.0
2018-11-30 00:00:00+00:00,12491893.0
2018-12-01 00:00:00+00:00,12166000.0
2018-12-02 00:00:00+00:00,13221851.0
2018-12-03 00:00:00+00:00,12384552.0
2018-12-04 00:00:00+00:00,10976654.0
2018-12-05 00:00:00+00:00,10974056.0
2018-12-06 00:00:00+00:00,9090091.0
2018-12-07 00:00:00+00:00,8277595.0
2018-12-08 00:00:00+00:00,8813639.0
2018-12-09 00:00:00+00:00,9296580.0
2018-12-10 00:00:00+00:00,8282530.0
2018-12-11 00:00:00+00:00,8164333.0
2018-12-12 00:00:00+00:00,8027331.0
2018-12-13 00:00:00+00:00,8382716.0
2018-12-14 00:00:00+00:00,7975874.0
2018-12-15 00:00:00+00:00,7395409.0
2018-12-16 00:00:00+00:00,7772209.0
2018-12-17 00:00:00+00:00,8236167.0
2018-12-18 00:00:00+00:00,9340631.0
2018-12-19 00:00:00+00:00,9786858.0
2018-12-20 00:00:00+00:00,9593244.0
2018-12-21 00:00:00+00:00,10845835.0
2018-12-22 00:00:00+00:00,11597399.0
2018-12-23 00:00:00+00:00,12002498.0
2018-12-24 00:00:00+00:00,13135497.0
2018-12-25 00:00:00+00:00,14344601.0
2018-12-26 00:00:00+00:00,13105091.0
2018-12-27 00:00:00+00:00,13964751.0
2018-12-28 00:00:00+00:00,12584979.0
2018-12-29 00:00:00+00:00,12995052.0
2018-12-30 00:00:00+00:00,4149781.0
2018-12-31 00:00:00+00:00,3926020.0
2019-01-01 00:00:00+00:00,3802744.0
2019-01-02 00:00:00+00:00,4008486.0
2019-01-03 00:00:00+00:00,5319596.0
2019-01-04 00:00:00+00:00,289570752.0
2019-01-05 00:00:00+00:00,304883618.0
2019-01-06 00:00:00+00:00,314016364.0
2019-01-07 00:00:00+00:00,302615159.0
2019-01-08 00:00:00+00:00,301528544.0
2019-01-09 00:00:00+00:00,294935504.0
2019-01-10 00:00:00+00:00,122685489.0
2019-01-11 00:00:00+00:00,260106725.0
2019-01-12 00:00:00+00:00,292940172.0
2019-01-13 00:00:00+00:00,260217997.0
2019-01-14 00:00:00+00:00,194196424.0
2019-01-15 00:00:00+00:00,263607393.0
2019-01-16 00:00:00+00:00,264927702.0
2019-01-17 00:00:00+00:00,270539227.0
2019-01-18 00:00:00+00:00,279843104.0
2019-01-19 00:00:00+00:00,246234892.0
2019-01-20 00:00:00+00:00,253866163.0
2019-01-21 00:00:00+00:00,250653941.0
2019-01-22 00:00:00+00:00,242704516.0
2019-01-23 00:00:00+00:00,238042263.0
2019-01-24 00:00:00+00:00,245751182.0
2019-01-25 00:00:00+00:00,243997393.0
2019-01-26 00:00:00+00:00,244144401.0
2019-01-27 00:00:00+00:00,247621419.0
2019-01-28 00:00:00+00:00,241999811.0
2019-01-29 00:00:00+00:00,113101993.0
2019-01-30 00:00:00+00:00,220276514.0
2019-01-31 00:00:00+00:00,224991272.0
2019-02-01 00:00:00+00:00,230868863.0
2019-02-02 00:00:00+00:00,229338297.0
2019-02-03 00:00:00+00:00,232341479.0
2019-02-04 00:00:00+00:00,232426627.0
2019-02-05 00:00:00+00:00,231779965.0
2019-02-06 00:00:00+00:00,233650015.0
2019-02-07 00:00:00+00:00,225717422.0
2019-02-08 00:00:00+00:00,231314639.0
2019-02-09 00:00:00+00:00,237932307.0
2019-02-10 00:00:00+00:00,263945502.0
2019-02-11 00:00:00+00:00,261409662.0
2019-02-12 00:00:00+00:00,266842887.0
2019-02-13 00:00:00+00:00,265032641.0
2019-02-14 00:00:00+00:00,270656042.0
2019-02-15 00:00:00+00:00,267234814.0
2019-02-16 00:00:00+00:00,279959533.0
2019-02-17 00:00:00+00:00,271616640.0
2019-02-18 00:00:00+00:00,284669961.0
2019-02-19 00:00:00+00:00,308871100.0
2019-02-20 00:00:00+00:00,328181470.0
2019-02-21 00:00:00+00:00,325575107.0
2019-02-22 00:00:00+00:00,325103155.0
2019-02-23 00:00:00+00:00,333555760.0
2019-02-24 00:00:00+00:00,335154182.0
2019-02-25 00:00:00+00:00,367148268.0
2019-02-26 00:00:00+00:00,313312485.0
2019-02-27 00:00:00+00:00,312348327.0
2019-02-28 00:00:00+00:00,315587243.0
2019-03-01 00:00:00+00:00,313264205.0
2019-03-02 00:00:00+00:00,317917225.0
2019-03-03 00:00:00+00:00,306928585.0
2019-03-04 00:00:00+00:00,308802967.0
2019-03-05 00:00:00+00:00,291872587.0
2019-03-06 00:00:00+00:00,299413989.0
2019-03-07 00:00:00+00:00,323339859.0
2019-03-08 00:00:00+00:00,325847315.0
2019-03-09 00:00:00+00:00,317686632.0
2019-03-10 00:00:00+00:00,327652303.0
2019-03-11 00:00:00+00:00,317114163.0
2019-03-12 00:00:00+00:00,314311842.0
2019-03-13 00:00:00+00:00,316017852.0
2019-03-14 00:00:00+00:00,310309736.0
2019-03-15 00:00:00+00:00,313273709.0
2019-03-16 00:00:00+00:00,319734544.0
2019-03-17 00:00:00+00:00,338848314.0
2019-03-18 00:00:00+00:00,338427917.0
2019-03-19 00:00:00+00:00,334112955.0
2019-03-20 00:00:00+00:00,331367254.0
2019-03-21 00:00:00+00:00,332058133.0
2019-03-22 00:00:00+00:00,329173533.0
2019-03-23 00:00:00+00:00,321656817.0
2019-03-24 00:00:00+00:00,324065528.0
2019-03-25 00:00:00+00:00,324888324.0
2019-03-26 00:00:00+00:00,319263059.0
2019-03-27 00:00:00+00:00,316212716.0
2019-03-28 00:00:00+00:00,331333288.0
2019-03-29 00:00:00+00:00,325149316.0
2019-03-30 00:00:00+00:00,334364887.0
2019-03-31 00:00:00+00:00,340535136.0
2019-04-01 00:00:00+00:00,337701754.0
2019-04-02 00:00:00+00:00,335250863.0
2019-04-03 00:00:00+00:00,366236322.0
2019-04-04 00:00:00+00:00,397580056.0
2019-04-05 00:00:00+00:00,382233613.0
2019-04-06 00:00:00+00:00,391714035.0
2019-04-07 00:00:00+00:00,391038985.0
2019-04-08 00:00:00+00:00,402160711.0
2019-04-09 00:00:00+00:00,422159412.0
2019-04-10 00:00:00+00:00,421201009.0
2019-04-11 00:00:00+00:00,431439729.0
2019-04-12 00:00:00+00:00,395146858.0
2019-04-13 00:00:00+00:00,396666901.0
2019-04-14 00:00:00+00:00,389297705.0
2019-04-15 00:00:00+00:00,389969859.0
2019-04-16 00:00:00+00:00,392816437.0
2019-04-17 00:00:00+00:00,383270419.0
2019-04-18 00:00:00+00:00,396528397.0
2019-04-19 00:00:00+00:00,402965067.0
2019-04-20 00:00:00+00:00,405717234.0
2019-04-21 00:00:00+00:00,399268586.0
2019-04-22 00:00:00+00:00,389058388.0
2019-04-23 00:00:00+00:00,396465156.0
2019-04-24 00:00:00+00:00,403778689.0
2019-04-25 00:00:00+00:00,379574360.0
2019-04-26 00:00:00+00:00,374166223.0
2019-04-27 00:00:00+00:00,358142236.0
2019-04-28 00:00:00+00:00,356347839.0
2019-04-29 00:00:00+00:00,360706733.0
2019-04-30 00:00:00+00:00,350720090.0
2019-05-01 00:00:00+00:00,366040359.0
2019-05-02 00:00:00+00:00,373150581.0
2019-05-03 00:00:00+00:00,366280821.0
2019-05-04 00:00:00+00:00,374710083.0
2019-05-05 00:00:00+00:00,369623355.0
2019-05-06 00:00:00+00:00,370720025.0
2019-05-07 00:00:00+00:00,371812432.0
2019-05-08 00:00:00+00:00,401884732.0
2019-05-09 00:00:00+00:00,381494784.0
2019-05-10 00:00:00+00:00,382347193.0
2019-05-11 00:00:00+00:00,379417947.0
2019-05-12 00:00:00+00:00,408271891.0
2019-05-13 00:00:00+00:00,412618171.0
2019-05-14 00:00:00+00:00,419161736.0
2019-05-15 00:00:00+00:00,447956743.0
2019-05-16 00:00:00+00:00,493000950.0
2019-05-17 00:00:00+00:00,499481561.0
2019-05-18 00:00:00+00:00,463518933.0
2019-05-19 00:00:00+00:00,473558178.0
2019-05-20 00:00:00+00:00,505820225.0
2019-05-21 00:00:00+00:00,496279202.0
2019-05-22 00:00:00+00:00,495087452.0
2019-05-23 00:00:00+00:00,497002142.0
2019-05-24 00:00:00+00:00,476495368.0
2019-05-25 00:00:00+00:00,494995333.0
2019-05-26 00:00:00+00:00,502451751.0
2019-05-27 00:00:00+00:00,487371992.0
2019-05-28 00:00:00+00:00,514872051.0
2019-05-29 00:00:00+00:00,498987033.0
2019-05-30 00:00:00+00:00,494627934.0
2019-05-31 00:00:00+00:00,512537933.0
2019-06-01 00:00:00+00:00,472847399.0
2019-06-02 00:00:00+00:00,497830025.0
2019-06-03 00:00:00+00:00,500127190.0
2019-06-04 00:00:00+00:00,485851448.0
2019-06-05 00:00:00+00:00,455464631.0
2019-06-06 00:00:00+00:00,458331950.0
2019-06-07 00:00:00+00:00,461237618.0
2019-06-08 00:00:00+00:00,465315261.0
2019-06-09 00:00:00+00:00,465711379.0
2019-06-10 00:00:00+00:00,456916372.0
2019-06-11 00:00:00+00:00,458463024.0
2019-06-12 00:00:00+00:00,452611499.0
2019-06-13 00:00:00+00:00,470698244.0
2019-06-14 00:00:00+00:00,481696600.0
2019-06-15 00:00:00+00:00,480287425.0
2019-06-16 00:00:00+00:00,491502339.0
2019-06-17 00:00:00+00:00,505563829.0
2019-06-18 00:00:00+00:00,508648762.0
2019-06-19 00:00:00+00:00,500888028.0
2019-06-20 00:00:00+00:00,499846692.0
2019-06-21 00:00:00+00:00,503507244.0
2019-06-22 00:00:00+00:00,540552020.0
2019-06-23 00:00:00+00:00,568785450.0
2019-06-24 00:00:00+00:00,567445764.0
2019-06-25 00:00:00+00:00,573143459.0
2019-06-26 00:00:00+00:00,568708212.0
2019-06-27 00:00:00+00:00,591078274.0
2019-06-28 00:00:00+00:00,552910720.0
2019-06-29 00:00:00+00:00,543051020.0
2019-06-30 00:00:00+00:00,542532241.0
2019-07-01 00:00:00+00:00,531461064.0
2019-07-02 00:00:00+00:00,525350725.0
2019-07-03 00:00:00+00:00,502883500.0
2019-07-04 00:00:00+00:00,530495517.0
2019-07-05 00:00:00+00:00,534615690.0
2019-07-06 00:00:00+00:00,532710865.0
2019-07-07 00:00:00+00:00,524221247.0
2019-07-08 00:00:00+00:00,534477607.0
2019-07-09 00:00:00+00:00,560331576.0
2019-07-10 00:00:00+00:00,563890234.0
2019-07-11 00:00:00+00:00,551630909.0
2019-07-12 00:00:00+00:00,502577319.0
2019-07-13 00:00:00+00:00,506751356.0
2019-07-14 00:00:00+00:00,492044116.0
2019-07-15 00:00:00+00:00,454555786.0
2019-07-16 00:00:00+00:00,451334563.0
2019-07-17 00:00:00+00:00,461975687.0
2019-07-18 00:00:00+00:00,443736851.0
2019-07-19 00:00:00+00:00,436985774.0
2019-07-20 00:00:00+00:00,437208909.0
2019-07-21 00:00:00+00:00,452675725.0
2019-07-22 00:00:00+00:00,487291800.0
2019-07-23 00:00:00+00:00,434230255.0
2019-07-24 00:00:00+00:00,409186274.0
2019-07-25 00:00:00+00:00,448443317.0
2019-07-26 00:00:00+00:00,428073197.0
2019-07-27 00:00:00+00:00,422243898.0
2019-07-28 00:00:00+00:00,402767290.0
2019-07-29 00:00:00+00:00,407166104.0
2019-07-30 00:00:00+00:00,406781868.0
2019-07-31 00:00:00+00:00,408697642.0
2019-08-01 00:00:00+00:00,417633282.0
2019-08-02 00:00:00+00:00,418221061.0
2019-08-03 00:00:00+00:00,428073353.0
2019-08-04 00:00:00+00:00,431471834.0
2019-08-05 00:00:00+00:00,429764804.0
2019-08-06 00:00:00+00:00,454195125.0
2019-08-07 00:00:00+00:00,436040933.0
2019-08-08 00:00:00+00:00,433419583.0
2019-08-09 00:00:00+00:00,452962074.0
2019-08-10 00:00:00+00:00,436374290.0
2019-08-11 00:00:00+00:00,428714829.0
2019-08-12 00:00:00+00:00,441895509.0
2019-08-13 00:00:00+00:00,442896825.0
2019-08-14 00:00:00+00:00,451379386.0
2019-08-15 00:00:00+00:00,433576742.0
2019-08-16 00:00:00+00:00,412932231.0
2019-08-17 00:00:00+00:00,417466602.0
2019-08-18 00:00:00+00:00,416010185.0
2019-08-19 00:00:00+00:00,431515559.0
2019-08-20 00:00:00+00:00,452669640.0
2019-08-21 00:00:00+00:00,443632021.0
2019-08-22 00:00:00+00:00,431246765.0
2019-08-23 00:00:00+00:00,430470024.0
2019-08-24 00:00:00+00:00,435344422.0
2019-08-25 00:00:00+00:00,434835163.0
2019-08-26 00:00:00+00:00,436731046.0
2019-08-27 00:00:00+00:00,435634766.0
2019-08-28 00:00:00+00:00,438418831.0
2019-08-29 00:00:00+00:00,434881647.0
2019-08-30 00:00:00+00:00,420084933.0
2019-08-31 00:00:00+00:00,419174143.0
2019-09-01 00:00:00+00:00,414229850.0
2019-09-02 00:00:00+00:00,419822865.0
2019-09-03 00:00:00+00:00,427393987.0
2019-09-04 00:00:00+00:00,446062511.0
2019-09-05 00:00:00+00:00,441680361.0
2019-09-06 00:00:00+00:00,430397388.0
2019-09-07 00:00:00+00:00,432542951.0
2019-09-08 00:00:00+00:00,431670284.0
2019-09-09 00:00:00+00:00,444064062.0
2019-09-10 00:00:00+00:00,454119915.0
2019-09-11 00:00:00+00:00,448765165.0
2019-09-12 00:00:00+00:00,448360732.0
2019-09-13 00:00:00+00:00,453065654.0
2019-09-14 00:00:00+00:00,449959697.0
2019-09-15 00:00:00+00:00,448075648.0
2019-09-16 00:00:00+00:00,476918786.0
2019-09-17 00:00:00+00:00,490743644.0
2019-09-18 00:00:00+00:00,504647334.0
2019-09-19 00:00:00+00:00,524619550.0
2019-09-20 00:00:00+00:00,521270612.0
2019-09-21 00:00:00+00:00,534853682.0
2019-09-22 00:00:00+00:00,531410497.0
2019-09-23 00:00:00+00:00,521089432.0
2019-09-24 00:00:00+00:00,513747689.0
2019-09-25 00:00:00+00:00,473798880.0
2019-09-26 00:00:00+00:00,429765681.0
2019-09-27 00:00:00+00:00,448885279.0
2019-09-28 00:00:00+00:00,448305047.0
2019-09-29 00:00:00+00:00,459055196.0
2019-09-30 00:00:00+00:00,449392756.0
2019-10-01 00:00:00+00:00,460478737.0
2019-10-02 00:00:00+00:00,468467860.0
2019-10-03 00:00:00+00:00,469759575.0
2019-10-04 00:00:00+00:00,464886362.0
2019-10-05 00:00:00+00:00,464292908.0
2019-10-06 00:00:00+00:00,458924231.0
2019-10-07 00:00:00+00:00,457835664.0
2019-10-08 00:00:00+00:00,469556828.0
2019-10-09 00:00:00+00:00,479618450.0
2019-10-10 00:00:00+00:00,497798465.0
2019-10-11 00:00:00+00:00,507867466.0
2019-10-12 00:00:00+00:00,495437951.0
2019-10-13 00:00:00+00:00,491387221.0
2019-10-14 00:00:00+00:00,495508497.0
2019-10-15 00:00:00+00:00,494457857.0
2019-10-16 00:00:00+00:00,491295305.0
2019-10-17 00:00:00+00:00,485289283.0
2019-10-18 00:00:00+00:00,488902927.0
2019-10-19 00:00:00+00:00,483195757.0
2019-10-20 00:00:00+00:00,484359011.0
2019-10-21 00:00:00+00:00,482779013.0
2019-10-22 00:00:00+00:00,501495158.0
2019-10-23 00:00:00+00:00,501612538.0
2019-10-24 00:00:00+00:00,504293040.0
2019-10-25 00:00:00+00:00,487781757.0
2019-10-26 00:00:00+00:00,536564631.0
2019-10-27 00:00:00+00:00,552363304.0
2019-10-28 00:00:00+00:00,585884484.0
2019-10-29 00:00:00+00:00,591157220.0
2019-10-30 00:00:00+00:00,598073585.0
2019-10-31 00:00:00+00:00,579395203.0
2019-11-01 00:00:00+00:00,558561779.0
2019-11-02 00:00:00+00:00,557071114.0
2019-11-03 00:00:00+00:00,557849668.0
2019-11-04 00:00:00+00:00,555886499.0
2019-11-05 00:00:00+00:00,592041728.0
2019-11-06 00:00:00+00:00,595937674.0
2019-11-07 00:00:00+00:00,597909996.0
2019-11-08 00:00:00+00:00,586054174.0
2019-11-09 00:00:00+00:00,600199426.0
2019-11-10 00:00:00+00:00,599493501.0
2019-11-11 00:00:00+00:00,583384591.0
2019-11-12 00:00:00+00:00,598450857.0
2019-11-13 00:00:00+00:00,604460707.0
2019-11-14 00:00:00+00:00,601074950.0
2019-11-15 00:00:00+00:00,596137614.0
2019-11-16 00:00:00+00:00,573659308.0
2019-11-17 00:00:00+00:00,583648172.0
2019-11-18 00:00:00+00:00,599124673.0
2019-11-19 00:00:00+00:00,608190626.0
2019-11-20 00:00:00+00:00,606769946.0
2019-11-21 00:00:00+00:00,605215546.0
2019-11-22 00:00:00+00:00,602025708.0
2019-11-23 00:00:00+00:00,568695755.0
2019-11-24 00:00:00+00:00,574619036.0
2019-11-25 00:00:00+00:00,588834677.0
2019-11-26 00:00:00+00:00,598978707.0
2019-11-27 00:00:00+00:00,614130077.0
2019-11-28 00:00:00+00:00,645973332.0
2019-11-29 00:00:00+00:00,646738314.0
2019-11-30 00:00:00+00:00,623022852.0
2019-12-01 00:00:00+00:00,618998157.0
2019-12-02 00:00:00+00:00,592530843.0
2019-12-03 00:00:00+00:00,624871193.0
2019-12-04 00:00:00+00:00,619422598.0
2019-12-05 00:00:00+00:00,616758251.0
2019-12-06 00:00:00+00:00,614418082.0
2019-12-07 00:00:00+00:00,607765633.0
2019-12-08 00:00:00+00:00,606638338.0
2019-12-09 00:00:00+00:00,630375654.0
2019-12-10 00:00:00+00:00,627975429.0
2019-12-11 00:00:00+00:00,608680182.0
2019-12-12 00:00:00+00:00,607080709.0
2019-12-13 00:00:00+00:00,617521228.0
2019-12-14 00:00:00+00:00,611408968.0
2019-12-15 00:00:00+00:00,613549511.0
2019-12-16 00:00:00+00:00,623841597.0
2019-12-17 00:00:00+00:00,614464203.0
2019-12-18 00:00:00+00:00,582714940.0
2019-12-19 00:00:00+00:00,574674054.0
2019-12-20 00:00:00+00:00,592958634.0
2019-12-21 00:00:00+00:00,596259664.0
2019-12-22 00:00:00+00:00,597689907.0
2019-12-23 00:00:00+00:00,609592628.0
2019-12-24 00:00:00+00:00,614842712.0
2019-12-25 00:00:00+00:00,604710916.0
2019-12-26 00:00:00+00:00,594297587.0
2019-12-27 00:00:00+00:00,589013702.0
2019-12-28 00:00:00+00:00,585762476.0
2019-12-29 00:00:00+00:00,594827274.0
2019-12-30 00:00:00+00:00,603662457.0
2019-12-31 00:00:00+00:00,609578786.0
2020-01-01 00:00:00+00:00,606094144.0
2020-01-02 00:00:00+00:00,605260224.0
2020-01-03 00:00:00+00:00,599700961.0
2020-01-04 00:00:00+00:00,609194464.0
2020-01-05 00:00:00+00:00,608225875.0
2020-01-06 00:00:00+00:00,610140084.0
2020-01-07 00:00:00+00:00,609488563.0
2020-01-08 00:00:00+00:00,616940071.0
2020-01-09 00:00:00+00:00,627337915.0
2020-01-10 00:00:00+00:00,591002739.0
2020-01-11 00:00:00+00:00,585697860.0
2020-01-12 00:00:00+00:00,615427563.0
2020-01-13 00:00:00+00:00,619481866.0
2020-01-14 00:00:00+00:00,627897116.0
2020-01-15 00:00:00+00:00,677754524.0
2020-01-16 00:00:00+00:00,700335339.0
2020-01-17 00:00:00+00:00,704767165.0
2020-01-18 00:00:00+00:00,729580177.0
2020-01-19 00:00:00+00:00,720435461.0
2020-01-20 00:00:00+00:00,700193516.0
2020-01-21 00:00:00+00:00,698828005.0
2020-01-22 00:00:00+00:00,728094072.0
2020-01-23 00:00:00+00:00,717928005.0
2020-01-24 00:00:00+00:00,698880694.0
2020-01-25 00:00:00+00:00,694165601.0
2020-01-26 00:00:00+00:00,701940467.0
2020-01-27 00:00:00+00:00,709907244.0
2020-01-28 00:00:00+00:00,745635194.0
2020-01-29 00:00:00+00:00,760463093.0
2020-01-30 00:00:00+00:00,772944085.0
2020-01-31 00:00:00+00:00,781557542.0
2020-02-01 00:00:00+00:00,794204774.0
2020-02-02 00:00:00+00:00,804187470.0
2020-02-03 00:00:00+00:00,814154940.0
2020-02-04 00:00:00+00:00,808800998.0
2020-02-05 00:00:00+00:00,805940611.0
2020-02-06 00:00:00+00:00,838588758.0
2020-02-07 00:00:00+00:00,878624778.0
2020-02-08 00:00:00+00:00,891727770.0
2020-02-09 00:00:00+00:00,901519597.0
2020-02-10 00:00:00+00:00,889444973.0
2020-02-11 00:00:00+00:00,882783893.0
2020-02-12 00:00:00+00:00,896848641.0
2020-02-13 00:00:00+00:00,987054648.0
2020-02-14 00:00:00+00:00,1011705815.0
2020-02-15 00:00:00+00:00,1045119349.0
2020-02-16 00:00:00+00:00,1041206488.0
2020-02-17 00:00:00+00:00,1003854491.0
2020-02-18 00:00:00+00:00,968978260.0
2020-02-19 00:00:00+00:00,1032769866.0
2020-02-20 00:00:00+00:00,956123481.0
2020-02-21 00:00:00+00:00,896019923.0
2020-02-22 00:00:00+00:00,914739349.0
2020-02-23 00:00:00+00:00,921830239.0
2020-02-24 00:00:00+00:00,945222348.0
2020-02-25 00:00:00+00:00,937314876.0
2020-02-26 00:00:00+00:00,895231268.0
2020-02-27 00:00:00+00:00,835945023.0
2020-02-28 00:00:00+00:00,829811516.0
2020-02-29 00:00:00+00:00,811948702.0
2020-03-01 00:00:00+00:00,828293436.0
2020-03-02 00:00:00+00:00,815453026.0
2020-03-03 00:00:00+00:00,818795704.0
2020-03-04 00:00:00+00:00,833516907.0
2020-03-05 00:00:00+00:00,813432960.0
2020-03-06 00:00:00+00:00,824903310.0
2020-03-07 00:00:00+00:00,850504891.0
2020-03-08 00:00:00+00:00,849998127.0
2020-03-09 00:00:00+00:00,781909022.0
2020-03-10 00:00:00+00:00,752107406.0
2020-03-11 00:00:00+00:00,770000473.0
2020-03-12 00:00:00+00:00,665641906.0
2020-03-13 00:00:00+00:00,525851096.0
2020-03-14 00:00:00+00:00,514778002.0
2020-03-15 00:00:00+00:00,484409708.0
2020-03-16 00:00:00+00:00,448184299.0
2020-03-17 00:00:00+00:00,434318818.0
2020-03-18 00:00:00+00:00,448529183.0
2020-03-19 00:00:00+00:00,445124343.0
2020-03-20 00:00:00+00:00,493642228.0
2020-03-21 00:00:00+00:00,517392587.0
2020-03-22 00:00:00+00:00,497837898.0
2020-03-23 00:00:00+00:00,476912091.0
2020-03-24 00:00:00+00:00,486317736.0
2020-03-25 00:00:00+00:00,526959232.0
2020-03-26 00:00:00+00:00,517665933.0
2020-03-27 00:00:00+00:00,527549814.0
2020-03-28 00:00:00+00:00,524942287.0
2020-03-29 00:00:00+00:00,509393752.0
2020-03-30 00:00:00+00:00,510937039.0
2020-03-31 00:00:00+00:00,534587501.0
2020-04-01 00:00:00+00:00,538376176.0
2020-04-02 00:00:00+00:00,538121598.0
2020-04-03 00:00:00+00:00,565868243.0
2020-04-04 00:00:00+00:00,579280022.0
2020-04-05 00:00:00+00:00,570503410.0
2020-04-06 00:00:00+00:00,578239979.0
2020-04-07 00:00:00+00:00,622290272.0
2020-04-08 00:00:00+00:00,648123516.0
2020-04-09 00:00:00+00:00,630582424.0
2020-04-10 00:00:00+00:00,612384324.0
2020-04-11 00:00:00+00:00,593146674.0
2020-04-12 00:00:00+00:00,590214308.0
2020-04-13 00:00:00+00:00,592889060.0
2020-04-14 00:00:00+00:00,585622688.0
2020-04-15 00:00:00+00:00,591940943.0
2020-04-16 00:00:00+00:00,589390639.0
2020-04-17 00:00:00+00:00,629864634.0
2020-04-18 00:00:00+00:00,631315771.0
2020-04-19 00:00:00+00:00,658672689.0
2020-04-20 00:00:00+00:00,673284351.0
2020-04-21 00:00:00+00:00,665322178.0
2020-04-22 00:00:00+00:00,648423966.0
2020-04-23 00:00:00+00:00,669961677.0
2020-04-24 00:00:00+00:00,677058240.0
2020-04-25 00:00:00+00:00,683790122.0
2020-04-26 00:00:00+00:00,697930185.0
2020-04-27 00:00:00+00:00,723367214.0
2020-04-28 00:00:00+00:00,726227203.0
2020-04-29 00:00:00+00:00,732488794.0
2020-04-30 00:00:00+00:00,772360887.0
2020-05-01 00:00:00+00:00,765956063.0
2020-05-02 00:00:00+00:00,774303515.0
2020-05-03 00:00:00+00:00,793233429.0
2020-05-04 00:00:00+00:00,786270882.0
2020-05-05 00:00:00+00:00,754711227.0
2020-05-06 00:00:00+00:00,785362345.0
2020-05-07 00:00:00+00:00,795877326.0
2020-05-08 00:00:00+00:00,789611280.0
2020-05-09 00:00:00+00:00,807345499.0
2020-05-10 00:00:00+00:00,809266700.0
2020-05-11 00:00:00+00:00,751449462.0
2020-05-12 00:00:00+00:00,734853380.0
2020-05-13 00:00:00+00:00,743554850.0
2020-05-14 00:00:00+00:00,737648893.0
2020-05-15 00:00:00+00:00,760291679.0
2020-05-16 00:00:00+00:00,748519705.0
2020-05-17 00:00:00+00:00,759319991.0
2020-05-18 00:00:00+00:00,765698808.0
2020-05-19 00:00:00+00:00,796586790.0
2020-05-20 00:00:00+00:00,848818461.0
2020-05-21 00:00:00+00:00,859440046.0
2020-05-22 00:00:00+00:00,927458857.0
2020-05-23 00:00:00+00:00,946957818.0
2020-05-24 00:00:00+00:00,964696124.0
2020-05-25 00:00:00+00:00,1031837852.0
2020-05-26 00:00:00+00:00,1015096606.0
2020-05-27 00:00:00+00:00,1015173402.0
2020-05-28 00:00:00+00:00,1016543784.0
2020-05-29 00:00:00+00:00,1006153995.0
2020-05-30 00:00:00+00:00,1039114993.0
2020-05-31 00:00:00+00:00,1112407974.0
2020-06-01 00:00:00+00:00,1121979351.0
2020-06-02 00:00:00+00:00,1110832737.0
2020-06-03 00:00:00+00:00,1143074522.0
2020-06-04 00:00:00+00:00,1130992824.0
2020-06-05 00:00:00+00:00,1160807886.0
2020-06-06 00:00:00+00:00,1161358494.0
2020-06-07 00:00:00+00:00,1161112973.0
2020-06-08 00:00:00+00:00,1159243363.0
2020-06-09 00:00:00+00:00,1180232483.0
2020-06-10 00:00:00+00:00,1148001962.0
2020-06-11 00:00:00+00:00,1149302768.0
2020-06-12 00:00:00+00:00,1174277595.0
2020-06-13 00:00:00+00:00,1172085836.0
2020-06-14 00:00:00+00:00,1155262998.0
2020-06-15 00:00:00+00:00,1122814007.0
2020-06-16 00:00:00+00:00,1120783231.0
2020-06-17 00:00:00+00:00,1261855482.0
2020-06-18 00:00:00+00:00,1311714166.0
2020-06-19 00:00:00+00:00,1402944332.0
2020-06-20 00:00:00+00:00,1528633518.0
2020-06-21 00:00:00+00:00,1622152187.0
2020-06-22 00:00:00+00:00,1695038718.0
2020-06-23 00:00:00+00:00,1724783252.0
2020-06-24 00:00:00+00:00,1801595304.0
2020-06-25 00:00:00+00:00,1850099176.0
2020-06-26 00:00:00+00:00,1861253613.0
2020-06-27 00:00:00+00:00,1877031965.0
2020-06-28 00:00:00+00:00,1873791062.0
2020-06-29 00:00:00+00:00,1888069934.0
2020-06-30 00:00:00+00:00,1872825126.0
2020-07-01 00:00:00+00:00,1878200873.0
2020-07-02 00:00:00+00:00,1966393615.0
2020-07-03 00:00:00+00:00,1986089301.0
2020-07-04 00:00:00+00:00,2028952412.0
2020-07-05 00:00:00+00:00,2080326275.0
2020-07-06 00:00:00+00:00,2107698948.0
2020-07-07 00:00:00+00:00,2186377283.0
2020-07-08 00:00:00+00:00,2277134110.0
2020-07-09 00:00:00+00:00,2344272196.0
2020-07-10 00:00:00+00:00,2345339281.0
2020-07-11 00:00:00+00:00,2335372347.0
2020-07-12 00:00:00+00:00,2381909438.0
2020-07-13 00:00:00+00:00,2405145610.0
2020-07-14 00:00:00+00:00,2373216308.0
2020-07-15 00:00:00+00:00,2399389272.0
2020-07-16 00:00:00+00:00,2416016932.0
2020-07-17 00:00:00+00:00,2466213689.0
2020-07-18 00:00:00+00:00,2511681996.0
2020-07-19 00:00:00+00:00,2556708312.0
2020-07-20 00:00:00+00:00,2800678652.0
2020-07-21 00:00:00+00:00,2953665801.0
2020-07-22 00:00:00+00:00,3102976230.0
2020-07-23 00:00:00+00:00,3210283040.0
2020-07-24 00:00:00+00:00,3429566186.0
2020-07-25 00:00:00+00:00,3465839862.0
2020-07-26 00:00:00+00:00,3475945440.0
2020-07-27 00:00:00+00:00,3406415752.0
2020-07-28 00:00:00+00:00,3432376503.0
2020-07-29 00:00:00+00:00,3407966596.0
2020-07-30 00:00:00+00:00,3533493546.0
2020-07-31 00:00:00+00:00,3634206226.0
2020-08-01 00:00:00+00:00,3858868761.0
2020-08-02 00:00:00+00:00,3884724135.0
2020-08-03 00:00:00+00:00,3945925232.0
2020-08-04 00:00:00+00:00,4072008459.0
2020-08-05 00:00:00+00:00,4208044914.0
2020-08-06 00:00:00+00:00,4254710597.0
2020-08-07 00:00:00+00:00,4227067054.0
2020-08-08 00:00:00+00:00,4253854752.0
2020-08-09 00:00:00+00:00,4376544143.0
2020-08-10 00:00:00+00:00,4519729655.0
2020-08-11 00:00:00+00:00,4509984761.0
2020-08-12 00:00:00+00:00,4528922716.0
2020-08-13 00:00:00+00:00,4484096235.0
2020-08-14 00:00:00+00:00,4698305874.0
2020-08-15 00:00:00+00:00,5742780537.0
2020-08-16 00:00:00+00:00,5875667943.0
2020-08-17 00:00:00+00:00,6111536223.0
2020-08-18 00:00:00+00:00,6254351368.0
2020-08-19 00:00:00+00:00,6189950089.0
2020-08-20 00:00:00+00:00,6271010444.0
2020-08-21 00:00:00+00:00,6395750615.0
2020-08-22 00:00:00+00:00,6251364973.0
2020-08-23 00:00:00+00:00,6399292944.0
2020-08-24 00:00:00+00:00,6418655113.0
2020-08-25 00:00:00+00:00,6611580781.0
2020-08-26 00:00:00+00:00,6753876334.0
2020-08-27 00:00:00+00:00,6999341442.0
2020-08-28 00:00:00+00:00,7091714551.0
2020-08-29 00:00:00+00:00,7544248432.0
2020-08-30 00:00:00+00:00,7806711009.0
2020-08-31 00:00:00+00:00,8228174281.0
2020-09-01 00:00:00+00:00,8619617581.0
2020-09-02 00:00:00+00:00,9321501521.0
2020-09-03 00:00:00+00:00,9181879140.0
2020-09-04 00:00:00+00:00,8752004396.0
2020-09-05 00:00:00+00:00,8786304212.0
2020-09-06 00:00:00+00:00,7498136402.0
2020-09-07 00:00:00+00:00,7714681883.0
2020-09-08 00:00:00+00:00,7740831221.0
2020-09-09 00:00:00+00:00,8714715453.0
2020-09-10 00:00:00+00:00,7772319558.0
2020-09-11 00:00:00+00:00,8847064369.0
2020-09-12 00:00:00+00:00,8454849375.0
2020-09-13 00:00:00+00:00,8001109500.0
2020-09-14 00:00:00+00:00,8328354871.0
2020-09-15 00:00:00+00:00,8473293522.0
2020-09-16 00:00:00+00:00,8369595591.0
2020-09-17 00:00:00+00:00,8072461835.0
2020-09-18 00:00:00+00:00,8650195635.0
2020-09-19 00:00:00+00:00,9191253818.0
2020-09-20 00:00:00+00:00,9857639737.0
2020-09-21 00:00:00+00:00,9985862237.0
2020-09-22 00:00:00+00:00,9405484021.0
2020-09-23 00:00:00+00:00,9412592219.0
2020-09-24 00:00:00+00:00,9486242852.0
2020-09-25 00:00:00+00:00,9780502946.0
2020-09-26 00:00:00+00:00,10018615558.0
2020-09-27 00:00:00+00:00,10276061677.0
2020-09-28 00:00:00+00:00,10271126479.0
2020-09-29 00:00:00+00:00,10344660312.0
2020-09-30 00:00:00+00:00,10255968735.0
2020-10-01 00:00:00+00:00,10189815436.0
2020-10-02 00:00:00+00:00,10077920424.0
2020-10-03 00:00:00+00:00,9787938573.0
2020-10-04 00:00:00+00:00,9894204893.0
2020-10-05 00:00:00+00:00,9856285442.0
2020-10-06 00:00:00+00:00,9670812087.0
2020-10-07 00:00:00+00:00,9233657822.0
2020-10-08 00:00:00+00:00,9091982390.0
2020-10-09 00:00:00+00:00,9353090638.0
2020-10-10 00:00:00+00:00,9791456818.0
2020-10-11 00:00:00+00:00,9879458510.0
2020-10-12 00:00:00+00:00,9965526610.0
2020-10-13 00:00:00+00:00,10028562681.0
2020-10-14 00:00:00+00:00,10081186032.0
2020-10-15 00:00:00+00:00,9979183498.0
2020-10-16 00:00:00+00:00,9901837191.0
2020-10-17 00:00:00+00:00,9736937667.0
2020-10-18 00:00:00+00:00,9711314690.0
2020-10-19 00:00:00+00:00,9813662335.0
2020-10-20 00:00:00+00:00,9783309265.0
2020-10-21 00:00:00+00:00,9604294289.0
2020-10-22 00:00:00+00:00,9729751355.0
2020-10-23 00:00:00+00:00,9943233191.0
2020-10-24 00:00:00+00:00,9985780396.0
2020-10-25 00:00:00+00:00,10095548120.0
2020-10-26 00:00:00+00:00,10288612976.0
2020-10-27 00:00:00+00:00,9829773964.0
2020-10-28 00:00:00+00:00,10039295752.0
2020-10-29 00:00:00+00:00,9994071219.0
2020-10-30 00:00:00+00:00,9788790799.0
2020-10-31 00:00:00+00:00,9713998499.0
2020-11-01 00:00:00+00:00,9840231301.0
2020-11-02 00:00:00+00:00,9849563308.0
2020-11-03 00:00:00+00:00,9590990961.0
2020-11-04 00:00:00+00:00,9580184034.0
2020-11-05 00:00:00+00:00,9674998874.0
2020-11-06 00:00:00+00:00,10056049514.0
2020-11-07 00:00:00+00:00,10564642183.0
2020-11-08 00:00:00+00:00,10591672889.0
2020-11-09 00:00:00+00:00,10921405852.0
2020-11-10 00:00:00+00:00,11307521916.0
2020-11-11 00:00:00+00:00,11506056588.0
2020-11-12 00:00:00+00:00,11732242803.0
2020-11-13 00:00:00+00:00,11743171827.0
2020-11-14 00:00:00+00:00,11945740146.0
2020-11-15 00:00:00+00:00,11917133098.0
2020-11-16 00:00:00+00:00,11929585186.0
2020-11-17 00:00:00+00:00,12676335196.0
2020-11-18 00:00:00+00:00,11623633752.0
2020-11-19 00:00:00+00:00,11701268206.0
2020-11-20 00:00:00+00:00,11925610451.0
2020-11-21 00:00:00+00:00,12343654925.0
2020-11-22 00:00:00+00:00,12425145626.0
2020-11-23 00:00:00+00:00,12072889055.0
2020-11-24 00:00:00+00:00,12590352291.0
2020-11-25 00:00:00+00:00,12481376238.0
2020-11-26 00:00:00+00:00,12120286684.0
2020-11-27 00:00:00+00:00,11258348141.0
2020-11-28 00:00:00+00:00,11279140763.0
2020-11-29 00:00:00+00:00,11697386004.0
2020-11-30 00:00:00+00:00,12379113315.0
2020-12-01 00:00:00+00:00,12858519119.0
2020-12-02 00:00:00+00:00,12821247165.0
2020-12-03 00:00:00+00:00,13004164054.0
2020-12-04 00:00:00+00:00,13005758683.0
2020-12-05 00:00:00+00:00,12662992586.0
2020-12-06 00:00:00+00:00,12976818980.0
2020-12-07 00:00:00+00:00,13000810989.0
2020-12-08 00:00:00+00:00,13018964101.0
2020-12-09 00:00:00+00:00,12649783961.0
2020-12-10 00:00:00+00:00,12649272823.0
2020-12-11 00:00:00+00:00,12357456727.0
2020-12-12 00:00:00+00:00,12274200585.0
2020-12-13 00:00:00+00:00,12735186118.0
2020-12-14 00:00:00+00:00,13013165439.0
2020-12-15 00:00:00+00:00,13130543199.0
2020-12-16 00:00:00+00:00,13377875736.0
2020-12-17 00:00:00+00:00,13578609392.0
2020-12-18 00:00:00+00:00,13948881541.0
2020-12-19 00:00:00+00:00,14151110625.0
2020-12-20 00:00:00+00:00,14301548793.0
2020-12-21 00:00:00+00:00,13949449177.0
2020-12-22 00:00:00+00:00,13754538445.0
2020-12-23 00:00:00+00:00,14089854673.0
2020-12-24 00:00:00+00:00,13765544917.0
2020-12-25 00:00:00+00:00,13982719164.0
2020-12-26 00:00:00+00:00,14528594706.0
2020-12-27 00:00:00+00:00,14575165502.0
2020-12-28 00:00:00+00:00,14817825566.0
2020-12-29 00:00:00+00:00,15527963018.0
2020-12-30 00:00:00+00:00,15245796508.0
2020-12-31 00:00:00+00:00,15142173763.0
2021-01-01 00:00:00+00:00,15329839181.0
2021-01-02 00:00:00+00:00,15589902434.0
2021-01-03 00:00:00+00:00,16212636975.0
2021-01-04 00:00:00+00:00,17675308665.0
2021-01-05 00:00:00+00:00,18928198682.0
2021-01-06 00:00:00+00:00,20587320909.0
2021-01-07 00:00:00+00:00,21352321449.0
2021-01-08 00:00:00+00:00,22007777730.0
2021-01-09 00:00:00+00:00,22197976344.0
2021-01-10 00:00:00+00:00,22445077032.0
2021-01-11 00:00:00+00:00,21927271549.0
2021-01-12 00:00:00+00:00,20200154269.0
2021-01-13 00:00:00+00:00,20843561832.0
2021-01-14 00:00:00+00:00,21310312381.0
2021-01-15 00:00:00+00:00,21556001932.0
2021-01-16 00:00:00+00:00,22024520822.0
2021-01-17 00:00:00+00:00,22441333811.0
2021-01-18 00:00:00+00:00,22668936437.0
2021-01-19 00:00:00+00:00,23294444235.0
2021-01-20 00:00:00+00:00,24286400185.0
2021-01-21 00:00:00+00:00,23099161981.0
2021-01-22 00:00:00+00:00,21827551156.0
2021-01-23 00:00:00+00:00,22998391138.0
2021-01-24 00:00:00+00:00,24072551079.0
2021-01-25 00:00:00+00:00,25490448313.0
2021-01-26 00:00:00+00:00,25672337007.0
2021-01-27 00:00:00+00:00,25218218133.0
2021-01-28 00:00:00+00:00,24885358141.0
2021-01-29 00:00:00+00:00,26266602299.0
2021-01-30 00:00:00+00:00,27250055833.0
2021-01-31 00:00:00+00:00,27128116336.0
2021-02-01 00:00:00+00:00,27106793690.0
2021-02-02 00:00:00+00:00,27885927084.0
2021-02-03 00:00:00+00:00,30952286391.0
2021-02-04 00:00:00+00:00,32929407835.0
2021-02-05 00:00:00+00:00,34301746245.0
2021-02-06 00:00:00+00:00,35713515365.0
2021-02-07 00:00:00+00:00,35389411217.0
2021-02-08 00:00:00+00:00,35699930278.0
2021-02-09 00:00:00+00:00,38096280630.0
2021-02-10 00:00:00+00:00,39639721178.0
2021-02-11 00:00:00+00:00,40883313661.0
2021-02-12 00:00:00+00:00,41882776553.0
2021-02-13 00:00:00+00:00,41681276667.0
2021-02-14 00:00:00+00:00,41409072551.0
2021-02-15 00:00:00+00:00,41778762476.0
2021-02-16 00:00:00+00:00,41577871004.0
2021-02-17 00:00:00+00:00,42268611208.0
2021-02-18 00:00:00+00:00,43228603670.0
2021-02-19 00:00:00+00:00,44767455940.0
2021-02-20 00:00:00+00:00,46703439376.0
2021-02-21 00:00:00+00:00,48096534278.0
2021-02-22 00:00:00+00:00,47679529677.0
2021-02-23 00:00:00+00:00,43604244387.0
2021-02-24 00:00:00+00:00,40166160312.0
2021-02-25 00:00:00+00:00,42737969477.0
2021-02-26 00:00:00+00:00,41910527906.0
2021-02-27 00:00:00+00:00,40446015622.0
2021-02-28 00:00:00+00:00,40292507309.0
2021-03-01 00:00:00+00:00,40339329728.0
2021-03-02 00:00:00+00:00,43114799192.0
2021-03-03 00:00:00+00:00,43856818567.0
2021-03-04 00:00:00+00:00,45202962565.0
2021-03-05 00:00:00+00:00,44736034855.0
2021-03-06 00:00:00+00:00,44306375692.0
2021-03-07 00:00:00+00:00,44596003509.0
2021-03-08 00:00:00+00:00,44252745137.0
2021-03-09 00:00:00+00:00,45657107626.0
2021-03-10 00:00:00+00:00,47538719466.0
2021-03-11 00:00:00+00:00,47290493824.0
2021-03-12 00:00:00+00:00,47847094888.0
2021-03-13 00:00:00+00:00,49765298404.0
2021-03-14 00:00:00+00:00,52139212213.0
2021-03-15 00:00:00+00:00,51917890775.0
2021-03-16 00:00:00+00:00,50164001635.0
2021-03-17 00:00:00+00:00,50923584805.0
2021-03-18 00:00:00+00:00,51994637165.0
2021-03-19 00:00:00+00:00,52231783848.0
2021-03-20 00:00:00+00:00,53628746186.0
2021-03-21 00:00:00+00:00,54475728643.0
2021-03-22 00:00:00+00:00,52875530240.0
2021-03-23 00:00:00+00:00,52109925636.0
2021-03-24 00:00:00+00:00,51286832465.0
2021-03-25 00:00:00+00:00,49979325145.0
2021-03-26 00:00:00+00:00,49358716496.0
2021-03-27 00:00:00+00:00,51894374492.0
2021-03-28 00:00:00+00:00,52589429780.0
2021-03-29 00:00:00+00:00,53236385037.0
2021-03-30 00:00:00+00:00,56024019244.0
2021-03-31 00:00:00+00:00,58563527952.0
2021-04-01 00:00:00+00:00,58991577996.0
2021-04-02 00:00:00+00:00,62039896441.0
2021-04-03 00:00:00+00:00,63915891247.0
2021-04-04 00:00:00+00:00,69656296566.0
2021-04-05 00:00:00+00:00,70547673334.0
2021-04-06 00:00:00+00:00,74177882169.0
2021-04-07 00:00:00+00:00,74583246293.0
2021-04-08 00:00:00+00:00,70086868134.0
2021-04-09 00:00:00+00:00,72985202345.0
2021-04-10 00:00:00+00:00,75191602362.0
2021-04-11 00:00:00+00:00,76760140949.0
2021-04-12 00:00:00+00:00,76949432341.0
2021-04-13 00:00:00+00:00,78315389685.0
2021-04-14 00:00:00+00:00,81792602230.0
2021-04-15 00:00:00+00:00,86445158575.0
2021-04-16 00:00:00+00:00,88372941184.0
2021-04-17 00:00:00+00:00,88304311077.0
2021-04-18 00:00:00+00:00,88011408706.0
2021-04-19 00:00:00+00:00,81148237958.0
2021-04-20 00:00:00+00:00,82431679311.0
2021-04-21 00:00:00+00:00,83893339256.0
2021-04-22 00:00:00+00:00,84481020598.0
2021-04-23 00:00:00+00:00,86326664054.0
2021-04-24 00:00:00+00:00,84996518328.0
2021-04-25 00:00:00+00:00,83606489632.0
2021-04-26 00:00:00+00:00,87508473567.0
2021-04-27 00:00:00+00:00,95362946538.0
2021-04-28 00:00:00+00:00,98563492496.0
2021-04-29 00:00:00+00:00,100934648984.0
2021-04-30 00:00:00+00:00,99696811502.0
2021-05-01 00:00:00+00:00,101627447296.0
2021-05-02 00:00:00+00:00,105495105135.0
2021-05-03 00:00:00+00:00,106927083258.0
2021-05-04 00:00:00+00:00,111887379621.0
2021-05-05 00:00:00+00:00,112923994957.0
2021-05-06 00:00:00+00:00,114982485791.0
2021-05-07 00:00:00+00:00,117751683640.0
2021-05-08 00:00:00+00:00,117381998264.0
2021-05-09 00:00:00+00:00,120709598633.0
2021-05-10 00:00:00+00:00,121969588742.0
2021-05-11 00:00:00+00:00,122130240926.0
2021-05-12 00:00:00+00:00,122155277890.0
2021-05-13 00:00:00+00:00,120495833178.0
2021-05-14 00:00:00+00:00,115021930120.0
2021-05-15 00:00:00+00:00,118809181897.0
2021-05-16 00:00:00+00:00,115413323801.0
2021-05-17 00:00:00+00:00,113245755763.0
2021-05-18 00:00:00+00:00,109416500758.0
2021-05-19 00:00:00+00:00,100918904768.0
2021-05-20 00:00:00+00:00,86715332451.0
2021-05-21 00:00:00+00:00,85593537296.0
2021-05-22 00:00:00+00:00,82055447451.0
2021-05-23 00:00:00+00:00,74578881807.0
2021-05-24 00:00:00+00:00,71768940529.0
2021-05-25 00:00:00+00:00,79433388681.0
2021-05-26 00:00:00+00:00,82305216878.0
2021-05-27 00:00:00+00:00,87099882994.0
2021-05-28 00:00:00+00:00,84828130834.0
2021-05-29 00:00:00+00:00,79380183333.0
2021-05-30 00:00:00+00:00,78170113848.0
2021-05-31 00:00:00+00:00,82612937267.0
2021-06-01 00:00:00+00:00,85875464510.0
2021-06-02 00:00:00+00:00,87537336309.0
2021-06-03 00:00:00+00:00,91679502802.0
2021-06-04 00:00:00+00:00,92788472226.0
2021-06-05 00:00:00+00:00,89913023403.0
2021-06-06 00:00:00+00:00,90557919395.0
2021-06-07 00:00:00+00:00,91173549875.0
2021-06-08 00:00:00+00:00,90456748203.0
2021-06-09 00:00:00+00:00,88790658454.0
2021-06-10 00:00:00+00:00,90342873010.0
2021-06-11 00:00:00+00:00,88547611576.0
2021-06-12 00:00:00+00:00,86468987487.0
2021-06-13 00:00:00+00:00,87263298559.0
2021-06-14 00:00:00+00:00,91573179906.0
2021-06-15 00:00:00+00:00,94250138716.0
2021-06-16 00:00:00+00:00,92356346218.0
2021-06-17 00:00:00+00:00,89150406095.0
2021-06-18 00:00:00+00:00,87230473373.0
2021-06-19 00:00:00+00:00,85502558663.0
2021-06-20 00:00:00+00:00,84724863293.0
2021-06-21 00:00:00+00:00,79794905360.0
2021-06-22 00:00:00+00:00,73603383032.0
2021-06-23 00:00:00+00:00,73470232477.0
2021-06-24 00:00:00+00:00,76106837139.0
2021-06-25 00:00:00+00:00,76251154516.0
2021-06-26 00:00:00+00:00,73956791901.0
2021-06-27 00:00:00+00:00,74751726768.0
2021-06-28 00:00:00+00:00,76785092675.0
2021-06-29 00:00:00+00:00,79170443973.0
2021-06-30 00:00:00+00:00,81395189279.0
2021-07-01 00:00:00+00:00,81132665953.0
2021-07-02 00:00:00+00:00,80939034989.0
2021-07-03 00:00:00+00:00,81064764552.0
2021-07-04 00:00:00+00:00,83801926564.0
2021-07-05 00:00:00+00:00,85046161979.0
2021-07-06 00:00:00+00:00,85466838521.0
2021-07-07 00:00:00+00:00,88787003459.0
2021-07-08 00:00:00+00:00,88368631730.0
2021-07-09 00:00:00+00:00,86107233855.0
2021-07-10 00:00:00+00:00,85906448493.0
2021-07-11 00:00:00+00:00,86794042430.0
2021-07-12 00:00:00+00:00,86467600165.0
2021-07-13 00:00:00+00:00,84459304194.0
2021-07-14 00:00:00+00:00,83157883413.0
2021-07-15 00:00:00+00:00,82113690292.0
2021-07-16 00:00:00+00:00,80567815784.0
2021-07-17 00:00:00+00:00,79987780117.0
2021-07-18 00:00:00+00:00,81021665895.0
2021-07-19 00:00:00+00:00,79909825848.0
2021-07-20 00:00:00+00:00,77597194981.0
2021-07-21 00:00:00+00:00,77830978597.0
2021-07-22 00:00:00+00:00,81817490392.0
2021-07-23 00:00:00+00:00,82663651843.0
2021-07-24 00:00:00+00:00,84735862462.0
2021-07-25 00:00:00+00:00,86309253469.0
2021-07-26 00:00:00+00:00,87804022861.0
2021-07-27 00:00:00+00:00,89654489517.0
2021-07-28 00:00:00+00:00,91063357179.0
2021-07-29 00:00:00+00:00,91505162314.0
2021-07-30 00:00:00+00:00,92900624581.0
2021-07-31 00:00:00+00:00,94424695383.0
2021-08-01 00:00:00+00:00,95488147957.0
2021-08-02 00:00:00+00:00,95022859261.0
2021-08-03 00:00:00+00:00,94509308296.0
2021-08-04 00:00:00+00:00,94992596273.0
2021-08-05 00:00:00+00:00,98309426000.0
2021-08-06 00:00:00+00:00,100614890820.0
2021-08-07 00:00:00+00:00,103202196295.0
2021-08-08 00:00:00+00:00,105871597168.0
2021-08-09 00:00:00+00:00,104902806626.0
2021-08-10 00:00:00+00:00,107494250628.0
2021-08-11 00:00:00+00:00,107294840389.0
2021-08-12 00:00:00+00:00,107840162356.0
2021-08-13 00:00:00+00:00,108374549070.0
2021-08-14 00:00:00+00:00,112581445353.0
2021-08-15 00:00:00+00:00,112821303171.0
2021-08-16 00:00:00+00:00,113233362493.0
2021-08-17 00:00:00+00:00,110678360921.0
2021-08-18 00:00:00+00:00,109351760371.0
2021-08-19 00:00:00+00:00,110931563419.0
2021-08-20 00:00:00+00:00,114577917344.0
2021-08-21 00:00:00+00:00,117216352703.0
2021-08-22 00:00:00+00:00,116652185671.0
2021-08-23 00:00:00+00:00,118326551523.0
2021-08-24 00:00:00+00:00,118135008554.0
2021-08-25 00:00:00+00:00,116519741238.0
2021-08-26 00:00:00+00:00,116013127779.0
2021-08-27 00:00:00+00:00,115738044791.0
2021-08-28 00:00:00+00:00,119099778226.0
2021-08-29 00:00:00+00:00,118637741777.0
2021-08-30 00:00:00+00:00,117833201905.0
2021-08-31 00:00:00+00:00,118100790295.0
2021-09-01 00:00:00+00:00,123004418688.0
2021-09-02 00:00:00+00:00,129531773991.0
2021-09-03 00:00:00+00:00,130176818051.0
2021-09-04 00:00:00+00:00,132367471333.0
2021-09-05 00:00:00+00:00,133254256889.0
2021-09-06 00:00:00+00:00,135153488286.0
2021-09-07 00:00:00+00:00,129696181340.0
2021-09-08 00:00:00+00:00,122755984166.0
2021-09-09 00:00:00+00:00,123958760996.0
2021-09-10 00:00:00+00:00,123751255092.0
2021-09-11 00:00:00+00:00,121105937164.0
2021-09-12 00:00:00+00:00,124392335987.0
2021-09-13 00:00:00+00:00,125852050427.0
2021-09-14 00:00:00+00:00,124552915722.0
2021-09-15 00:00:00+00:00,129515827010.0
2021-09-16 00:00:00+00:00,131766419832.0
2021-09-17 00:00:00+00:00,130209061698.0
2021-09-18 00:00:00+00:00,129333017782.0
2021-09-19 00:00:00+00:00,129555975737.0
2021-09-20 00:00:00+00:00,122169579893.0
2021-09-21 00:00:00+00:00,112900685299.0
2021-09-22 00:00:00+00:00,115444730822.0
2021-09-23 00:00:00+00:00,121671046714.0
2021-09-24 00:00:00+00:00,121408041393.0
2021-09-25 00:00:00+00:00,118955755706.0
2021-09-26 00:00:00+00:00,119238465880.0
2021-09-27 00:00:00+00:00,120159757549.0
2021-09-28 00:00:00+00:00,116862531339.0
2021-09-29 00:00:00+00:00,115350437181.0
2021-09-30 00:00:00+00:00,117938636731.0
2021-10-01 00:00:00+00:00,122857899030.0
2021-10-02 00:00:00+00:00,127861698897.0
2021-10-03 00:00:00+00:00,129989346313.0
2021-10-04 00:00:00+00:00,130408238299.0
2021-10-05 00:00:00+00:00,131400408913.0
2021-10-06 00:00:00+00:00,133017940123.0
2021-10-07 00:00:00+00:00,134366055437.0
2021-10-08 00:00:00+00:00,136750315644.0
2021-10-09 00:00:00+00:00,137445636778.0
2021-10-10 00:00:00+00:00,138378493059.0
2021-10-11 00:00:00+00:00,135471275830.0
2021-10-12 00:00:00+00:00,137632122808.0
2021-10-13 00:00:00+00:00,138691695321.0
2021-10-14 00:00:00+00:00,142044881275.0
2021-10-15 00:00:00+00:00,144911347803.0
2021-10-16 00:00:00+00:00,147407697943.0
2021-10-17 00:00:00+00:00,147667503303.0
2021-10-18 00:00:00+00:00,148052212049.0
2021-10-19 00:00:00+00:00,145984256813.0
2021-10-20 00:00:00+00:00,149260173633.0
2021-10-21 00:00:00+00:00,156639385746.0
2021-10-22 00:00:00+00:00,154229215913.0
2021-10-23 00:00:00+00:00,152581767114.0
2021-10-24 00:00:00+00:00,156703556729.0
2021-10-25 00:00:00+00:00,155686407425.0
2021-10-26 00:00:00+00:00,159632852952.0
2021-10-27 00:00:00+00:00,158226383577.0
2021-10-28 00:00:00+00:00,152421607556.0
2021-10-29 00:00:00+00:00,159334726972.0
2021-10-30 00:00:00+00:00,156969678800.0
2021-10-31 00:00:00+00:00,154278652826.0
2021-11-01 00:00:00+00:00,156687195491.0
2021-11-02 00:00:00+00:00,158684649023.0
2021-11-03 00:00:00+00:00,164602769247.0
2021-11-04 00:00:00+00:00,167056921892.0
2021-11-05 00:00:00+00:00,167343398403.0
2021-11-06 00:00:00+00:00,166712288546.0
2021-11-07 00:00:00+00:00,169018508032.0
2021-11-08 00:00:00+00:00,173790547265.0
2021-11-09 00:00:00+00:00,177493346508.0
2021-11-10 00:00:00+00:00,176142281138.0
2021-11-11 00:00:00+00:00,171595449817.0
2021-11-12 00:00:00+00:00,174428447154.0
2021-11-13 00:00:00+00:00,173515329900.0
2021-11-14 00:00:00+00:00,174998604785.0
2021-11-15 00:00:00+00:00,175771715201.0
2021-11-16 00:00:00+00:00,172043848457.0
2021-11-17 00:00:00+00:00,164758043227.0
2021-11-18 00:00:00+00:00,166861071452.0
2021-11-19 00:00:00+00:00,159166137242.0
2021-11-20 00:00:00+00:00,168388441836.0
2021-11-21 00:00:00+00:00,172458740074.0
2021-11-22 00:00:00+00:00,170513617685.0
2021-11-23 00:00:00+00:00,165868596360.0
2021-11-24 00:00:00+00:00,171365229976.0
2021-11-25 00:00:00+00:00,170607978305.0
2021-11-26 00:00:00+00:00,175001724373.0
2021-11-27 00:00:00+00:00,162590085163.0
2021-11-28 00:00:00+00:00,164139472794.0
2021-11-29 00:00:00+00:00,170245220455.0
2021-11-30 00:00:00+00:00,173832645256.0
2021-12-01 00:00:00+00:00,177078538448.0
2021-12-02 00:00:00+00:00,177472313427.0
2021-12-03 00:00:00+00:00,175462283995.0
2021-12-04 00:00:00+00:00,167254867600.0
2021-12-05 00:00:00+00:00,160831443764.0
2021-12-06 00:00:00+00:00,159990036803.0
2021-12-07 00:00:00+00:00,164374698405.0
2021-12-08 00:00:00+00:00,165001680945.0
2021-12-09 00:00:00+00:00,168038648548.0
2021-12-10 00:00:00+00:00,160200414871.0
2021-12-11 00:00:00+00:00,155303214742.0
2021-12-12 00:00:00+00:00,158729708905.0
2021-12-13 00:00:00+00:00,160312940504.0
2021-12-14 00:00:00+00:00,151349610808.0
2021-12-15 00:00:00+00:00,154126431864.0
2021-12-16 00:00:00+00:00,158945273904.0
2021-12-17 00:00:00+00:00,157789672325.0
2021-12-18 00:00:00+00:00,156687506251.0
2021-12-19 00:00:00+00:00,161090866275.0
2021-12-20 00:00:00+00:00,160762162888.0
2021-12-21 00:00:00+00:00,160757113718.0
2021-12-22 00:00:00+00:00,166087665454.0
2021-12-23 00:00:00+00:00,165914105618.0
2021-12-24 00:00:00+00:00,171106024042.0
2021-12-25 00:00:00+00:00,170409698183.0
2021-12-26 00:00:00+00:00,171904039132.0
2021-12-27 00:00:00+00:00,173466282652.0
2021-12-28 00:00:00+00:00,170475361656.0
2021-12-29 00:00:00+00:00,164780806089.0
2021-12-30 00:00:00+00:00,161856366934.0
2021-12-31 00:00:00+00:00,163257738269.0
2022-01-01 00:00:00+00:00,163249883734.0
2022-01-02 00:00:00+00:00,166621872230.0
2022-01-03 00:00:00+00:00,167757711805.0
2022-01-04 00:00:00+00:00,167885221630.0
2022-01-05 00:00:00+00:00,167903568059.0
2022-01-06 00:00:00+00:00,161478454985.0
2022-01-07 00:00:00+00:00,158739228035.0
2022-01-08 00:00:00+00:00,153986694722.0
2022-01-09 00:00:00+00:00,151103778557.0
2022-01-10 00:00:00+00:00,153054358645.0
2022-01-11 00:00:00+00:00,150647668337.0
2022-01-12 00:00:00+00:00,155404007654.0
2022-01-13 00:00:00+00:00,159857460688.0
2022-01-14 00:00:00+00:00,157486998221.0
2022-01-15 00:00:00+00:00,158984482761.0
2022-01-16 00:00:00+00:00,160476538102.0
2022-01-17 00:00:00+00:00,161217881689.0
2022-01-18 00:00:00+00:00,157083894987.0
2022-01-19 00:00:00+00:00,156184869538.0
2022-01-20 00:00:00+00:00,154755855760.0
2022-01-21 00:00:00+00:00,150855388732.0
2022-01-22 00:00:00+00:00,135283433426.0
2022-01-23 00:00:00+00:00,128695819350.0
2022-01-24 00:00:00+00:00,132142933419.0
2022-01-25 00:00:00+00:00,128272836618.0
2022-01-26 00:00:00+00:00,132523024179.0
2022-01-27 00:00:00+00:00,133616741901.0
2022-01-28 00:00:00+00:00,126373125048.0
2022-01-29 00:00:00+00:00,127435103508.0
2022-01-30 00:00:00+00:00,128904274250.0
2022-01-31 00:00:00+00:00,127205003014.0
2022-02-01 00:00:00+00:00,129908125099.0
2022-02-02 00:00:00+00:00,132713879864.0
2022-02-03 00:00:00+00:00,129035686548.0
2022-02-04 00:00:00+00:00,130691733289.0
2022-02-05 00:00:00+00:00,138419397217.0
2022-02-06 00:00:00+00:00,140626655263.0
2022-02-07 00:00:00+00:00,142570790569.0
2022-02-08 00:00:00+00:00,144909167903.0
2022-02-09 00:00:00+00:00,144842125197.0
2022-02-10 00:00:00+00:00,147255277455.0
2022-02-11 00:00:00+00:00,143415193914.0
2022-02-12 00:00:00+00:00,139791373157.0
2022-02-13 00:00:00+00:00,139759184916.0
2022-02-14 00:00:00+00:00,139102161911.0
2022-02-15 00:00:00+00:00,140097947531.0
2022-02-16 00:00:00+00:00,145548285950.0
2022-02-17 00:00:00+00:00,144677139624.0
2022-02-18 00:00:00+00:00,138426569046.0
2022-02-19 00:00:00+00:00,136585492174.0
2022-02-20 00:00:00+00:00,135910095969.0
2022-02-21 00:00:00+00:00,132955545374.0
2022-02-22 00:00:00+00:00,130089259450.0
2022-02-23 00:00:00+00:00,131884742509.0
2022-02-24 00:00:00+00:00,131277223921.0
2022-02-25 00:00:00+00:00,131360584227.0
2022-02-26 00:00:00+00:00,135242532449.0
2022-02-27 00:00:00+00:00,136354227835.0
2022-02-28 00:00:00+00:00,132711051426.0
2022-03-01 00:00:00+00:00,142152710187.0
2022-03-02 00:00:00+00:00,143286734414.0
2022-03-03 00:00:00+00:00,143493897862.0
2022-03-04 00:00:00+00:00,138812947756.0
2022-03-05 00:00:00+00:00,133745633812.0
2022-03-06 00:00:00+00:00,135671186044.0
2022-03-07 00:00:00+00:00,131588265780.0
2022-03-08 00:00:00+00:00,131663196733.0
2022-03-09 00:00:00+00:00,134201562534.0
2022-03-10 00:00:00+00:00,139293468468.0
2022-03-11 00:00:00+00:00,135832504573.0
2022-03-12 00:00:00+00:00,134858214564.0
2022-03-13 00:00:00+00:00,134942762854.0
2022-03-14 00:00:00+00:00,133279534949.0
2022-03-15 00:00:00+00:00,135547354068.0
2022-03-16 00:00:00+00:00,136320427305.0
2022-03-17 00:00:00+00:00,140733163892.0
2022-03-18 00:00:00+00:00,141000998626.0
2022-03-19 00:00:00+00:00,145242256029.0
2022-03-20 00:00:00+00:00,145441866130.0
2022-03-21 00:00:00+00:00,143459703540.0
2022-03-22 00:00:00+00:00,147593034434.0
2022-03-23 00:00:00+00:00,149399109542.0
2022-03-24 00:00:00+00:00,150905015442.0
2022-03-25 00:00:00+00:00,152140078275.0
2022-03-26 00:00:00+00:00,151097914368.0
2022-03-27 00:00:00+00:00,152964767270.0
2022-03-28 00:00:00+00:00,156386847505.0
2022-03-29 00:00:00+00:00,157903768757.0
2022-03-30 00:00:00+00:00,160321670088.0
2022-03-31 00:00:00+00:00,161439939586.0
2022-04-01 00:00:00+00:00,157547630443.0
2022-04-02 00:00:00+00:00,161736362113.0
2022-04-03 00:00:00+00:00,161809006268.0
2022-04-04 00:00:00+00:00,162911778056.0
2022-04-05 00:00:00+00:00,162388873397.0
2022-04-06 00:00:00+00:00,158574213444.0
2022-04-07 00:00:00+00:00,152319564943.0
2022-04-08 00:00:00+00:00,154640106418.0
2022-04-09 00:00:00+00:00,151941280359.0
2022-04-10 00:00:00+00:00,153478382334.0
2022-04-11 00:00:00+00:00,151548701631.0
2022-04-12 00:00:00+00:00,144300551794.0
2022-04-13 00:00:00+00:00,146192205144.0
2022-04-14 00:00:00+00:00,148425119265.0
2022-04-15 00:00:00+00:00,146108324594.0
2022-04-16 00:00:00+00:00,147133775692.0
2022-04-17 00:00:00+00:00,147656524050.0
2022-04-18 00:00:00+00:00,145169656535.0
2022-04-19 00:00:00+00:00,148722968803.0
2022-04-20 00:00:00+00:00,149696248599.0
2022-04-21 00:00:00+00:00,149486973101.0
2022-04-22 00:00:00+00:00,146766815036.0
2022-04-23 00:00:00+00:00,146149095956.0
2022-04-24 00:00:00+00:00,145650169992.0
2022-04-25 00:00:00+00:00,144678314924.0
2022-04-26 00:00:00+00:00,147992526925.0
2022-04-27 00:00:00+00:00,142219848205.0
2022-04-28 00:00:00+00:00,144371309908.0
2022-04-29 00:00:00+00:00,144028595209.0
2022-04-30 00:00:00+00:00,140397892488.0
2022-05-01 00:00:00+00:00,135812228945.0
2022-05-02 00:00:00+00:00,138173078385.0
2022-05-03 00:00:00+00:00,138040041793.0
2022-05-04 00:00:00+00:00,137924506847.0
2022-05-05 00:00:00+00:00,142610131627.0
2022-05-06 00:00:00+00:00,136851094115.0
2022-05-07 00:00:00+00:00,135723734768.0
2022-05-08 00:00:00+00:00,130664967229.0
2022-05-09 00:00:00+00:00,125984315305.0
2022-05-10 00:00:00+00:00,109592244185.0
2022-05-11 00:00:00+00:00,107065909739.0
2022-05-12 00:00:00+00:00,89971030272.0
2022-05-13 00:00:00+00:00,78539141525.0
2022-05-14 00:00:00+00:00,79102617903.0
2022-05-15 00:00:00+00:00,79389652084.0
2022-05-16 00:00:00+00:00,81334054405.0
2022-05-17 00:00:00+00:00,78492902673.0
2022-05-18 00:00:00+00:00,80125988989.0
2022-05-19 00:00:00+00:00,76408340101.0
2022-05-20 00:00:00+00:00,78575905506.0
2022-05-21 00:00:00+00:00,76756997745.0
2022-05-22 00:00:00+00:00,77336701621.0
2022-05-23 00:00:00+00:00,79960583296.0
2022-05-24 00:00:00+00:00,79073716965.0
2022-05-25 00:00:00+00:00,79646018934.0
2022-05-26 00:00:00+00:00,79695127861.0
2022-05-27 00:00:00+00:00,76395260456.0
2022-05-28 00:00:00+00:00,75025857154.0
2022-05-29 00:00:00+00:00,76146553781.0
2022-05-30 00:00:00+00:00,76409841753.0
2022-05-31 00:00:00+00:00,80219044564.0
2022-06-01 00:00:00+00:00,79779012615.0
2022-06-02 00:00:00+00:00,76910573259.0
2022-06-03 00:00:00+00:00,77392141688.0
2022-06-04 00:00:00+00:00,75702652306.0
2022-06-05 00:00:00+00:00,75348178982.0
2022-06-06 00:00:00+00:00,75556690574.0
2022-06-07 00:00:00+00:00,75922007805.0
2022-06-08 00:00:00+00:00,75974914284.0
2022-06-09 00:00:00+00:00,75550624572.0
2022-06-10 00:00:00+00:00,74887187740.0
2022-06-11 00:00:00+00:00,72036761535.0
2022-06-12 00:00:00+00:00,69113705505.0
2022-06-13 00:00:00+00:00,66208471806.0
2022-06-14 00:00:00+00:00,57504989735.0
2022-06-15 00:00:00+00:00,55658964800.0
2022-06-16 00:00:00+00:00,55353154252.0
2022-06-17 00:00:00+00:00,51615129803.0
2022-06-18 00:00:00+00:00,52342910599.0
2022-06-19 00:00:00+00:00,49592771860.0
2022-06-20 00:00:00+00:00,51466847157.0
2022-06-21 00:00:00+00:00,52155292691.0
2022-06-22 00:00:00+00:00,52488975882.0
2022-06-23 00:00:00+00:00,51950404565.0
2022-06-24 00:00:00+00:00,53532962786.0
2022-06-25 00:00:00+00:00,54737710899.0
2022-06-26 00:00:00+00:00,54913885029.0
2022-06-27 00:00:00+00:00,54065314916.0
2022-06-28 00:00:00+00:00,53602483006.0
2022-06-29 00:00:00+00:00,52498485290.0
2022-06-30 00:00:00+00:00,51787961628.0
2022-07-01 00:00:00+00:00,51319489884.0
2022-07-02 00:00:00+00:00,51268381038.0
2022-07-03 00:00:00+00:00,52325117056.0
2022-07-04 00:00:00+00:00,52593866851.0
2022-07-05 00:00:00+00:00,54033391583.0
2022-07-06 00:00:00+00:00,54240842847.0
2022-07-07 00:00:00+00:00,55076437369.0
2022-07-08 00:00:00+00:00,55648539444.0
2022-07-09 00:00:00+00:00,55482847713.0
2022-07-10 00:00:00+00:00,55606156034.0
2022-07-11 00:00:00+00:00,54429560893.0
2022-07-12 00:00:00+00:00,52809087702.0
2022-07-13 00:00:00+00:00,51648763151.0
2022-07-14 00:00:00+00:00,52787881343.0
2022-07-15 00:00:00+00:00,53965656416.0
2022-07-16 00:00:00+00:00,54479817843.0
2022-07-17 00:00:00+00:00,55809847450.0
2022-07-18 00:00:00+00:00,55624954215.0
2022-07-19 00:00:00+00:00,58972365317.0
2022-07-20 00:00:00+00:00,59152710421.0
2022-07-21 00:00:00+00:00,58465435022.0
2022-07-22 00:00:00+00:00,59261723078.0
2022-07-23 00:00:00+00:00,59187763934.0
2022-07-24 00:00:00+00:00,59240557064.0
2022-07-25 00:00:00+00:00,59837903509.0
2022-07-26 00:00:00+00:00,57298123597.0
2022-07-27 00:00:00+00:00,57166159842.0
2022-07-28 00:00:00+00:00,60031689277.0
2022-07-29 00:00:00+00:00,61734086291.0
2022-07-30 00:00:00+00:00,61271036897.0
2022-07-31 00:00:00+00:00,61343599943.0
2022-08-01 00:00:00+00:00,61034907285.0
2022-08-02 00:00:00+00:00,60464216390.0
2022-08-03 00:00:00+00:00,59423275608.0
2022-08-04 00:00:00+00:00,60120074002.0
2022-08-05 00:00:00+00:00,60909623712.0
2022-08-06 00:00:00+00:00,62004282515.0
2022-08-07 00:00:00+00:00,61446713464.0
2022-08-08 00:00:00+00:00,62563366496.0
2022-08-09 00:00:00+00:00,62816347181.0
2022-08-10 00:00:00+00:00,61073904987.0
2022-08-11 00:00:00+00:00,63847411045.0
2022-08-12 00:00:00+00:00,63631638757.0
2022-08-13 00:00:00+00:00,64148391430.0
2022-08-14 00:00:00+00:00,64302267625.0
2022-08-15 00:00:00+00:00,63338287431.0
2022-08-16 00:00:00+00:00,62668274990.0
2022-08-17 00:00:00+00:00,62830599996.0
2022-08-18 00:00:00+00:00,61691339340.0
2022-08-19 00:00:00+00:00,60897485950.0
2022-08-20 00:00:00+00:00,57840475521.0
2022-08-21 00:00:00+00:00,57485354376.0
2022-08-22 00:00:00+00:00,58347450296.0
2022-08-23 00:00:00+00:00,58359412944.0
2022-08-24 00:00:00+00:00,58557628292.0
2022-08-25 00:00:00+00:00,58730563103.0
2022-08-26 00:00:00+00:00,59115380810.0
2022-08-27 00:00:00+00:00,56328629926.0
2022-08-28 00:00:00+00:00,55995986797.0
2022-08-29 00:00:00+00:00,54961041376.0
2022-08-30 00:00:00+00:00,56593370953.0
2022-08-31 00:00:00+00:00,56419447223.0
2022-09-01 00:00:00+00:00,56081845921.0
2022-09-02 00:00:00+00:00,56653550894.0
2022-09-03 00:00:00+00:00,56537357375.0
2022-09-04 00:00:00+00:00,56266917526.0
2022-09-05 00:00:00+00:00,56230210455.0
2022-09-06 00:00:00+00:00,56918489075.0
2022-09-07 00:00:00+00:00,54472902147.0
2022-09-08 00:00:00+00:00,55470306287.0
2022-09-09 00:00:00+00:00,55489049315.0
2022-09-10 00:00:00+00:00,56892135584.0
2022-09-11 00:00:00+00:00,57611010035.0
2022-09-12 00:00:00+00:00,56971555207.0
2022-09-13 00:00:00+00:00,56493710639.0
2022-09-14 00:00:00+00:00,53465903982.0
2022-09-15 00:00:00+00:00,52443695197.0
2022-09-16 00:00:00+00:00,51401538870.0
2022-09-17 00:00:00+00:00,51673669252.0
2022-09-18 00:00:00+00:00,52290553199.0
2022-09-19 00:00:00+00:00,50812367750.0
2022-09-20 00:00:00+00:00,51188881488.0
2022-09-21 00:00:00+00:00,51040068084.0
2022-09-22 00:00:00+00:00,49981095080.0
2022-09-23 00:00:00+00:00,51642928034.0
2022-09-24 00:00:00+00:00,51837710602.0
2022-09-25 00:00:00+00:00,51648616556.0
2022-09-26 00:00:00+00:00,51457430983.0
2022-09-27 00:00:00+00:00,52203745816.0
2022-09-28 00:00:00+00:00,52160393202.0
2022-09-29 00:00:00+00:00,52399467132.0
2022-09-30 00:00:00+00:00,52394890292.0
2022-10-01 00:00:00+00:00,52300667062.0
2022-10-02 00:00:00+00:00,52669475851.0
2022-10-03 00:00:00+00:00,52159200269.0
2022-10-04 00:00:00+00:00,52940789613.0
2022-10-05 00:00:00+00:00,53434900758.0
2022-10-06 00:00:00+00:00,53501257454.0
2022-10-07 00:00:00+00:00,53376432348.0
2022-10-08 00:00:00+00:00,52784066293.0
2022-10-09 00:00:00+00:00,52553033725.0
2022-10-10 00:00:00+00:00,52642871800.0
2022-10-11 00:00:00+00:00,51949679665.0
2022-10-12 00:00:00+00:00,51925020589.0
2022-10-13 00:00:00+00:00,51600236333.0
2022-10-14 00:00:00+00:00,51114273577.0
2022-10-15 00:00:00+00:00,51094285512.0
2022-10-16 00:00:00+00:00,50949659282.0
2022-10-17 00:00:00+00:00,51368524515.0
2022-10-18 00:00:00+00:00,51765046623.0
2022-10-19 00:00:00+00:00,51323481027.0
2022-10-20 00:00:00+00:00,50752123923.0
2022-10-21 00:00:00+00:00,50202139715.0
2022-10-22 00:00:00+00:00,50247113815.0
2022-10-23 00:00:00+00:00,50364800833.0
2022-10-24 00:00:00+00:00,51226090606.0
2022-10-25 00:00:00+00:00,50647788179.0
2022-10-26 00:00:00+00:00,52314324442.0
2022-10-27 00:00:00+00:00,53562536722.0
2022-10-28 00:00:00+00:00,52904784602.0
2022-10-29 00:00:00+00:00,53453790901.0
2022-10-30 00:00:00+00:00,54328981929.0
2022-10-31 00:00:00+00:00,53984453625.0
2022-11-01 00:00:00+00:00,53441183962.0
2022-11-02 00:00:00+00:00,53271647934.0
2022-11-03 00:00:00+00:00,52487617339.0
2022-11-04 00:00:00+00:00,52851567757.0
2022-11-05 00:00:00+00:00,54609083617.0
2022-11-06 00:00:00+00:00,54491434787.0
2022-11-07 00:00:00+00:00,53480534752.0
2022-11-08 00:00:00+00:00,53271971297.0
2022-11-09 00:00:00+00:00,48132469622.0
2022-11-10 00:00:00+00:00,42711258712.0
2022-11-11 00:00:00+00:00,44464940514.0
2022-11-12 00:00:00+00:00,43488230377.0
2022-11-13 00:00:00+00:00,42778868949.0
2022-11-14 00:00:00+00:00,41907488657.0
2022-11-15 00:00:00+00:00,42087845822.0
2022-11-16 00:00:00+00:00,42404372605.0
2022-11-17 00:00:00+00:00,41743932094.0
2022-11-18 00:00:00+00:00,41853728292.0
2022-11-19 00:00:00+00:00,41748773390.0
2022-11-20 00:00:00+00:00,41493718202.0
2022-11-21 00:00:00+00:00,40275077993.0
2022-11-22 00:00:00+00:00,40025048984.0
2022-11-23 00:00:00+00:00,40018198331.0
2022-11-24 00:00:00+00:00,40547256918.0
2022-11-25 00:00:00+00:00,40286028085.0
2022-11-26 00:00:00+00:00,40234606365.0
2022-11-27 00:00:00+00:00,40736418981.0
2022-11-28 00:00:00+00:00,40484110949.0
2022-11-29 00:00:00+00:00,39827501456.0
2022-11-30 00:00:00+00:00,40845742373.0
2022-12-01 00:00:00+00:00,41390559228.0
2022-12-02 00:00:00+00:00,41443241395.0
2022-12-03 00:00:00+00:00,40931020966.0
2022-12-04 00:00:00+00:00,40910385248.0
2022-12-05 00:00:00+00:00,41517500156.0
2022-12-06 00:00:00+00:00,40990782271.0
2022-12-07 00:00:00+00:00,41371216435.0
2022-12-08 00:00:00+00:00,41338047271.0
2022-12-09 00:00:00+00:00,41485194533.0
2022-12-10 00:00:00+00:00,41449877114.0
2022-12-11 00:00:00+00:00,41739446041.0
2022-12-12 00:00:00+00:00,41287863233.0
2022-12-13 00:00:00+00:00,41250983753.0
2022-12-14 00:00:00+00:00,41364461011.0
2022-12-15 00:00:00+00:00,41274924793.0
2022-12-16 00:00:00+00:00,40614722156.0
2022-12-17 00:00:00+00:00,38797297084.0
2022-12-18 00:00:00+00:00,39017027316.0
2022-12-19 00:00:00+00:00,39122316617.0
2022-12-20 00:00:00+00:00,38507835468.0
2022-12-21 00:00:00+00:00,39085570549.0
2022-12-22 00:00:00+00:00,39072391077.0
2022-12-23 00:00:00+00:00,39063549230.0
2022-12-24 00:00:00+00:00,39004586700.0
2022-12-25 00:00:00+00:00,39052605820.0
2022-12-26 00:00:00+00:00,38673772455.0
2022-12-27 00:00:00+00:00,38865599174.0
2022-12-28 00:00:00+00:00,38660966911.0
2022-12-29 00:00:00+00:00,38406767671.0
2022-12-30 00:00:00+00:00,38399585723.0
2022-12-31 00:00:00+00:00,38287326251.0
2023-01-01 00:00:00+00:00,37828881444.0
2023-01-02 00:00:00+00:00,38109123956.0
2023-01-03 00:00:00+00:00,38310878747.0
2023-01-04 00:00:00+00:00,38350479934.0
2023-01-05 00:00:00+00:00,38990173381.0
2023-01-06 00:00:00+00:00,38876282007.0
2023-01-07 00:00:00+00:00,38957470028.0
2023-01-08 00:00:00+00:00,39058726145.0
2023-01-09 00:00:00+00:00,39789786863.0
2023-01-10 00:00:00+00:00,40143405903.0
2023-01-11 00:00:00+00:00,40340351147.0
2023-01-12 00:00:00+00:00,41419855539.0
2023-01-13 00:00:00+00:00,41680714652.0
2023-01-14 00:00:00+00:00,43848298092.0
2023-01-15 00:00:00+00:00,43830804995.0
2023-01-16 00:00:00+00:00,44210108457.0
2023-01-17 00:00:00+00:00,44249699943.0
2023-01-18 00:00:00+00:00,44394414696.0
2023-01-19 00:00:00+00:00,43423391794.0
2023-01-20 00:00:00+00:00,44105583969.0
2023-01-21 00:00:00+00:00,46115377308.0
2023-01-22 00:00:00+00:00,45980755891.0
2023-01-23 00:00:00+00:00,46077429240.0
2023-01-24 00:00:00+00:00,46335511654.0
2023-01-25 00:00:00+00:00,45609874143.0
2023-01-26 00:00:00+00:00,46799215169.0
2023-01-27 00:00:00+00:00,46506573105.0
2023-01-28 00:00:00+00:00,46993177416.0
2023-01-29 00:00:00+00:00,46838648843.0
2023-01-30 00:00:00+00:00,47793011024.0
2023-01-31 00:00:00+00:00,46303087028.0
2023-02-01 00:00:00+00:00,46767417513.0
2023-02-02 00:00:00+00:00,48472199205.0
2023-02-03 00:00:00+00:00,48040334003.0
2023-02-04 00:00:00+00:00,48248099353.0
2023-02-05 00:00:00+00:00,48181572439.0
2023-02-06 00:00:00+00:00,47765782931.0
2023-02-07 00:00:00+00:00,47563219698.0
2023-02-08 00:00:00+00:00,48736505414.0
2023-02-09 00:00:00+00:00,48260670441.0
2023-02-10 00:00:00+00:00,46166139621.0
2023-02-11 00:00:00+00:00,45962241993.0
2023-02-12 00:00:00+00:00,46466250355.0
2023-02-13 00:00:00+00:00,46225768337.0
2023-02-14 00:00:00+00:00,45877082295.0
2023-02-15 00:00:00+00:00,46664370853.0
2023-02-16 00:00:00+00:00,49381714441.0
2023-02-17 00:00:00+00:00,48491715730.0
2023-02-18 00:00:00+00:00,49790560271.0
2023-02-19 00:00:00+00:00,50091237619.0
2023-02-20 00:00:00+00:00,49804444313.0
2023-02-21 00:00:00+00:00,50458360575.0
2023-02-22 00:00:00+00:00,49428479181.0
2023-02-23 00:00:00+00:00,49179278084.0
2023-02-24 00:00:00+00:00,49204345916.0
2023-02-25 00:00:00+00:00,48248853211.0
2023-02-26 00:00:00+00:00,47982551555.0
2023-02-27 00:00:00+00:00,48993571969.0
2023-02-28 00:00:00+00:00,48998539729.0
2023-03-01 00:00:00+00:00,48680905001.0
2023-03-02 00:00:00+00:00,49560022581.0
2023-03-03 00:00:00+00:00,49179925553.0
2023-03-04 00:00:00+00:00,47679269893.0
2023-03-05 00:00:00+00:00,47592801398.0
2023-03-06 00:00:00+00:00,47670985376.0
2023-03-07 00:00:00+00:00,47606224936.0
2023-03-08 00:00:00+00:00,47399780806.0
2023-03-09 00:00:00+00:00,46446653966.0
2023-03-10 00:00:00+00:00,44223233315.0
2023-03-11 00:00:00+00:00,43814899081.0
2023-03-12 00:00:00+00:00,42177359676.0
2023-03-13 00:00:00+00:00,45561256835.0
2023-03-14 00:00:00+00:00,46454160736.0
2023-03-15 00:00:00+00:00,46900196666.0
2023-03-16 00:00:00+00:00,45750730750.0
2023-03-17 00:00:00+00:00,45653380277.0
2023-03-18 00:00:00+00:00,48137835158.0
2023-03-19 00:00:00+00:00,47951191953.0
2023-03-20 00:00:00+00:00,48125880871.0
2023-03-21 00:00:00+00:00,48105249563.0
2023-03-22 00:00:00+00:00,48905923589.0
2023-03-23 00:00:00+00:00,48073745568.0
2023-03-24 00:00:00+00:00,49092625575.0
2023-03-25 00:00:00+00:00,48058162994.0
2023-03-26 00:00:00+00:00,47961860269.0
2023-03-27 00:00:00+00:00,48241210899.0
2023-03-28 00:00:00+00:00,47320441843.0
2023-03-29 00:00:00+00:00,47843512741.0
2023-03-30 00:00:00+00:00,48488140751.0
2023-03-31 00:00:00+00:00,48632134898.0
2023-04-01 00:00:00+00:00,48996069125.0
2023-04-02 00:00:00+00:00,48955856393.0
2023-04-03 00:00:00+00:00,48496332517.0
2023-04-04 00:00:00+00:00,48611051737.0
2023-04-05 00:00:00+00:00,49829493443.0
2023-04-06 00:00:00+00:00,49670307957.0
2023-04-07 00:00:00+00:00,49491476572.0
2023-04-08 00:00:00+00:00,49214443448.0
2023-04-09 00:00:00+00:00,49287856728.0
2023-04-10 00:00:00+00:00,49418283309.0
2023-04-11 00:00:00+00:00,50238948786.0
2023-04-12 00:00:00+00:00,50051905880.0
2023-04-13 00:00:00+00:00,50078762021.0
2023-04-14 00:00:00+00:00,52313162576.0
2023-04-15 00:00:00+00:00,52450506487.0
2023-04-16 00:00:00+00:00,52512126964.0
2023-04-17 00:00:00+00:00,52180997324.0
2023-04-18 00:00:00+00:00,51405304642.0
2023-04-19 00:00:00+00:00,52102706414.0
2023-04-20 00:00:00+00:00,49766471624.0
2023-04-21 00:00:00+00:00,49236175284.0
2023-04-22 00:00:00+00:00,47668371198.0
2023-04-23 00:00:00+00:00,47751523162.0
2023-04-24 00:00:00+00:00,47719113080.0
2023-04-25 00:00:00+00:00,47261238474.0
2023-04-26 00:00:00+00:00,47851518182.0
2023-04-27 00:00:00+00:00,48479191930.0
2023-04-28 00:00:00+00:00,48523710615.0
2023-04-29 00:00:00+00:00,48207527800.0
2023-04-30 00:00:00+00:00,48429582192.0
2023-05-01 00:00:00+00:00,48028076572.0
2023-05-02 00:00:00+00:00,46909367839.0
2023-05-03 00:00:00+00:00,47490540668.0
2023-05-04 00:00:00+00:00,48220627840.0
2023-05-05 00:00:00+00:00,48048677029.0
2023-05-06 00:00:00+00:00,49692916552.0
2023-05-07 00:00:00+00:00,48398700250.0
2023-05-08 00:00:00+00:00,47925767397.0
2023-05-09 00:00:00+00:00,46678079512.0
2023-05-10 00:00:00+00:00,46829086239.0
2023-05-11 00:00:00+00:00,46571370322.0
2023-05-12 00:00:00+00:00,45855332539.0
2023-05-13 00:00:00+00:00,45854956452.0
2023-05-14 00:00:00+00:00,45776352620.0
2023-05-15 00:00:00+00:00,45722922869.0
2023-05-16 00:00:00+00:00,46231615398.0
2023-05-17 00:00:00+00:00,46275821533.0
2023-05-18 00:00:00+00:00,46397730877.0
2023-05-19 00:00:00+00:00,46122025607.0
2023-05-20 00:00:00+00:00,46216686491.0
2023-05-21 00:00:00+00:00,46686497597.0
2023-05-22 00:00:00+00:00,46259061443.0
2023-05-23 00:00:00+00:00,46615534318.0
2023-05-24 00:00:00+00:00,47178803678.0
2023-05-25 00:00:00+00:00,45877116961.0
2023-05-26 00:00:00+00:00,45918110263.0
2023-05-27 00:00:00+00:00,46214185951.0
2023-05-28 00:00:00+00:00,46502158418.0
2023-05-29 00:00:00+00:00,47645507388.0
2023-05-30 00:00:00+00:00,47109559440.0
2023-05-31 00:00:00+00:00,47069768513.0
2023-06-01 00:00:00+00:00,45782318600.0
2023-06-02 00:00:00+00:00,45662063704.0
2023-06-03 00:00:00+00:00,46495162916.0
2023-06-04 00:00:00+00:00,46282635583.0
2023-06-05 00:00:00+00:00,46232004407.0
2023-06-06 00:00:00+00:00,44524155343.0
2023-06-07 00:00:00+00:00,45685263100.0
2023-06-08 00:00:00+00:00,44465216090.0
2023-06-09 00:00:00+00:00,44537532878.0
2023-06-10 00:00:00+00:00,43988776228.0
2023-06-11 00:00:00+00:00,42124956976.0
2023-06-12 00:00:00+00:00,42124135988.0
2023-06-13 00:00:00+00:00,41873458283.0
2023-06-14 00:00:00+00:00,42080843434.0
2023-06-15 00:00:00+00:00,40655952963.0
2023-06-16 00:00:00+00:00,40606080108.0
2023-06-17 00:00:00+00:00,41343431638.0
2023-06-18 00:00:00+00:00,41644884876.0
2023-06-19 00:00:00+00:00,41562882919.0
2023-06-20 00:00:00+00:00,41828707044.0
2023-06-21 00:00:00+00:00,43094351524.0
2023-06-22 00:00:00+00:00,44627698343.0
2023-06-23 00:00:00+00:00,44135224148.0
2023-06-24 00:00:00+00:00,44382755604.0
2023-06-25 00:00:00+00:00,44172391079.0
2023-06-26 00:00:00+00:00,44510077645.0
2023-06-27 00:00:00+00:00,44125064439.0
2023-06-28 00:00:00+00:00,44252528587.0
2023-06-29 00:00:00+00:00,43414223093.0
2023-06-30 00:00:00+00:00,43894244266.0
2023-07-01 00:00:00+00:00,45000938317.0
2023-07-02 00:00:00+00:00,44921015263.0
2023-07-03 00:00:00+00:00,45072930709.0
2023-07-04 00:00:00+00:00,45315421781.0
2023-07-05 00:00:00+00:00,44996834113.0
2023-07-06 00:00:00+00:00,44476654366.0
2023-07-07 00:00:00+00:00,43523899369.0
2023-07-08 00:00:00+00:00,43957337471.0
2023-07-09 00:00:00+00:00,44010442426.0
2023-07-10 00:00:00+00:00,43922695451.0
2023-07-11 00:00:00+00:00,44040522575.0
2023-07-12 00:00:00+00:00,44179231347.0
2023-07-13 00:00:00+00:00,43967642901.0
2023-07-14 00:00:00+00:00,45705361929.0
2023-07-15 00:00:00+00:00,44633469883.0
2023-07-16 00:00:00+00:00,44789203274.0
2023-07-17 00:00:00+00:00,44536652690.0
2023-07-18 00:00:00+00:00,44425021304.0
2023-07-19 00:00:00+00:00,44073998975.0
2023-07-20 00:00:00+00:00,43801228126.0
2023-07-21 00:00:00+00:00,43823561702.0
2023-07-22 00:00:00+00:00,43879520908.0
2023-07-23 00:00:00+00:00,43355855872.0
2023-07-24 00:00:00+00:00,43684153174.0
2023-07-25 00:00:00+00:00,42793087799.0
2023-07-26 00:00:00+00:00,42764210106.0
2023-07-27 00:00:00+00:00,42983610999.0
2023-07-28 00:00:00+00:00,42953955311.0
2023-07-29 00:00:00+00:00,43252649482.0
2023-07-30 00:00:00+00:00,43560758084.0
2023-07-31 00:00:00+00:00,41300120967.0
2023-08-01 00:00:00+00:00,40617400849.0
2023-08-02 00:00:00+00:00,40244084522.0
2023-08-03 00:00:00+00:00,39809082644.0
2023-08-04 00:00:00+00:00,40263886011.0
2023-08-05 00:00:00+00:00,40215338268.0
2023-08-06 00:00:00+00:00,40336691250.0
2023-08-07 00:00:00+00:00,40414556917.0
2023-08-08 00:00:00+00:00,40733129524.0
2023-08-09 00:00:00+00:00,41237293070.0
2023-08-10 00:00:00+00:00,41243139743.0
2023-08-11 00:00:00+00:00,41526199605.0
2023-08-12 00:00:00+00:00,41682077545.0
2023-08-13 00:00:00+00:00,41701821135.0
2023-08-14 00:00:00+00:00,41569596294.0
2023-08-15 00:00:00+00:00,41579214017.0
2023-08-16 00:00:00+00:00,41006562946.0
2023-08-17 00:00:00+00:00,40089139913.0
2023-08-18 00:00:00+00:00,38408598397.0
2023-08-19 00:00:00+00:00,38079912707.0
2023-08-20 00:00:00+00:00,38239342152.0
2023-08-21 00:00:00+00:00,38066098782.0
2023-08-22 00:00:00+00:00,37885232374.0
2023-08-23 00:00:00+00:00,37402147309.0
2023-08-24 00:00:00+00:00,38124299717.0
2023-08-25 00:00:00+00:00,37850324747.0
2023-08-26 00:00:00+00:00,37647428522.0
2023-08-27 00:00:00+00:00,37610890837.0
2023-08-28 00:00:00+00:00,37841634901.0
2023-08-29 00:00:00+00:00,37849943068.0
2023-08-30 00:00:00+00:00,39002937138.0
2023-08-31 00:00:00+00:00,38495399312.0
2023-09-01 00:00:00+00:00,37623870615.0
2023-09-02 00:00:00+00:00,37465965849.0
2023-09-03 00:00:00+00:00,37563195874.0
2023-09-04 00:00:00+00:00,37653471861.0
2023-09-05 00:00:00+00:00,37480752017.0
2023-09-06 00:00:00+00:00,37716810319.0
2023-09-07 00:00:00+00:00,37594116458.0
2023-09-08 00:00:00+00:00,37968365237.0
2023-09-09 00:00:00+00:00,37664398861.0
2023-09-10 00:00:00+00:00,37598319352.0
2023-09-11 00:00:00+00:00,37335390944.0
2023-09-12 00:00:00+00:00,36244788811.0
2023-09-13 00:00:00+00:00,36929240328.0
2023-09-14 00:00:00+00:00,37259251666.0
2023-09-15 00:00:00+00:00,37557760194.0
2023-09-16 00:00:00+00:00,38719381433.0
2023-09-17 00:00:00+00:00,38498364068.0
2023-09-18 00:00:00+00:00,38297995242.0
2023-09-19 00:00:00+00:00,38515685549.0
2023-09-20 00:00:00+00:00,38737844291.0
2023-09-21 00:00:00+00:00,38432816382.0
2023-09-22 00:00:00+00:00,37727424670.0
2023-09-23 00:00:00+00:00,37915566490.0
2023-09-24 00:00:00+00:00,37836154360.0
2023-09-25 00:00:00+00:00,37454301858.0
2023-09-26 00:00:00+00:00,37672959878.0
2023-09-27 00:00:00+00:00,37692878875.0
2023-09-28 00:00:00+00:00,37701396218.0
2023-09-29 00:00:00+00:00,38427843784.0
2023-09-30 00:00:00+00:00,38534436127.0
2023-10-01 00:00:00+00:00,38541815560.0
2023-10-02 00:00:00+00:00,39500354100.0
2023-10-03 00:00:00+00:00,38615320629.0
2023-10-04 00:00:00+00:00,38322246415.0
2023-10-05 00:00:00+00:00,38504941572.0
2023-10-06 00:00:00+00:00,38149046099.0
2023-10-07 00:00:00+00:00,38540210656.0
2023-10-08 00:00:00+00:00,38465673684.0
2023-10-09 00:00:00+00:00,38263925657.0
2023-10-10 00:00:00+00:00,37508107962.0
2023-10-11 00:00:00+00:00,36888283994.0
2023-10-12 00:00:00+00:00,36572518223.0
2023-10-13 00:00:00+00:00,36029196770.0
2023-10-14 00:00:00+00:00,36577281131.0
2023-10-15 00:00:00+00:00,36620417455.0
2023-10-16 00:00:00+00:00,36653787191.0
2023-10-17 00:00:00+00:00,37287917022.0
2023-10-18 00:00:00+00:00,36866741194.0
2023-10-19 00:00:00+00:00,36523572886.0
2023-10-20 00:00:00+00:00,36761990081.0
2023-10-21 00:00:00+00:00,37384042146.0
2023-10-22 00:00:00+00:00,38046845889.0
2023-10-23 00:00:00+00:00,38697044530.0
2023-10-24 00:00:00+00:00,40782619149.0
2023-10-25 00:00:00+00:00,40669722181.0
2023-10-26 00:00:00+00:00,41098687585.0
2023-10-27 00:00:00+00:00,41077447414.0
2023-10-28 00:00:00+00:00,40738682895.0
2023-10-29 00:00:00+00:00,41219925989.0
2023-10-30 00:00:00+00:00,41627248081.0
2023-10-31 00:00:00+00:00,42263607311.0
2023-11-01 00:00:00+00:00,41933222890.0
2023-11-02 00:00:00+00:00,42847818195.0
2023-11-03 00:00:00+00:00,42075384852.0
2023-11-04 00:00:00+00:00,42894554522.0
2023-11-05 00:00:00+00:00,43666242913.0
2023-11-06 00:00:00+00:00,43623404992.0
2023-11-07 00:00:00+00:00,43825723636.0
2023-11-08 00:00:00+00:00,43829189658.0
2023-11-09 00:00:00+00:00,44343501261.0
2023-11-10 00:00:00+00:00,46633128095.0
2023-11-11 00:00:00+00:00,46713941111.0
2023-11-12 00:00:00+00:00,46521537503.0
2023-11-13 00:00:00+00:00,46726625990.0
2023-11-14 00:00:00+00:00,45943175672.0
2023-11-15 00:00:00+00:00,45476538836.0
2023-11-16 00:00:00+00:00,47194395567.0
2023-11-17 00:00:00+00:00,45462488813.0
2023-11-18 00:00:00+00:00,45573246210.0
2023-11-19 00:00:00+00:00,45774476577.0
2023-11-20 00:00:00+00:00,46772106400.0
2023-11-21 00:00:00+00:00,46791540223.0
2023-11-22 00:00:00+00:00,44838071369.0
2023-11-23 00:00:00+00:00,46752755079.0
2023-11-24 00:00:00+00:00,46758137967.0
2023-11-25 00:00:00+00:00,47046038886.0
2023-11-26 00:00:00+00:00,46916196205.0
2023-11-27 00:00:00+00:00,46174589900.0
2023-11-28 00:00:00+00:00,45613780248.0
2023-11-29 00:00:00+00:00,46103807966.0
2023-11-30 00:00:00+00:00,45917956989.0
2023-12-01 00:00:00+00:00,46220265021.0
2023-12-02 00:00:00+00:00,46806134727.0
2023-12-03 00:00:00+00:00,48075560080.0
2023-12-04 00:00:00+00:00,48557851808.0
2023-12-05 00:00:00+00:00,49177597789.0
2023-12-06 00:00:00+00:00,50306669582.0
2023-12-07 00:00:00+00:00,49488485837.0
2023-12-08 00:00:00+00:00,50978471800.0
2023-12-09 00:00:00+00:00,51785236549.0
2023-12-10 00:00:00+00:00,51347575778.0
2023-12-11 00:00:00+00:00,50919357186.0
2023-12-12 00:00:00+00:00,49648429285.0
2023-12-13 00:00:00+00:00,49383909807.0
2023-12-14 00:00:00+00:00,50574351813.0
2023-12-15 00:00:00+00:00,51748144400.0
2023-12-16 00:00:00+00:00,49997035375.0
2023-12-17 00:00:00+00:00,50297521914.0
2023-12-18 00:00:00+00:00,49776002932.0
2023-12-19 00:00:00+00:00,50799884368.0
2023-12-20 00:00:00+00:00,50295862902.0
2023-12-21 00:00:00+00:00,51353824071.0
2023-12-22 00:00:00+00:00,52012552367.0
2023-12-23 00:00:00+00:00,52983746685.0
2023-12-24 00:00:00+00:00,53075057390.0
2023-12-25 00:00:00+00:00,52691738722.0
2023-12-26 00:00:00+00:00,52919557368.0
2023-12-27 00:00:00+00:00,52205534494.0
2023-12-28 00:00:00+00:00,54157820005.0
2023-12-29 00:00:00+00:00,53399508854.0
2023-12-30 00:00:00+00:00,52731486559.0
2023-12-31 00:00:00+00:00,52792679661.0
2024-01-01 00:00:00+00:00,52578508068.0
2024-01-02 00:00:00+00:00,54748129594.0
2024-01-03 00:00:00+00:00,54607850133.0
2024-01-04 00:00:00+00:00,52059311178.0
2024-01-05 00:00:00+00:00,53568955331.0
2024-01-06 00:00:00+00:00,53214045163.0
2024-01-07 00:00:00+00:00,52775176055.0
2024-01-08 00:00:00+00:00,52030476978.0
2024-01-09 00:00:00+00:00,54027206829.0
2024-01-10 00:00:00+00:00,54162299446.0
2024-01-11 00:00:00+00:00,57337425745.0
2024-01-12 00:00:00+00:00,57717486321.0
2024-01-13 00:00:00+00:00,55517563542.0
2024-01-14 00:00:00+00:00,56335110693.0
2024-01-15 00:00:00+00:00,55576668318.0
2024-01-16 00:00:00+00:00,55845290617.0
2024-01-17 00:00:00+00:00,56650196395.0
2024-01-18 00:00:00+00:00,55985640268.0
2024-01-19 00:00:00+00:00,54870704140.0
2024-01-20 00:00:00+00:00,55044823818.0
2024-01-21 00:00:00+00:00,55023086540.0
2024-01-22 00:00:00+00:00,54861721583.0
2024-01-23 00:00:00+00:00,52864452752.0
2024-01-24 00:00:00+00:00,52241330405.0
2024-01-25 00:00:00+00:00,52429869767.0
2024-01-26 00:00:00+00:00,52440026749.0
2024-01-27 00:00:00+00:00,53791587824.0
2024-01-28 00:00:00+00:00,54031900302.0
2024-01-29 00:00:00+00:00,53983129192.0
2024-01-30 00:00:00+00:00,55146941946.0
2024-01-31 00:00:00+00:00,54979343537.0
2024-02-01 00:00:00+00:00,53856534332.0
2024-02-02 00:00:00+00:00,54649921449.0
2024-02-03 00:00:00+00:00,54975147067.0
2024-02-04 00:00:00+00:00,54502582773.0
2024-02-05 00:00:00+00:00,54413767320.0
2024-02-06 00:00:00+00:00,55891751085.0
2024-02-07 00:00:00+00:00,57609495006.0
2024-02-08 00:00:00+00:00,58976891617.0
2024-02-09 00:00:00+00:00,60072346142.0
2024-02-10 00:00:00+00:00,61942559400.0
2024-02-11 00:00:00+00:00,62162611545.0
2024-02-12 00:00:00+00:00,62373072349.0
2024-02-13 00:00:00+00:00,64863154492.0
2024-02-14 00:00:00+00:00,64379107499.0
2024-02-15 00:00:00+00:00,67085546137.0
2024-02-16 00:00:00+00:00,67233300562.0
2024-02-17 00:00:00+00:00,66923465254.0
2024-02-18 00:00:00+00:00,66908267058.0
2024-02-19 00:00:00+00:00,68524120753.0
2024-02-20 00:00:00+00:00,69696002398.0
2024-02-21 00:00:00+00:00,70295614988.0
2024-02-22 00:00:00+00:00,69657515664.0
2024-02-23 00:00:00+00:00,69766701989.0
2024-02-24 00:00:00+00:00,68816609585.0
2024-02-25 00:00:00+00:00,70099830579.0
2024-02-26 00:00:00+00:00,71621866206.0
2024-02-27 00:00:00+00:00,73801725030.0
2024-02-28 00:00:00+00:00,75272013319.0
2024-02-29 00:00:00+00:00,78416972586.0
2024-03-01 00:00:00+00:00,78112693644.0
2024-03-02 00:00:00+00:00,80464590380.0
2024-03-03 00:00:00+00:00,80519402562.0
2024-03-04 00:00:00+00:00,81999528073.0
2024-03-05 00:00:00+00:00,84467014415.0
2024-03-06 00:00:00+00:00,82262412301.0
2024-03-07 00:00:00+00:00,87547904555.0
2024-03-08 00:00:00+00:00,88359594630.0
2024-03-09 00:00:00+00:00,89769800236.0
2024-03-10 00:00:00+00:00,90368610769.0
2024-03-11 00:00:00+00:00,90258861583.0
2024-03-12 00:00:00+00:00,94300837444.0
2024-03-13 00:00:00+00:00,92751926072.0
2024-03-14 00:00:00+00:00,94176588005.0
2024-03-15 00:00:00+00:00,92137998906.0
2024-03-16 00:00:00+00:00,89888011827.0
2024-03-17 00:00:00+00:00,85377854554.0
2024-03-18 00:00:00+00:00,88358262884.0
2024-03-19 00:00:00+00:00,86075169523.0
2024-03-20 00:00:00+00:00,79395659784.0
2024-03-21 00:00:00+00:00,87053906213.0
2024-03-22 00:00:00+00:00,86266207701.0
2024-03-23 00:00:00+00:00,83624029755.0
2024-03-24 00:00:00+00:00,84830866133.0
2024-03-25 00:00:00+00:00,87424598368.0
2024-03-26 00:00:00+00:00,90874686499.0
2024-03-27 00:00:00+00:00,91007853118.0
2024-03-28 00:00:00+00:00,89632169608.0
2024-03-29 00:00:00+00:00,91351736243.0
2024-03-30 00:00:00+00:00,90721509357.0
2024-03-31 00:00:00+00:00,90662806810.0
2024-04-01 00:00:00+00:00,92951104648.0
2024-04-02 00:00:00+00:00,90648538249.0
2024-04-03 00:00:00+00:00,86474979501.0
2024-04-04 00:00:00+00:00,87250508703.0
2024-04-05 00:00:00+00:00,87946556765.0
2024-04-06 00:00:00+00:00,87774403454.0
2024-04-07 00:00:00+00:00,88785334122.0
2024-04-08 00:00:00+00:00,90128010710.0
2024-04-09 00:00:00+00:00,95041928107.0
2024-04-10 00:00:00+00:00,91903681277.0
2024-04-11 00:00:00+00:00,92822230631.0
2024-04-12 00:00:00+00:00,93370459479.0
2024-04-13 00:00:00+00:00,85811468543.0
2024-04-14 00:00:00+00:00,79027331227.0
2024-04-15 00:00:00+00:00,83467994595.0
2024-04-16 00:00:00+00:00,83152337251.0
2024-04-17 00:00:00+00:00,82216284512.0
2024-04-18 00:00:00+00:00,80547430892.0
2024-04-19 00:00:00+00:00,82518719577.0
2024-04-20 00:00:00+00:00,83268080445.0
2024-04-21 00:00:00+00:00,85612343864.0
2024-04-22 00:00:00+00:00,85813025444.0
2024-04-23 00:00:00+00:00,87222037921.0
2024-04-24 00:00:00+00:00,87731876065.0
2024-04-25 00:00:00+00:00,85258599748.0
2024-04-26 00:00:00+00:00,85878964133.0
2024-04-27 00:00:00+00:00,85010731581.0
2024-04-28 00:00:00+00:00,87003129175.0
2024-04-29 00:00:00+00:00,87332172704.0
2024-04-30 00:00:00+00:00,85654034758.0
2024-05-01 00:00:00+00:00,81124919965.0
2024-05-02 00:00:00+00:00,81009104333.0
2024-05-03 00:00:00+00:00,82249143057.0
2024-05-04 00:00:00+00:00,85526381616.0
2024-05-05 00:00:00+00:00,86222764162.0
2024-05-06 00:00:00+00:00,86882624786.0
2024-05-07 00:00:00+00:00,85518716712.0
2024-05-08 00:00:00+00:00,84449471733.0
2024-05-09 00:00:00+00:00,82859090861.0
2024-05-10 00:00:00+00:00,84435311524.0
2024-05-11 00:00:00+00:00,82157411067.0
2024-05-12 00:00:00+00:00,82447195047.0
2024-05-13 00:00:00+00:00,82850174764.0
2024-05-14 00:00:00+00:00,82944918223.0
2024-05-15 00:00:00+00:00,81497840785.0
2024-05-16 00:00:00+00:00,85207670660.0
2024-05-17 00:00:00+00:00,84399830200.0
2024-05-18 00:00:00+00:00,87360405534.0
2024-05-19 00:00:00+00:00,87973178203.0
2024-05-20 00:00:00+00:00,87048232756.0
2024-05-21 00:00:00+00:00,96832727585.0
2024-05-22 00:00:00+00:00,98407020114.0
2024-05-23 00:00:00+00:00,98666595493.0
2024-05-24 00:00:00+00:00,97941958443.0
2024-05-25 00:00:00+00:00,97914117738.0
2024-05-26 00:00:00+00:00,98475399997.0
2024-05-27 00:00:00+00:00,100017830282.0
2024-05-28 00:00:00+00:00,100624623128.0
2024-05-29 00:00:00+00:00,99595706930.0
2024-05-30 00:00:00+00:00,98293662321.0
2024-05-31 00:00:00+00:00,98131357979.0
2024-06-01 00:00:00+00:00,98928575007.0
2024-06-02 00:00:00+00:00,99710641307.0
2024-06-03 00:00:00+00:00,99443243308.0
2024-06-04 00:00:00+00:00,99293850227.0
2024-06-05 00:00:00+00:00,100841424629.0
2024-06-06 00:00:00+00:00,102054588362.0
2024-06-07 00:00:00+00:00,101295133200.0
2024-06-08 00:00:00+00:00,98756768725.0
2024-06-09 00:00:00+00:00,98189996555.0
2024-06-10 00:00:00+00:00,98623229339.0
2024-06-11 00:00:00+00:00,97169508451.0
2024-06-12 00:00:00+00:00,94588886789.0
2024-06-13 00:00:00+00:00,96175446217.0
2024-06-14 00:00:00+00:00,94280224031.0
2024-06-15 00:00:00+00:00,93875903621.0
2024-06-16 00:00:00+00:00,95249882654.0
2024-06-17 00:00:00+00:00,96061009648.0
2024-06-18 00:00:00+00:00,93924994243.0
2024-06-19 00:00:00+00:00,92803066902.0
2024-06-20 00:00:00+00:00,93833101333.0
2024-06-21 00:00:00+00:00,92092384118.0
2024-06-22 00:00:00+00:00,92414962232.0
2024-06-23 00:00:00+00:00,92645229072.0
2024-06-24 00:00:00+00:00,90272792046.0
2024-06-25 00:00:00+00:00,88940057882.0
2024-06-26 00:00:00+00:00,90599746900.0
2024-06-27 00:00:00+00:00,89873884843.0
2024-06-28 00:00:00+00:00,90921059317.0
2024-06-29 00:00:00+00:00,89143876471.0
2024-06-30 00:00:00+00:00,89398686928.0
2024-07-01 00:00:00+00:00,91070611016.0
2024-07-02 00:00:00+00:00,91592156876.0
2024-07-03 00:00:00+00:00,90606145294.0
2024-07-04 00:00:00+00:00,88081163704.0
2024-07-05 00:00:00+00:00,83745846172.0
2024-07-06 00:00:00+00:00,82147076372.0
2024-07-07 00:00:00+00:00,83286692644.0
2024-07-08 00:00:00+00:00,80678931507.0
2024-07-09 00:00:00+00:00,82708994574.0
2024-07-10 00:00:00+00:00,83795363554.0
2024-07-11 00:00:00+00:00,84469014338.0
2024-07-12 00:00:00+00:00,84617844378.0
2024-07-13 00:00:00+00:00,85100362723.0
2024-07-14 00:00:00+00:00,86348859190.0
2024-07-15 00:00:00+00:00,88672566536.0
2024-07-16 00:00:00+00:00,91731410887.0
2024-07-17 00:00:00+00:00,92576710765.0
2024-07-18 00:00:00+00:00,91816231034.0
2024-07-19 00:00:00+00:00,91669915200.0
2024-07-20 00:00:00+00:00,94277005970.0
2024-07-21 00:00:00+00:00,94741090272.0
2024-07-22 00:00:00+00:00,95236630943.0
2024-07-23 00:00:00+00:00,94331011615.0
2024-07-24 00:00:00+00:00,94160502227.0
2024-07-25 00:00:00+00:00,91283616697.0
2024-07-26 00:00:00+00:00,89733145886.0
2024-07-27 00:00:00+00:00,92218421650.0
2024-07-28 00:00:00+00:00,92481217043.0
2024-07-29 00:00:00+00:00,92640175099.0
2024-07-30 00:00:00+00:00,93380876917.0
2024-07-31 00:00:00+00:00,91967004609.0
2024-08-01 00:00:00+00:00,90332881001.0
2024-08-02 00:00:00+00:00,89348963732.0
2024-08-03 00:00:00+00:00,85085608924.0
2024-08-04 00:00:00+00:00,82819483876.0
2024-08-05 00:00:00+00:00,77039862768.0
2024-08-06 00:00:00+00:00,72851726716.0
2024-08-07 00:00:00+00:00,75231028589.0
2024-08-08 00:00:00+00:00,72968292869.0
2024-08-09 00:00:00+00:00,78706802902.0
2024-08-10 00:00:00+00:00,78951584593.0
2024-08-11 00:00:00+00:00,79338759552.0
2024-08-12 00:00:00+00:00,77307833790.0
2024-08-13 00:00:00+00:00,79042673536.0
2024-08-14 00:00:00+00:00,80560774474.0
2024-08-15 00:00:00+00:00,78736401119.0
2024-08-16 00:00:00+00:00,77787394388.0
2024-08-17 00:00:00+00:00,78738736296.0
2024-08-18 00:00:00+00:00,78999189976.0
2024-08-19 00:00:00+00:00,79623640569.0
2024-08-20 00:00:00+00:00,79604827174.0
2024-08-21 00:00:00+00:00,79405771621.0
2024-08-22 00:00:00+00:00,80946984853.0
2024-08-23 00:00:00+00:00,80661287263.0
2024-08-24 00:00:00+00:00,84716252390.0
2024-08-25 00:00:00+00:00,84392063061.0
2024-08-26 00:00:00+00:00,84821530258.0
2024-08-27 00:00:00+00:00,82767300921.0
2024-08-28 00:00:00+00:00,77942520317.0
2024-08-29 00:00:00+00:00,78403667605.0
2024-08-30 00:00:00+00:00,78434296443.0
2024-08-31 00:00:00+00:00,78281386528.0
2024-09-01 00:00:00+00:00,78065583986.0
2024-09-02 00:00:00+00:00,76378296512.0
2024-09-03 00:00:00+00:00,78469748239.0
2024-09-04 00:00:00+00:00,76471655421.0
2024-09-05 00:00:00+00:00,77238131764.0
2024-09-06 00:00:00+00:00,75651556751.0
2024-09-07 00:00:00+00:00,72192327081.0
2024-09-08 00:00:00+00:00,73472941575.0
2024-09-09 00:00:00+00:00,74380964851.0
2024-09-10 00:00:00+00:00,76451610864.0
2024-09-11 00:00:00+00:00,76948322073.0
2024-09-12 00:00:00+00:00,76423184643.0
2024-09-13 00:00:00+00:00,77149799187.0
2024-09-14 00:00:00+00:00,79664588328.0
2024-09-15 00:00:00+00:00,78962645184.0
2024-09-16 00:00:00+00:00,77542235751.0
2024-09-17 00:00:00+00:00,75769601572.0
2024-09-18 00:00:00+00:00,77451699286.0
2024-09-19 00:00:00+00:00,77461462963.0
2024-09-20 00:00:00+00:00,80347410146.0
2024-09-21 00:00:00+00:00,82347378832.0
2024-09-22 00:00:00+00:00,82952241081.0
2024-09-23 00:00:00+00:00,82290124681.0
2024-09-24 00:00:00+00:00,84124108672.0
2024-09-25 00:00:00+00:00,84781389354.0
2024-09-26 00:00:00+00:00,83237371392.0
2024-09-27 00:00:00+00:00,85325873154.0
2024-09-28 00:00:00+00:00,86454827606.0
2024-09-29 00:00:00+00:00,85909668347.0
2024-09-30 00:00:00+00:00,85952736609.0
2024-10-01 00:00:00+00:00,84224835923.0
2024-10-02 00:00:00+00:00,80967619423.0
2024-10-03 00:00:00+00:00,78644808553.0
2024-10-04 00:00:00+00:00,78381749975.0
2024-10-05 00:00:00+00:00,80345132742.0
2024-10-06 00:00:00+00:00,80042610102.0
2024-10-07 00:00:00+00:00,79586670402.0
2024-10-08 00:00:00+00:00,80090749039.0
2024-10-09 00:00:00+00:00,79272755112.0
2024-10-10 00:00:00+00:00,77692554105.0
2024-10-11 00:00:00+00:00,77555434664.0
2024-10-12 00:00:00+00:00,80257830232.0
2024-10-13 00:00:00+00:00,81309586004.0
2024-10-14 00:00:00+00:00,81041068134.0
2024-10-15 00:00:00+00:00,84572655967.0
2024-10-16 00:00:00+00:00,83603871840.0
2024-10-17 00:00:00+00:00,83546954407.0
2024-10-18 00:00:00+00:00,82333971538.0
2024-10-19 00:00:00+00:00,83108040953.0
2024-10-20 00:00:00+00:00,83164990473.0
2024-10-21 00:00:00+00:00,85217267500.0
2024-10-22 00:00:00+00:00,85333576214.0
2024-10-23 00:00:00+00:00,85329500838.0
2024-10-24 00:00:00+00:00,83315984969.0
2024-10-25 00:00:00+00:00,84679079229.0
2024-10-26 00:00:00+00:00,82379045027.0
2024-10-27 00:00:00+00:00,82688812593.0
2024-10-28 00:00:00+00:00,82778939332.0
2024-10-29 00:00:00+00:00,84233376955.0
2024-10-30 00:00:00+00:00,86201624116.0
2024-10-31 00:00:00+00:00,86655864242.0
2024-11-01 00:00:00+00:00,83633405265.0
2024-11-02 00:00:00+00:00,83516869479.0
2024-11-03 00:00:00+00:00,83049110963.0
2024-11-04 00:00:00+00:00,82375494575.0
2024-11-05 00:00:00+00:00,80568352707.0
2024-11-06 00:00:00+00:00,82309820067.0
2024-11-07 00:00:00+00:00,89426377918.0
2024-11-08 00:00:00+00:00,92163307976.0
2024-11-09 00:00:00+00:00,93520630579.0
2024-11-10 00:00:00+00:00,96594504462.0
2024-11-11 00:00:00+00:00,99134367569.0
2024-11-12 00:00:00+00:00,103742386572.0
2024-11-13 00:00:00+00:00,103235626004.0
2024-11-14 00:00:00+00:00,101832018039.0
2024-11-15 00:00:00+00:00,99355054306.0
2024-11-16 00:00:00+00:00,101499962726.0
2024-11-17 00:00:00+00:00,102469905843.0
2024-11-18 00:00:00+00:00,101968254849.0
2024-11-19 00:00:00+00:00,104504470943.0
2024-11-20 00:00:00+00:00,103228933684.0
2024-11-21 00:00:00+00:00,102921046272.0
2024-11-22 00:00:00+00:00,109653962966.0
2024-11-23 00:00:00+00:00,110116593197.0
2024-11-24 00:00:00+00:00,111851978301.0
2024-11-25 00:00:00+00:00,111421166005.0
2024-11-26 00:00:00+00:00,109926791242.0
2024-11-27 00:00:00+00:00,108445573183.0
2024-11-28 00:00:00+00:00,116849083274.0
2024-11-29 00:00:00+00:00,115657700900.0
2024-11-30 00:00:00+00:00,117359150829.0
2024-12-01 00:00:00+00:00,119667484779.0
2024-12-02 00:00:00+00:00,120122169441.0
2024-12-03 00:00:00+00:00,118532988769.0
2024-12-04 00:00:00+00:00,126679260605.0
2024-12-05 00:00:00+00:00,125353446352.0
2024-12-06 00:00:00+00:00,124303225202.0
2024-12-07 00:00:00+00:00,129553532461.0
2024-12-08 00:00:00+00:00,129785474728.0
2024-12-09 00:00:00+00:00,129659274272.0
2024-12-10 00:00:00+00:00,120029376822.0
2024-12-11 00:00:00+00:00,120008661511.0
2024-12-12 00:00:00+00:00,126610991923.0
2024-12-13 00:00:00+00:00,127838679615.0
2024-12-14 00:00:00+00:00,128870045200.0
2024-12-15 00:00:00+00:00,127926182815.0
2024-12-16 00:00:00+00:00,130838538351.0
2024-12-17 00:00:00+00:00,133049820657.0
2024-12-18 00:00:00+00:00,130289827411.0
2024-12-19 00:00:00+00:00,123593445184.0
2024-12-20 00:00:00+00:00,117655199190.0
2024-12-21 00:00:00+00:00,117928805960.0
2024-12-22 00:00:00+00:00,114598148788.0
2024-12-23 00:00:00+00:00,113816478284.0
2024-12-24 00:00:00+00:00,117508282071.0
2024-12-25 00:00:00+00:00,120611098609.0
2024-12-26 00:00:00+00:00,120600705621.0
2024-12-27 00:00:00+00:00,116310617897.0
2024-12-28 00:00:00+00:00,115929968123.0
2024-12-29 00:00:00+00:00,118230841339.0
2024-12-30 00:00:00+00:00,116660674215.0
2024-12-31 00:00:00+00:00,115896459602.0
2025-01-01 00:00:00+00:00,115429244718.0
2025-01-02 00:00:00+00:00,117147276926.0
2025-01-03 00:00:00+00:00,119930404683.0
2025-01-04 00:00:00+00:00,124132997245.0
2025-01-05 00:00:00+00:00,125385817633.0
2025-01-06 00:00:00+00:00,125069470931.0
2025-01-07 00:00:00+00:00,126700288878.0
2025-01-08 00:00:00+00:00,118486923993.0
2025-01-09 00:00:00+00:00,116670104577.0
2025-01-10 00:00:00+00:00,113608310010.0
2025-01-11 00:00:00+00:00,115873399426.0
2025-01-12 00:00:00+00:00,116418135501.0
2025-01-13 00:00:00+00:00,115280515181.0
2025-01-14 00:00:00+00:00,112829499792.0
2025-01-15 00:00:00+00:00,116024507645.0
2025-01-16 00:00:00+00:00,122167334138.0
2025-01-17 00:00:00+00:00,119893427095.0
2025-01-18 00:00:00+00:00,124899555503.0
2025-01-19 00:00:00+00:00,121880692086.0
2025-01-20 00:00:00+00:00,119130232808.0
2025-01-21 00:00:00+00:00,120061818880.0
2025-01-22 00:00:00+00:00,122844002004.0
2025-01-23 00:00:00+00:00,121608458867.0
2025-01-24 00:00:00+00:00,122635771733.0
2025-01-25 00:00:00+00:00,122319018121.0
2025-01-26 00:00:00+00:00,123196755750.0
2025-01-27 00:00:00+00:00,121009876606.0
2025-01-28 00:00:00+00:00,117750681237.0
2025-01-29 00:00:00+00:00,115469959896.0
2025-01-30 00:00:00+00:00,117561028359.0
2025-01-31 00:00:00+00:00,120765189826.0
2025-02-01 00:00:00+00:00,119694294174.0
2025-02-02 00:00:00+00:00,115175692086.0
2025-02-03 00:00:00+00:00,106850191292.0
2025-02-04 00:00:00+00:00,109693938930.0
2025-02-05 00:00:00+00:00,105976012379.0
2025-02-06 00:00:00+00:00,106738544194.0
2025-02-07 00:00:00+00:00,106410829112.0
2025-02-08 00:00:00+00:00,105962185242.0
2025-02-09 00:00:00+00:00,106740507582.0
2025-02-10 00:00:00+00:00,106775587719.0
2025-02-11 00:00:00+00:00,108313021878.0
2025-02-12 00:00:00+00:00,107005846425.0
2025-02-13 00:00:00+00:00,110754637808.0
2025-02-14 00:00:00+00:00,109295213976.0
2025-02-15 00:00:00+00:00,110281016351.0
2025-02-16 00:00:00+00:00,109825581783.0
2025-02-17 00:00:00+00:00,108924515793.0
2025-02-18 00:00:00+00:00,108754460632.0
2025-02-19 00:00:00+00:00,107051283694.0
2025-02-20 00:00:00+00:00,108940240414.0
2025-02-21 00:00:00+00:00,110278069583.0
2025-02-22 00:00:00+00:00,106900111370.0
2025-02-23 00:00:00+00:00,108969423589.0
2025-02-24 00:00:00+00:00,110266508386.0
2025-02-25 00:00:00+00:00,102453192539.0
2025-02-26 00:00:00+00:00,100642590176.0
2025-02-27 00:00:00+00:00,95996244819.0
2025-02-28 00:00:00+00:00,95764022913.0
2025-03-01 00:00:00+00:00,96075273154.0
2025-03-02 00:00:00+00:00,96456110727.0
2025-03-03 00:00:00+00:00,104679256331.0
2025-03-04 00:00:00+00:00,94617096653.0
2025-03-05 00:00:00+00:00,95127474803.0
2025-03-06 00:00:00+00:00,98146144698.0
2025-03-07 00:00:00+00:00,95855851430.0
2025-03-08 00:00:00+00:00,95269124860.0
2025-03-09 00:00:00+00:00,95864068819.0
2025-03-10 00:00:00+00:00,90246707556.0
2025-03-11 00:00:00+00:00,86392738343.0
2025-03-12 00:00:00+00:00,88965941352.0
2025-03-13 00:00:00+00:00,89349196742.0
2025-03-14 00:00:00+00:00,88655797289.0
2025-03-15 00:00:00+00:00,90891424647.0
2025-03-16 00:00:00+00:00,92104158054.0
2025-03-17 00:00:00+00:00,90360092278.0
2025-03-18 00:00:00+00:00,91748496060.0
2025-03-19 00:00:00+00:00,91739061124.0
2025-03-20 00:00:00+00:00,94490715110.0
2025-03-21 00:00:00+00:00,92069994775.0
2025-03-22 00:00:00+00:00,91955646781.0
2025-03-23 00:00:00+00:00,92606500663.0
2025-03-24 00:00:00+00:00,94263723561.0
2025-03-25 00:00:00+00:00,97532786538.0
2025-03-26 00:00:00+00:00,98395248891.0
2025-03-27 00:00:00+00:00,97069780828.0
2025-03-28 00:00:00+00:00,96707604865.0
2025-03-29 00:00:00+00:00,92862260334.0
2025-03-30 00:00:00+00:00,90679685866.0
2025-03-31 00:00:00+00:00,89450322321.0
2025-04-01 00:00:00+00:00,91539694739.0
2025-04-02 00:00:00+00:00,93257743069.0
2025-04-03 00:00:00+00:00,90510390438.0
2025-04-04 00:00:00+00:00,91266343029.0
2025-04-05 00:00:00+00:00,91785810904.0
2025-04-06 00:00:00+00:00,91406315938.0
2025-04-07 00:00:00+00:00,84614558030.0
2025-04-08 00:00:00+00:00,84206304182.0
2025-04-09 00:00:00+00:00,81921194178.0
2025-04-10 00:00:00+00:00,87653423959.0
2025-04-11 00:00:00+00:00,84137414552.0
2025-04-12 00:00:00+00:00,85797054566.0
2025-04-13 00:00:00+00:00,88002346250.0
2025-04-14 00:00:00+00:00,87147225864.0
2025-04-15 00:00:00+00:00,87217772456.0
2025-04-16 00:00:00+00:00,86810120312.0
2025-04-17 00:00:00+00:00,85917742177.0
2025-04-18 00:00:00+00:00,86154732392.0
2025-04-19 00:00:00+00:00,85699646774.0
2025-04-20 00:00:00+00:00,86995024416.0
2025-04-21 00:00:00+00:00,86637891960.0
2025-04-22 00:00:00+00:00,86006143031.0
2025-04-23 00:00:00+00:00,91530486865.0
2025-04-24 00:00:00+00:00,92796465141.0
2025-04-25 00:00:00+00:00,93731517256.0
2025-04-26 00:00:00+00:00,95905835913.0
2025-04-27 00:00:00+00:00,96969529486.0
2025-04-28 00:00:00+00:00,96253187542.0
2025-04-29 00:00:00+00:00,96804144234.0
2025-04-30 00:00:00+00:00,96094200222.0
2025-05-01 00:00:00+00:00,95969746953.0
2025-05-02 00:00:00+00:00,97890691221.0
2025-05-03 00:00:00+00:00,98463150215.0
2025-05-04 00:00:00+00:00,97888091859.0
2025-05-05 00:00:00+00:00,96913694191.0
2025-05-06 00:00:00+00:00,96494419149.0
2025-05-07 00:00:00+00:00,96509767099.0
2025-05-08 00:00:00+00:00,95582455961.0
2025-05-09 00:00:00+00:00,105378951941.0
2025-05-10 00:00:00+00:00,108367507916.0
2025-05-11 00:00:00+00:00,114430887440.0
2025-05-12 00:00:00+00:00,113031251120.0
2025-05-13 00:00:00+00:00,111164526280.0
2025-05-14 00:00:00+00:00,115484566346.0
2025-05-15 00:00:00+00:00,112714227639.0
2025-05-16 00:00:00+00:00,110633737940.0
2025-05-17 00:00:00+00:00,110694176778.0
2025-05-18 00:00:00+00:00,109553638045.0
2025-05-19 00:00:00+00:00,110370619619.0
2025-05-20 00:00:00+00:00,111496209813.0
2025-05-21 00:00:00+00:00,112246438146.0
2025-05-22 00:00:00+00:00,114228571544.0
2025-05-23 00:00:00+00:00,116469506002.0
2025-05-24 00:00:00+00:00,111895110143.0
2025-05-25 00:00:00+00:00,112075802421.0
2025-05-26 00:00:00+00:00,113248001695.0
2025-05-27 00:00:00+00:00,114033556369.0
2025-05-28 00:00:00+00:00,115915574950.0
2025-05-29 00:00:00+00:00,115579603269.0
2025-05-30 00:00:00+00:00,113003363115.0
2025-05-31 00:00:00+00:00,109961936320.0
2025-06-01 00:00:00+00:00,110156586369.0
2025-06-02 00:00:00+00:00,110856206465.0
2025-06-03 00:00:00+00:00,110360852657.0
2025-06-04 00:00:00+00:00,109765394913.0
2025-06-05 00:00:00+00:00,109782053829.0
2025-06-06 00:00:00+00:00,104878503323.0
2025-06-07 00:00:00+00:00,107205758946.0
2025-06-08 00:00:00+00:00,108869386721.0
2025-06-09 00:00:00+00:00,108758819825.0
2025-06-10 00:00:00+00:00,113014445450.0
2025-06-11 00:00:00+00:00,116264899513.0
2025-06-12 00:00:00+00:00,115475977912.0
2025-06-13 00:00:00+00:00,109795604506.0
2025-06-14 00:00:00+00:00,109818246486.0
2025-06-15 00:00:00+00:00,108820800445.0
2025-06-16 00:00:00+00:00,109157149065.0
2025-06-17 00:00:00+00:00,111409649019.0
2025-06-18 00:00:00+00:00,109709197106.0
2025-06-19 00:00:00+00:00,110108021817.0
2025-06-20 00:00:00+00:00,110117921109.0
2025-06-21 00:00:00+00:00,106697405581.0
2025-06-22 00:00:00+00:00,103456236691.0
2025-06-23 00:00:00+00:00,100947797585.0
2025-06-24 00:00:00+00:00,106947819889.0
2025-06-25 00:00:00+00:00,108602911851.0
2025-06-26 00:00:00+00:00,108435937941.0
2025-06-27 00:00:00+00:00,107138318869.0
2025-06-28 00:00:00+00:00,107583022905.0
2025-06-29 00:00:00+00:00,109182760182.0
2025-06-30 00:00:00+00:00,110779343366.0
2025-07-01 00:00:00+00:00,110366683699.0
2025-07-02 00:00:00+00:00,108177001770.0
2025-07-03 00:00:00+00:00,111966265637.0
2025-07-04 00:00:00+00:00,113504156903.0
2025-07-05 00:00:00+00:00,111261793096.0
2025-07-06 00:00:00+00:00,111821964186.0
2025-07-07 00:00:00+00:00,113259594060.0
2025-07-08 00:00:00+00:00,112203497835.0
2025-07-09 00:00:00+00:00,114129113350.0
2025-07-10 00:00:00+00:00,118033315006.0
2025-07-11 00:00:00+00:00,122815210093.0
2025-07-12 00:00:00+00:00,123272069342.0
2025-07-13 00:00:00+00:00,123006506217.0
2025-07-14 00:00:00+00:00,124378544605.0
2025-07-15 00:00:00+00:00,124821867942.0
2025-07-16 00:00:00+00:00,126472973721.0
2025-07-17 00:00:00+00:00,130065076503.0
2025-07-18 00:00:00+00:00,132179175560.0
2025-07-19 00:00:00+00:00,133646443238.0
2025-07-20 00:00:00+00:00,134628095752.0
2025-07-21 00:00:00+00:00,138383162789.0
2025-07-22 00:00:00+00:00,138339841958.0
2025-07-23 00:00:00+00:00,139810125152.0
2025-07-24 00:00:00+00:00,136389751989.0
2025-07-25 00:00:00+00:00,135881430566.0
2025-07-26 00:00:00+00:00,137805335322.0
2025-07-27 00:00:00+00:00,138607319892.0
2025-07-28 00:00:00+00:00,142330143472.0
2025-07-29 00:00:00+00:00,139307689002.0
2025-07-30 00:00:00+00:00,138935501204.0
2025-07-31 00:00:00+00:00,138728897478.0
2025-08-01 00:00:00+00:00,135754042132.0
2025-08-02 00:00:00+00:00,130706469623.0
2025-08-03 00:00:00+00:00,128392607740.0
2025-08-04 00:00:00+00:00,131911795564.0
2025-08-05 00:00:00+00:00,136391353770.0
2025-08-06 00:00:00+00:00,135141688574.0
2025-08-07 00:00:00+00:00,137285695544.0
2025-08-08 00:00:00+00:00,143494892233.0
2025-08-09 00:00:00+00:00,144599548328.0
2025-08-10 00:00:00+00:00,149201007229.0
2025-08-11 00:00:00+00:00,148870093686.0
2025-08-12 00:00:00+00:00,147696915242.0
2025-08-13 00:00:00+00:00,154615106219.0
2025-08-14 00:00:00+00:00,157838672007.0
2025-08-15 00:00:00+00:00,153112039516.0
2025-08-16 00:00:00+00:00,150334886085.0
2025-08-17 00:00:00+00:00,150478241132.0
2025-08-18 00:00:00+00:00,150832998947.0
2025-08-19 00:00:00+00:00,148125002955.0
2025-08-20 00:00:00+00:00,142779956984.0
2025-08-21 00:00:00+00:00,148055363353.0
2025-08-22 00:00:00+00:00,146796690066.0
2025-08-23 00:00:00+00:00,158179625467.0
2025-08-24 00:00:00+00:00,159367588949.0
2025-08-25 00:00:00+00:00,156467708810.0
2025-08-26 00:00:00+00:00,149630553426.0
2025-08-27 00:00:00+00:00,154080198678.0
2025-08-28 00:00:00+00:00,153650698797.0
2025-08-29 00:00:00+00:00,154892344727.0
2025-08-30 00:00:00+00:00,150857547403.0
2025-08-31 00:00:00+00:00,151129706333.0
2025-09-01 00:00:00+00:00,150731014820.0
2025-09-02 00:00:00+00:00,148646990874.0
2025-09-03 00:00:00+00:00,149810931372.0
2025-09-04 00:00:00+00:00,153303262137.0
2025-09-05 00:00:00+00:00,150243845179.0
2025-09-06 00:00:00+00:00,150767587341.0
2025-09-07 00:00:00+00:00,149863526158.0
2025-09-08 00:00:00+00:00,151427918193.0
2025-09-09 00:00:00+00:00,152288919633.0
2025-09-10 00:00:00+00:00,152295953390.0
2025-09-11 00:00:00+00:00,154293720413.0
2025-09-12 00:00:00+00:00,156876961995.0
2025-09-13 00:00:00+00:00,162191372173.0
2025-09-14 00:00:00+00:00,161522888306.0
2025-09-15 00:00:00+00:00,159648464232.0
2025-09-16 00:00:00+00:00,158064387659.0
2025-09-17 00:00:00+00:00,158014375064.0
2025-09-18 00:00:00+00:00,160602716129.0
2025-09-19 00:00:00+00:00,161418280174.0
2025-09-20 00:00:00+00:00,158750099545.0
2025-09-21 00:00:00+00:00,160304549081.0
2025-09-22 00:00:00+00:00,158391109990.0
2025-09-23 00:00:00+00:00,152689292078.0
2025-09-24 00:00:00+00:00,150637823973.0
2025-09-25 00:00:00+00:00,150852835055.0
2025-09-26 00:00:00+00:00,145647669468.0
2025-09-27 00:00:00+00:00,148950369039.0
2025-09-28 00:00:00+00:00,150193819076.0
2025-09-29 00:00:00+00:00,154111712929.0
2025-09-30 00:00:00+00:00,156017217134.0
2025-10-01 00:00:00+00:00,155326758259.0
2025-10-02 00:00:00+00:00,161327443576.0
2025-10-03 00:00:00+00:00,164642240613.0
2025-10-04 00:00:00+00:00,166112156312.0
2025-10-05 00:00:00+00:00,165749625725.0
2025-10-06 00:00:00+00:00,166720125115.0
2025-10-07 00:00:00+00:00,171063826028.0
2025-10-08 00:00:00+00:00,167185752632.0
2025-10-09 00:00:00+00:00,168964239410.0
2025-10-10 00:00:00+00:00,164749356106.0
2025-10-11 00:00:00+00:00,147658422521.0
2025-10-12 00:00:00+00:00,145662560373.0
2025-10-13 00:00:00+00:00,155739487559.0
2025-10-14 00:00:00+00:00,158917198081.0
2025-10-15 00:00:00+00:00,155951344481.0
2025-10-16 00:00:00+00:00,150921222010.0
2025-10-17 00:00:00+00:00,148060705594.0
2025-10-18 00:00:00+00:00,145532441498.0
2025-10-19 00:00:00+00:00,148474648331.0
2025-10-20 00:00:00+00:00,148925321759.0
2025-10-21 00:00:00+00:00,151006493413.0
2025-10-22 00:00:00+00:00,147596147645.0
2025-10-23 00:00:00+00:00,144922794638.0
2025-10-24 00:00:00+00:00,146977649582.0
2025-10-25 00:00:00+00:00,149216462205.0
2025-10-26 00:00:00+00:00,149562779921.0
2025-10-27 00:00:00+00:00,154859454106.0
2025-10-28 00:00:00+00:00,154091222426.0
2025-10-29 00:00:00+00:00,151032822719.0
2025-10-30 00:00:00+00:00,149868837807.0
2025-10-31 00:00:00+00:00,146830413097.0
2025-11-01 00:00:00+00:00,147476972988.0
2025-11-02 00:00:00+00:00,147521603246.0
2025-11-03 00:00:00+00:00,147745800872.0
2025-11-04 00:00:00+00:00,139359425028.0
2025-11-05 00:00:00+00:00,129297901454.0
2025-11-06 00:00:00+00:00,130452346368.0
2025-11-07 00:00:00+00:00,127768285521.0
2025-11-08 00:00:00+00:00,130392714750.0
2025-11-09 00:00:00+00:00,129306660733.0
2025-11-10 00:00:00+00:00,133483804720.0
2025-11-11 00:00:00+00:00,133687582188.0
2025-11-12 00:00:00+00:00,129832791068.0
2025-11-13 00:00:00+00:00,129383561326.0
2025-11-14 00:00:00+00:00,126534561395.0
2025-11-15 00:00:00+00:00,124034036829.0
2025-11-16 00:00:00+00:00,124171556592.0
2025-11-17 00:00:00+00:00,121328597816.0
2025-11-18 00:00:00+00:00,118972006135.0
2025-11-19 00:00:00+00:00,121931405202.0
2025-11-20 00:00:00+00:00,119583102231.0
2025-11-21 00:00:00+00:00,115583799752.0
2025-11-22 00:00:00+00:00,111915724633.0
2025-11-23 00:00:00+00:00,110468529579.0
2025-11-24 00:00:00+00:00,112189106538.0
2025-11-25 00:00:00+00:00,115951481491.0
2025-11-26 00:00:00+00:00,116077791286.0
2025-11-27 00:00:00+00:00,118474032318.0
2025-11-28 00:00:00+00:00,118129028632.0
2025-11-29 00:00:00+00:00,118034695482.0
2025-11-30 00:00:00+00:00,116757974083.0
2025-12-01 00:00:00+00:00,115728439617.0
2025-12-02 00:00:00+00:00,111470596065.0
2025-12-03 00:00:00+00:00,116460531564.0
2025-12-04 00:00:00+00:00,120794508181.0
2025-12-05 00:00:00+00:00,119224800548.0
2025-12-06 00:00:00+00:00,117016813893.0
2025-12-07 00:00:00+00:00,116971428548.0
2025-12-08 00:00:00+00:00,117394734909.0
2025-12-09 00:00:00+00:00,118050350764.0
2025-12-10 00:00:00+00:00,121667432927.0
2025-12-11 00:00:00+00:00,120736004850.0
2025-12-12 00:00:00+00:00,120321132587.0
2025-12-13 00:00:00+00:00,118544783626.0
2025-12-14 00:00:00+00:00,119261970652.0
2025-12-15 00:00:00+00:00,118886288604.0
2025-12-16 00:00:00+00:00,115738055793.0
2025-12-17 00:00:00+00:00,116690960520.0
2025-12-18 00:00:00+00:00,113817756383.0
2025-12-19 00:00:00+00:00,113253579990.0
2025-12-20 00:00:00+00:00,116363705795.0
2025-12-21 00:00:00+00:00,116820882460.0
2025-12-22 00:00:00+00:00,117622246560.0
2025-12-23 00:00:00+00:00,117188670141.0
2025-12-24 00:00:00+00:00,114883209414.0
2025-12-25 00:00:00+00:00,115114097153.0
2025-12-26 00:00:00+00:00,114353641026.0
2025-12-27 00:00:00+00:00,114340072936.0
2025-12-28 00:00:00+00:00,114947207748.0
2025-12-29 00:00:00+00:00,115386111782.0
2025-12-30 00:00:00+00:00,113529105053.0
2025-12-31 00:00:00+00:00,113340599404.0
2026-01-01 00:00:00+00:00,114387815169.0
2026-01-02 00:00:00+00:00,116850168005.0
2026-01-03 00:00:00+00:00,119136789127.0
2026-01-04 00:00:00+00:00,120516342475.0
2026-01-05 00:00:00+00:00,121293420185.0
2026-01-06 00:00:00+00:00,123817840418.0
2026-01-07 00:00:00+00:00,124563686014.0
2026-01-08 00:00:00+00:00,121343020235.0
2026-01-09 00:00:00+00:00,119525199888.0
2026-01-10 00:00:00+00:00,118661925475.0
2026-01-11 00:00:00+00:00,119703846744.0
2026-01-12 00:00:00+00:00,120514706649.0
2026-01-13 00:00:00+00:00,119088962100.0
2026-01-14 00:00:00+00:00,125727504356.0
2026-01-15 00:00:00+00:00,127303133872.0
2026-01-16 00:00:00+00:00,126231458927.0
2026-01-17 00:00:00+00:00,126405058773.0
2026-01-18 00:00:00+00:00,127317245199.0
2026-01-19 00:00:00+00:00,124677250356.0
2026-01-20 00:00:00+00:00,124138200627.0
2026-01-21 00:00:00+00:00,117140815583.0
2026-01-22 00:00:00+00:00,118283489739.0
2026-01-23 00:00:00+00:00,117653085575.0
2026-01-24 00:00:00+00:00,117518264781.0
2026-01-25 00:00:00+00:00,118128661876.0
2026-01-26 00:00:00+00:00,114387142952.0
2026-01-27 00:00:00+00:00,117484768925.0
2026-01-28 00:00:00+00:00,119187541756.0
2026-01-29 00:00:00+00:00,119349876792.0
2026-01-30 00:00:00+00:00,114244545498.0
2026-01-31 00:00:00+00:00,112137208329.0
2026-02-01 00:00:00+00:00,105784613283.0
2026-02-02 00:00:00+00:00,102016930422.0
2026-02-03 00:00:00+00:00,103397270753.0
2026-02-04 00:00:00+00:00,101738487486.0
2026-02-05 00:00:00+00:00,99016086615.0
2026-02-06 00:00:00+00:00,88781154453.0
2026-02-07 00:00:00+00:00,94836562488.0
2026-02-08 00:00:00+00:00,96278283266.0
2026-02-09 00:00:00+00:00,96791051485.0
2026-02-10 00:00:00+00:00,96530712982.0
2026-02-11 00:00:00+00:00,94655551938.0
2026-02-12 00:00:00+00:00,93401192859.0
2026-02-13 00:00:00+00:00,93004598653.0
2026-02-14 00:00:00+00:00,95199392058.0
2026-02-15 00:00:00+00:00,95929223996.0
2026-02-16 00:00:00+00:00,93985180287.0
2026-02-17 00:00:00+00:00,94272573378.0
2026-02-18 00:00:00+00:00,93840505958.0
2026-02-19 00:00:00+00:00,90984315787.0
2026-02-20 00:00:00+00:00,91264726335.0
2026-02-21 00:00:00+00:00,91192722050.0
2026-02-22 00:00:00+00:00,91476635450.0
2026-02-23 00:00:00+00:00,90562486534.0
2026-02-24 00:00:00+00:00,87749176439.0
2026-02-25 00:00:00+00:00,87496204930.0
2026-02-26 00:00:00+00:00,92182295929.0
2026-02-27 00:00:00+00:00,91634814209.0
2026-02-28 00:00:00+00:00,89594703039.0
2026-03-01 00:00:00+00:00,90291151541.0
2026-03-02 00:00:00+00:00,89363585154.0
2026-03-03 00:00:00+00:00,91719808603.0
2026-03-04 00:00:00+00:00,90340278374.0
2026-03-05 00:00:00+00:00,94377906823.0
2026-03-06 00:00:00+00:00,93805599094.0
2026-03-07 00:00:00+00:00,91469518706.0
2026-03-08 00:00:00+00:00,91463299854.0
2026-03-09 00:00:00+00:00,91268878680.0
2026-03-10 00:00:00+00:00,93189966231.0
2026-03-11 00:00:00+00:00,93377812633.0
2026-03-12 00:00:00+00:00,92863435508.0
2026-03-13 00:00:00+00:00,94248053628.0
2026-03-14 00:00:00+00:00,93853124678.0
2026-03-15 00:00:00+00:00,94565717792.0
2026-03-16 00:00:00+00:00,96331850384.0
2026-03-17 00:00:00+00:00,99015128114.0
2026-03-18 00:00:00+00:00,98552901238.0
2026-03-19 00:00:00+00:00,95199660014.0
2026-03-20 00:00:00+00:00,93393204685.0
2026-03-21 00:00:00+00:00,94750149905.0
2026-03-22 00:00:00+00:00,93859974384.0
2026-03-23 00:00:00+00:00,91459288433.0
2026-03-24 00:00:00+00:00,93888171121.0
2026-03-25 00:00:00+00:00,94119196429.0
2026-03-26 00:00:00+00:00,94931348447.0
2026-03-27 00:00:00+00:00,92247146871.0
2026-03-28 00:00:00+00:00,90612628258.0
2026-03-29 00:00:00+00:00,90800690619.0
2026-03-30 00:00:00+00:00,90819554182.0
2026-03-31 00:00:00+00:00,90892368714.0
2026-04-01 00:00:00+00:00,93191272044.0
2026-04-02 00:00:00+00:00,92425275386.0
2026-04-03 00:00:00+00:00,90791286094.0
2026-04-04 00:00:00+00:00,90382832581.0
2026-04-05 00:00:00+00:00,90871150319.0
2026-04-06 00:00:00+00:00,92237304558.0
2026-04-07 00:00:00+00:00,90492132001.0
2026-04-08 00:00:00+00:00,93807929558.0
2026-04-09 00:00:00+00:00,92966906865.0
2026-04-10 00:00:00+00:00,93607477686.0
2026-04-11 00:00:00+00:00,94812416750.0
2026-04-12 00:00:00+00:00,95465190964.0
2026-04-13 00:00:00+00:00,93127773274.0
2026-04-14 00:00:00+00:00,97137180570.0
2026-04-15 00:00:00+00:00,96576612600.0
2026-04-16 00:00:00+00:00,96554120403.0
2026-04-17 00:00:00+00:00,96653133882.0
2026-04-18 00:00:00+00:00,97858690876.0
2026-04-19 00:00:00+00:00,91254745309.0
2026-04-20 00:00:00+00:00,84443716257.0
2026-04-21 00:00:00+00:00,83962005290.0
2026-04-22 00:00:00+00:00,83933165614.0
2026-04-23 00:00:00+00:00,84714850854.0
2026-04-24 00:00:00+00:00,83339349692.0
2026-04-25 00:00:00+00:00,82402510829.0
2026-04-26 00:00:00+00:00,82900994196.0
2026-04-27 00:00:00+00:00,84078605083.0
2026-04-28 00:00:00+00:00,82514400736.0
2026-04-29 00:00:00+00:00,81985536457.0
2026-04-30 00:00:00+00:00,82097511301.0
2026-05-01 00:00:00+00:00,82274692786.0
2026-05-02 00:00:00+00:00,82775210499.0
2026-05-03 00:00:00+00:00,83466464732.0
2026-05-04 00:00:00+00:00,83700072351.0
2026-05-05 00:00:00+00:00,83804294847.0
2026-05-06 00:00:00+00:00,84414988274.0
2026-05-07 00:00:00+00:00,84340867794.0
2026-05-08 00:00:00+00:00,83622848957.0
2026-05-09 00:00:00+00:00,83900161698.0
2026-05-10 00:00:00+00:00,84145583996.0
2026-05-11 00:00:00+00:00,85219338632.0
2026-05-12 00:00:00+00:00,84724452422.0
2026-05-13 00:00:00+00:00,84083241499.0
2026-05-14 00:00:00+00:00,83442318176.0
2026-05-15 00:00:00+00:00,84399209082.0
2026-05-16 00:00:00+00:00,83049532846.0
2026-05-17 00:00:00+00:00,82093412218.0
2026-05-18 00:00:00+00:00,81155835452.0
2026-05-19 00:00:00+00:00,80757442976.0
2026-05-20 00:00:00+00:00,80073017973.0
2026-05-21 00:00:00+00:00,80634944030.0
2026-05-22 00:00:00+00:00,80987135029.0
2026-05-23 00:00:00+00:00,79604848255.0
2026-05-24 00:00:00+00:00,80793396308.0
2026-05-25 00:00:00+00:00,80583811206.0
2026-05-26 00:00:00+00:00,81035028910.0
2026-05-27 00:00:00+00:00,79775180290.0
2026-05-28 00:00:00+00:00,79369609149.0
2026-05-29 00:00:00+00:00,79069948171.0
2026-05-30 00:00:00+00:00,78588933809.0
2026-05-31 00:00:00+00:00,79269043347.0
2026-06-01 00:00:00+00:00,79107234805.0
2026-06-02 00:00:00+00:00,78171579797.0
2026-06-03 00:00:00+00:00,74247070910.0
2026-06-04 00:00:00+00:00,73495560387.0
2026-06-05 00:00:00+00:00,72549394491.0
2026-06-06 00:00:00+00:00,68695282211.0
2026-06-07 00:00:00+00:00,68472832778.0
2026-06-08 00:00:00+00:00,71080291163.0
2026-06-09 00:00:00+00:00,70765638948.0
2026-06-10 00:00:00+00:00,69494908718.0
2026-06-11 00:00:00+00:00,68640759424.0
2026-06-12 00:00:00+00:00,69995561297.0
2026-06-13 00:00:00+00:00,70429985315.0
2026-06-14 00:00:00+00:00,71167850601.0
2026-06-15 00:00:00+00:00,72256040176.0
2026-06-16 00:00:00+00:00,72957715579.0
2026-06-17 00:00:00+00:00,73446555261.0
2026-06-18 00:00:00+00:00,72308952852.0
2026-06-19 00:00:00+00:00,71229407282.0
2026-06-20 00:00:00+00:00,71416882996.0
2026-06-21 00:00:00+00:00,72115931227.0
2026-06-22 00:00:00+00:00,71252881767.0
2026-06-23 00:00:00+00:00,72052849934.0
2026-06-24 00:00:00+00:00,70715559069.0
2026-06-25 00:00:00+00:00,69191441768.0
2026-06-26 00:00:00+00:00,68573096447.0
2026-06-27 00:00:00+00:00,68951586770.0
2026-06-28 00:00:00+00:00,69070906448.0
2026-06-29 00:00:00+00:00,68701670100.0
2026-06-30 00:00:00+00:00,69178227976.0
2026-07-01 00:00:00+00:00,68182415766.0
2026-07-02 00:00:00+00:00,69191472347.0
2026-07-03 00:00:00+00:00,71509734705.0
2026-07-04 00:00:00+00:00,72796276226.0
2026-07-05 00:00:00+00:00,72975512198.0
2026-07-06 00:00:00+00:00,73343501761.0
2026-07-07 00:00:00+00:00,73547432344.0
2026-07-08 00:00:00+00:00,72207816173.0
2026-07-09 00:00:00+00:00,71284623695.0
2026-07-10 00:00:00+00:00,71250067498.0
2026-07-11 00:00:00+00:00,72890815396.0
2026-07-12 00:00:00+00:00,72249111028.0
2026-07-13 00:00:00+00:00,72374322501.0
2026-07-14 00:00:00+00:00,71805194504.0
2026-07-15 00:00:00+00:00,74164374418.0
2026-07-16 00:00:00+00:00,74372344437.0
2026-07-17 00:00:00+00:00,73948265417.0
2026-07-18 00:00:00+00:00,73992568605.0
2026-07-19 00:00:00+00:00,74542627280.0
2026-07-20 00:00:00+00:00,74395901191.0
2026-07-21 00:00:00+00:00,75517294586.0
2026-07-22 00:00:00+00:00,76270936024.0
2026-07-23 00:00:00+00:00,75844455090.0
2026-07-24 00:00:00+00:00,74728590121.0
2026-07-25 00:00:00+00:00,74311498116.0
2026-07-26 00:00:00+00:00,74629196971.0
2026-07-27 00:00:00+00:00,75546447816.0
2026-07-28 00:00:00+00:00,73892324177.0
2026-07-29 00:00:00+00:00,74535940466.0
2026-07-30 00:00:00+00:00,74164131561.0
2026-07-31 00:00:00+00:00,74219409510.0
2026-08-01 00:00:00+00:00,72886128330.0
2026-08-02 00:00:00+00:00,72495512114.0
2026-08-03 00:00:00+00:00,73225516045.0
2026-08-04 00:00:00+00:00,72696440907.0
2026-08-05 00:00:00+00:00,73628665107.0
2026-08-06 00:00:00+00:00,74106612038.0
2026-08-07 00:00:00+00:00,73963177843.0
2026-08-08 00:00:00+00:00,74254224499.0
2026-08-09 00:00:00+00:00,74550344351.0
2026-08-10 00:00:00+00:00,74536768447.0
2026-08-11 00:00:00+00:00,73998963465.0
2026-08-12 00:00:00+00:00,73742047150.0
2026-08-13 00:00:00+00:00,73793101137.0
2026-08-14 00:00:00+00:00,73572039680.0
2026-08-15 00:00:00+00:00,73308578465.0
2026-08-16 00:00:00+00:00,73670181855.0
2026-08-17 00:00:00+00:00,73579838417.0
2026-08-18 00:00:00+00:00,74454634762.0
2026-08-19 00:00:00+00:00,74934359291.0
2026-08-20 00:00:00+00:00,80754489149.0
2026-08-21 00:00:00+00:00,83175687872.0
2026-08-22 00:00:00+00:00,86709627206.0
2026-08-23 00:00:00+00:00,85762774955.0
2026-08-24 00:00:00+00:00,86142816433.0
2026-08-25 00:00:00+00:00,86472109415.0
2026-08-26 00:00:00+00:00,85947911090.0
2026-08-27 00:00:00+00:00,87238543084.0
2026-08-28 00:00:00+00:00,88059894330.0
2026-08-29 00:00:00+00:00,86329743285.0
2026-08-30 00:00:00+00:00,86570024447.0
2026-08-31 00:00:00+00:00,85639249035.0
2026-09-01 00:00:00+00:00,86861388146.0
2026-09-02 00:00:00+00:00,85309440280.0
2026-09-03 00:00:00+00:00,85297741440.0
2026-09-04 00:00:00+00:00,88477819462.0
2026-09-05 00:00:00+00:00,87223957398.0
2026-09-06 00:00:00+00:00,88241880564.0
2026-09-07 00:00:00+00:00,88873341430.0
2026-09-08 00:00:00+00:00,88272185701.0
2026-09-09 00:00:00+00:00,88295240331.0
2026-09-10 00:00:00+00:00,87293578652.0
2026-09-11 00:00:00+00:00,86529576699.0
2026-09-12 00:00:00+00:00,88075459305.0
2026-09-13 00:00:00+00:00,88578205838.0
2026-09-14 00:00:00+00:00,87356945785.0
2026-09-15 00:00:00+00:00,88802530750.0
2026-09-16 00:00:00+00:00,86013663889.0
2026-09-17 00:00:00+00:00,87084376429.0
2026-09-18 00:00:00+00:00,88131637737.0
2026-09-19 00:00:00+00:00,92805811621.0
2026-09-20 00:00:00+00:00,93128306292.0
2026-09-21 00:00:00+00:00,94087852683.0
2026-09-22 00:00:00+00:00,96342496190.0
2026-09-23 00:00:00+00:00,96394027518.0
2026-09-24 00:00:00+00:00,94858299436.0
2026-09-25 00:00:00+00:00,95124242387.0
2026-09-26 00:00:00+00:00,95434588790.0
2026-09-27 00:00:00+00:00,95484372744.0
2026-09-28 00:00:00+00:00,95445208898.0
2026-09-29 00:00:00+00:00,94748103039.0
2026-09-30 00:00:00+00:00,94717697265.0
2026-10-01 00:00:00+00:00,94762249233.0
2026-10-02 00:00:00+00:00,96623276999.0
