,nasdaq,dollar,obligations_10a,or
2015-10-20 00:00:00+00:00,99.9709701538086,20.6343936920166,83.4590835571289,112.7300033569336
2015-10-21 00:00:00+00:00,99.36105346679688,20.659454345703125,83.7460708618164,111.7300033569336
2015-10-22 00:00:00+00:00,101.38489532470703,20.960203170776367,83.83141326904297,111.69000244140625
2015-10-23 00:00:00+00:00,104.221923828125,21.13563346862793,83.35834503173828,111.5
2015-10-26 00:00:00+00:00,104.28661346435547,21.068801879882812,83.5754623413086,111.43000030517578
2015-10-27 00:00:00+00:00,104.4991683959961,21.08551025390625,83.78482818603516,111.68000030517578
2015-10-28 00:00:00+00:00,105.36785125732422,21.260948181152344,83.35055541992188,110.77999877929688
2015-10-29 00:00:00+00:00,105.20149230957031,21.169052124023438,82.83865356445312,109.72000122070312
2015-10-30 00:00:00+00:00,104.73017883300781,21.093862533569336,83.00151062011719,109.30000305175781
2015-11-02 00:00:00+00:00,105.9130630493164,21.07715606689453,82.7630615234375,108.58999633789062
2015-11-03 00:00:00+00:00,106.28271484375,21.13563346862793,82.54557800292969,106.9800033569336
2015-11-04 00:00:00+00:00,106.29193878173828,21.31106948852539,82.46015167236328,105.97000122070312
2015-11-05 00:00:00+00:00,106.00547790527344,21.327775955200195,82.40573120117188,105.63999938964844
2015-11-06 00:00:00+00:00,106.07939910888672,21.578397750854492,81.84652709960938,104.0999984741211
2015-11-09 00:00:00+00:00,104.95195770263672,21.53662872314453,81.70669555664062,104.4000015258789
2015-11-10 00:00:00+00:00,104.68400573730469,21.595102310180664,81.86205291748047,104.18000030517578
2015-11-11 00:00:00+00:00,104.5545883178711,21.53662872314453,81.8231430053711,103.83000183105469
2015-11-12 00:00:00+00:00,103.53807830810547,21.444732666015625,81.86975860595703,103.8499984741211
2015-11-13 00:00:00+00:00,101.50501251220703,21.519920349121094,82.18051147460938,103.55999755859375
2015-11-16 00:00:00+00:00,102.96512603759766,21.63687515258789,82.28927612304688,103.70999908447266
2015-11-17 00:00:00+00:00,103.02981567382812,21.670291900634766,82.26595306396484,102.33999633789062
2015-11-18 00:00:00+00:00,105.00740814208984,21.670291900634766,82.22712707519531,102.43000030517578
2015-11-19 00:00:00+00:00,105.08135986328125,21.519920349121094,82.40573120117188,103.55999755859375
2015-11-20 00:00:00+00:00,105.7929458618164,21.670291900634766,82.2969741821289,103.08999633789062
2015-11-23 00:00:00+00:00,105.48796081542969,21.703706741333008,82.40573120117188,102.26000213623047
2015-11-24 00:00:00+00:00,105.39555358886719,21.661937713623047,82.48342895507812,102.94000244140625
2015-11-25 00:00:00+00:00,105.48796081542969,21.703706741333008,82.530029296875,102.45999908447266
2015-11-27 00:00:00+00:00,105.63582611083984,21.73712158203125,82.61548614501953,101.25
2015-11-30 00:00:00+00:00,105.36785125732422,21.787246704101562,82.64655303955078,101.91999816894531
2015-12-01 00:00:00+00:00,106.42133331298828,21.687000274658203,83.08612823486328,102.27999877929688
2015-12-02 00:00:00+00:00,105.76521301269531,21.73712158203125,82.85272216796875,100.69000244140625
2015-12-03 00:00:00+00:00,103.97240447998047,21.219173431396484,81.98136138916016,101.76000213623047
2015-12-04 00:00:00+00:00,106.40282440185547,21.36954689025879,82.28482818603516,104.0199966430664
2015-12-07 00:00:00+00:00,105.92230224609375,21.436378479003906,82.54928588867188,102.66999816894531
2015-12-08 00:00:00+00:00,105.9315414428711,21.36954689025879,82.59596252441406,102.83999633789062
2015-12-09 00:00:00+00:00,104.32357788085938,21.14398956298828,82.72044372558594,102.63999938964844
2015-12-10 00:00:00+00:00,104.79487609863281,21.260948181152344,82.54148864746094,102.55000305175781
2015-12-11 00:00:00+00:00,102.38292694091797,21.177404403686523,83.2027587890625,103.11000061035156
2015-12-14 00:00:00+00:00,103.15919494628906,21.219173431396484,82.58821868896484,101.79000091552734
2015-12-15 00:00:00+00:00,103.78759002685547,21.336132049560547,82.37813568115234,101.5199966430664
2015-12-16 00:00:00+00:00,105.33085632324219,21.336132049560547,82.16032409667969,102.75
2015-12-17 00:00:00+00:00,103.79682922363281,21.53662872314453,82.50260162353516,100.5
2015-12-18 00:00:00+00:00,101.80575561523438,21.41131591796875,82.79827880859375,102.04000091552734
2015-12-21 00:00:00+00:00,102.93663787841797,21.336132049560547,82.83715057373047,103.1500015258789
2015-12-22 00:00:00+00:00,103.61328125,21.30271339416504,82.60376739501953,102.61000061035156
2015-12-23 00:00:00+00:00,104.38261413574219,21.336132049560547,82.41705322265625,102.30999755859375
2015-12-24 00:00:00+00:00,104.36412048339844,21.286006927490234,82.56819152832031,103.05000305175781
2015-12-28 00:00:00+00:00,104.30850219726562,21.260948181152344,82.58381652832031,102.2699966430664
2015-12-29 00:00:00+00:00,105.94915771484375,21.319425582885742,82.14743041992188,102.19999694824219
2015-12-30 00:00:00+00:00,104.99441528320312,21.319425582885742,82.17859649658203,101.41999816894531
2015-12-31 00:00:00+00:00,103.68743896484375,21.428024291992188,82.27210998535156,101.45999908447266
2016-01-04 00:00:00+00:00,101.49984741210938,21.461442947387695,82.62272644042969,102.88999938964844
2016-01-05 00:00:00+00:00,101.32377624511719,21.586750030517578,82.59938049316406,103.18000030517578
2016-01-06 00:00:00+00:00,100.3504638671875,21.52827262878418,83.0979995727539,104.66999816894531
2016-01-07 00:00:00+00:00,97.20813751220703,21.31106948852539,83.27725219726562,106.1500015258789
2016-01-08 00:00:00+00:00,96.41100311279297,21.35283851623535,83.48763275146484,105.68000030517578
2016-01-11 00:00:00+00:00,96.70760345458984,21.453086853027344,83.22268676757812,104.73999786376953
2016-01-12 00:00:00+00:00,97.82916259765625,21.48650360107422,83.59671783447266,104.20999908447266
2016-01-13 00:00:00+00:00,94.45513916015625,21.453086853027344,83.92398071289062,104.72000122070312
2016-01-14 00:00:00+00:00,96.46659851074219,21.511564254760742,83.75254821777344,103.0199966430664
2016-01-15 00:00:00+00:00,93.47257232666016,21.461442947387695,84.1421127319336,104.08000183105469
2016-01-19 00:00:00+00:00,93.67646789550781,21.503211975097656,84.03302001953125,103.9800033569336
2016-01-20 00:00:00+00:00,93.38914489746094,21.511564254760742,84.44598388671875,105.37000274658203
2016-01-21 00:00:00+00:00,93.48182678222656,21.48650360107422,84.235595703125,105.48999786376953
2016-01-22 00:00:00+00:00,96.18850708007812,21.603458404541016,84.04863739013672,105.0
2016-01-25 00:00:00+00:00,94.7610092163086,21.53662872314453,84.32914733886719,106.08000183105469
2016-01-26 00:00:00+00:00,95.61380004882812,21.494855880737305,84.39148712158203,107.29000091552734
2016-01-27 00:00:00+00:00,93.2315673828125,21.478147506713867,84.45376586914062,107.69000244140625
2016-01-28 00:00:00+00:00,94.5478286743164,21.37790298461914,84.56285858154297,106.54000091552734
2016-01-29 00:00:00+00:00,96.5221939086914,21.603458404541016,85.01480102539062,106.94999694824219
2016-02-01 00:00:00+00:00,96.78175354003906,21.461442947387695,84.81891632080078,108.05000305175781
2016-02-02 00:00:00+00:00,94.68685913085938,21.444732666015625,85.41975402832031,108.08999633789062
2016-02-03 00:00:00+00:00,94.23267364501953,21.07715606689453,85.32615661621094,109.25
2016-02-04 00:00:00+00:00,94.22337341308594,20.935136795043945,85.52902221679688,110.56999969482422
2016-02-05 00:00:00+00:00,90.9512939453125,21.027034759521484,85.63824462890625,112.31999969482422
2016-02-08 00:00:00+00:00,89.5609130859375,20.976909637451172,86.2780990600586,113.83000183105469
2016-02-09 00:00:00+00:00,89.28277587890625,20.826536178588867,86.293701171875,113.58000183105469
2016-02-10 00:00:00+00:00,89.62577819824219,20.78476333618164,86.55120086669922,114.45999908447266
2016-02-11 00:00:00+00:00,89.4959945678711,20.726287841796875,86.94914245605469,119.05999755859375
2016-02-12 00:00:00+00:00,90.85860443115234,20.81818389892578,86.28588104248047,118.36000061035156
2016-02-16 00:00:00+00:00,92.90715789794922,21.001972198486328,86.02838134765625,114.7699966430664
2016-02-17 00:00:00+00:00,95.01128387451172,20.993616104125977,85.81773376464844,115.4800033569336
2016-02-18 00:00:00+00:00,93.92677307128906,21.001972198486328,86.21569061279297,118.29000091552734
2016-02-19 00:00:00+00:00,94.20486450195312,20.943492889404297,86.21569061279297,117.58000183105469
2016-02-22 00:00:00+00:00,95.73428344726562,21.102214813232422,86.12979888916016,115.48999786376953
2016-02-23 00:00:00+00:00,94.15849304199219,21.11057472229004,86.30155181884766,117.22000122070312
2016-02-24 00:00:00+00:00,95.05763244628906,21.127283096313477,86.30155181884766,117.61000061035156
2016-02-25 00:00:00+00:00,95.99385070800781,21.11057472229004,86.55902099609375,117.91999816894531
2016-02-26 00:00:00+00:00,95.87333679199219,21.252592086791992,86.13768005371094,117.11000061035156
2016-02-29 00:00:00+00:00,95.01128387451172,21.294361114501953,86.2780990600586,118.63999938964844
2016-03-01 00:00:00+00:00,98.06092834472656,21.30271339416504,85.60372161865234,117.7699966430664
2016-03-02 00:00:00+00:00,98.09799194335938,21.286006927490234,85.45524597167969,118.68000030517578
2016-03-03 00:00:00+00:00,97.91263580322266,21.15234375,85.55691528320312,120.7300033569336
2016-03-04 00:00:00+00:00,97.9496841430664,21.093862533569336,85.26771545410156,120.54000091552734
2016-03-07 00:00:00+00:00,97.34716796875,21.052095413208008,85.09579467773438,121.13999938964844
2016-03-08 00:00:00+00:00,96.54071807861328,21.060447692871094,85.58815002441406,120.58000183105469
2016-03-09 00:00:00+00:00,97.16178131103516,21.068801879882812,85.25212097167969,119.58000183105469
2016-03-10 00:00:00+00:00,97.01347351074219,20.859952926635742,84.94735717773438,121.5
2016-03-11 00:00:00+00:00,98.70976257324219,20.843242645263672,84.7051010131836,119.41000366210938
2016-03-14 00:00:00+00:00,98.87661743164062,20.926782608032227,84.76763153076172,117.87000274658203
2016-03-15 00:00:00+00:00,98.83955383300781,20.943492889404297,84.75200653076172,117.95999908447266
2016-03-16 00:00:00+00:00,99.72013854980469,20.717933654785156,85.19741821289062,120.58999633789062
2016-03-17 00:00:00+00:00,99.66452026367188,20.534147262573242,85.29115295410156,120.12999725341797
2016-03-18 00:00:00+00:00,99.8206787109375,20.58426856994629,85.43963623046875,119.80000305175781
2016-03-21 00:00:00+00:00,100.21119689941406,20.651103973388672,85.19741821289062,118.95999908447266
2016-03-22 00:00:00+00:00,100.51799011230469,20.70958137512207,85.01766204833984,119.30999755859375
2016-03-23 00:00:00+00:00,99.69055938720703,20.81818389892578,85.40837860107422,116.61000061035156
2016-03-24 00:00:00+00:00,99.71846771240234,20.826536178588867,85.32247161865234,116.33000183105469
2016-03-28 00:00:00+00:00,99.5790023803711,20.78476333618164,85.4474868774414,116.5999984741211
2016-03-29 00:00:00+00:00,101.17806243896484,20.60097885131836,86.02570343017578,118.76000213623047
2016-03-30 00:00:00+00:00,101.67079162597656,20.534147262573242,85.90849304199219,117.0999984741211
2016-03-31 00:00:00+00:00,101.52203369140625,20.500732421875,86.22107696533203,117.63999938964844
2016-04-01 00:00:00+00:00,102.60050964355469,20.49237632751465,86.1960220336914,116.93000030517578
2016-04-04 00:00:00+00:00,102.21000671386719,20.475669860839844,86.2977523803711,116.1500015258789
2016-04-05 00:00:00+00:00,101.22452545166016,20.49237632751465,86.64212799072266,117.66000366210938
2016-04-06 00:00:00+00:00,102.88870239257812,20.450605392456055,86.45427703857422,116.94000244140625
2016-04-07 00:00:00+00:00,101.41046142578125,20.475669860839844,86.90033721923828,118.61000061035156
2016-04-08 00:00:00+00:00,101.33611297607422,20.400482177734375,86.7673110961914,118.43000030517578
2016-04-11 00:00:00+00:00,100.96422576904297,20.350358963012695,86.75167083740234,120.02999877929688
2016-04-12 00:00:00+00:00,101.81023406982422,20.350358963012695,86.40730285644531,120.05000305175781
2016-04-13 00:00:00+00:00,103.11181640625,20.509082794189453,86.46990966796875,118.7699966430664
2016-04-14 00:00:00+00:00,103.12109375,20.559207916259766,86.26644134521484,117.11000061035156
2016-04-15 00:00:00+00:00,102.86078643798828,20.500732421875,86.52470397949219,117.91999816894531
2016-04-18 00:00:00+00:00,103.4093017578125,20.458961486816406,86.43863677978516,117.73999786376953
2016-04-19 00:00:00+00:00,102.77711486816406,20.358713150024414,86.2977523803711,119.58000183105469
2016-04-20 00:00:00+00:00,102.86078643798828,20.475669860839844,85.85948181152344,118.97000122070312
2016-04-21 00:00:00+00:00,102.8701171875,20.475669860839844,85.71866607666016,119.41999816894531
2016-04-22 00:00:00+00:00,101.3175048828125,20.59262466430664,85.62467956542969,117.88999938964844
2016-04-25 00:00:00+00:00,101.3175048828125,20.525793075561523,85.53081512451172,118.2300033569336
2016-04-26 00:00:00+00:00,100.82476806640625,20.467313766479492,85.35079193115234,118.69999694824219
2016-04-27 00:00:00+00:00,100.01593017578125,20.442251205444336,85.82039642333984,119.04000091552734
2016-04-28 00:00:00+00:00,98.8073501586914,20.275175094604492,86.11773681640625,121.29000091552734
2016-04-29 00:00:00+00:00,98.28672790527344,20.133153915405273,86.08645629882812,123.6500015258789
2016-05-02 00:00:00+00:00,99.21641540527344,20.057966232299805,85.83645629882812,123.23999786376953
2016-05-03 00:00:00+00:00,98.29602813720703,20.116445541381836,86.34585571289062,122.95999908447266
2016-05-04 00:00:00+00:00,97.6638412475586,20.191633224487305,86.50263214111328,122.20999908447266
2016-05-05 00:00:00+00:00,97.63594055175781,20.291881561279297,86.73774719238281,122.06999969482422
2016-05-06 00:00:00+00:00,98.15657806396484,20.31694221496582,86.53396606445312,123.18000030517578
2016-05-09 00:00:00+00:00,98.43548583984375,20.37541961669922,86.69854736328125,120.6500015258789
2016-05-10 00:00:00+00:00,99.78353881835938,20.39212989807129,86.68289184570312,120.9800033569336
2016-05-11 00:00:00+00:00,98.88177490234375,20.291881561279297,86.81608581542969,122.12000274658203
2016-05-12 00:00:00+00:00,98.44476318359375,20.3670654296875,86.58100128173828,121.16000366210938
2016-05-13 00:00:00+00:00,98.08219909667969,20.458961486816406,86.91010284423828,121.70999908447266
2016-05-16 00:00:00+00:00,99.30938720703125,20.450605392456055,86.59666442871094,121.80000305175781
2016-05-17 00:00:00+00:00,98.06362915039062,20.450605392456055,86.47911834716797,122.22000122070312
2016-05-18 00:00:00+00:00,98.41688537597656,20.59262466430664,85.7815933227539,120.0999984741211
2016-05-19 00:00:00+00:00,97.90553283691406,20.62604331970215,85.86776733398438,119.87000274658203
2016-05-20 00:00:00+00:00,98.9839859008789,20.62604331970215,85.92263793945312,119.70999908447266
2016-05-23 00:00:00+00:00,98.85382843017578,20.617687225341797,85.97750854492188,119.37000274658203
2016-05-24 00:00:00+00:00,100.83407592773438,20.684520721435547,85.83645629882812,117.30000305175781
2016-05-25 00:00:00+00:00,101.55924224853516,20.62604331970215,85.79724884033203,116.9800033569336
2016-05-26 00:00:00+00:00,101.85675048828125,20.59262466430664,86.06372833251953,116.58000183105469
2016-05-27 00:00:00+00:00,102.38665008544922,20.70958137512207,85.89913177490234,115.62000274658203
2016-05-31 00:00:00+00:00,102.58190155029297,20.75135040283203,86.00101470947266,116.05999755859375
2016-06-01 00:00:00+00:00,102.5911865234375,20.6343936920166,85.97200012207031,115.94000244140625
2016-06-02 00:00:00+00:00,102.80502319335938,20.659454345703125,86.23887634277344,115.66999816894531
2016-06-03 00:00:00+00:00,102.32157135009766,20.33365249633789,87.03939056396484,118.87999725341797
2016-06-06 00:00:00+00:00,102.69346618652344,20.33365249633789,86.81185150146484,118.91999816894531
2016-06-07 00:00:00+00:00,102.43313598632812,20.300233840942383,86.93746185302734,118.81999969482422
2016-06-08 00:00:00+00:00,102.60979461669922,20.24175453186035,87.03939056396484,120.58000183105469
2016-06-09 00:00:00+00:00,102.44244384765625,20.33365249633789,87.17292022705078,121.25
2016-06-10 00:00:00+00:00,101.28032684326172,20.467313766479492,87.4790267944336,121.73999786376953
2016-06-13 00:00:00+00:00,100.4343032836914,20.417190551757812,87.65170288085938,122.63999938964844
2016-06-14 00:00:00+00:00,100.4343032836914,20.54250144958496,87.62815856933594,122.7699966430664
2016-06-15 00:00:00+00:00,100.1460952758789,20.49237632751465,87.89500427246094,123.68000030517578
2016-06-16 00:00:00+00:00,100.44357299804688,20.467313766479492,87.98921203613281,122.37999725341797
2016-06-17 00:00:00+00:00,99.2662582397461,20.37541961669922,87.69093322753906,123.94999694824219
2016-06-20 00:00:00+00:00,99.89082336425781,20.258464813232422,87.31421661376953,123.20999908447266
2016-06-21 00:00:00+00:00,100.207763671875,20.358713150024414,87.1178970336914,120.83999633789062
2016-06-22 00:00:00+00:00,99.96540069580078,20.26681900024414,87.29063415527344,120.9000015258789
2016-06-23 00:00:00+00:00,101.39158630371094,20.174922943115234,86.87466430664062,120.11000061035156
2016-06-24 00:00:00+00:00,97.21552276611328,20.70122718811035,88.07554626464844,126.0
2016-06-27 00:00:00+00:00,95.28593444824219,20.87666130065918,88.83690643310547,126.68000030517578
2016-06-28 00:00:00+00:00,97.37395477294922,20.77641487121582,88.82123565673828,125.31999969482422
2016-06-29 00:00:00+00:00,99.09847259521484,20.70958137512207,88.4601821899414,125.83999633789062
2016-06-30 00:00:00+00:00,100.24504089355469,20.75135040283203,88.65640258789062,126.47000122070312
2016-07-01 00:00:00+00:00,100.74842071533203,20.684520721435547,88.890625,128.41000366210938
2016-07-05 00:00:00+00:00,100.13320922851562,20.826536178588867,89.37792205810547,129.47000122070312
2016-07-06 00:00:00+00:00,100.95350646972656,20.7680606842041,89.3936996459961,130.22999572753906
2016-07-07 00:00:00+00:00,101.25177764892578,20.81818389892578,89.2757568359375,129.74000549316406
2016-07-08 00:00:00+00:00,102.81782531738281,20.826536178588867,89.44869995117188,130.52000427246094
2016-07-11 00:00:00+00:00,103.40509033203125,20.8850154876709,88.97708892822266,129.2899932861328
2016-07-12 00:00:00+00:00,103.9271011352539,20.868305206298828,88.450439453125,127.1500015258789
2016-07-13 00:00:00+00:00,103.67540740966797,20.81818389892578,88.67839813232422,128.32000732421875
2016-07-14 00:00:00+00:00,104.38385772705078,20.7680606842041,88.30899047851562,127.33000183105469
2016-07-15 00:00:00+00:00,104.21609497070312,20.851598739624023,87.97099304199219,126.83999633789062
2016-07-18 00:00:00+00:00,104.9058609008789,20.868305206298828,87.94740295410156,127.04000091552734
2016-07-19 00:00:00+00:00,104.5237045288086,20.968555450439453,88.18324279785156,127.20999908447266
2016-07-20 00:00:00+00:00,105.74484252929688,20.98526382446289,88.00244140625,125.38999938964844
2016-07-21 00:00:00+00:00,105.50250244140625,20.951845169067383,88.19889831542969,127.30000305175781
2016-07-22 00:00:00+00:00,105.94059753417969,21.060447692871094,88.12821197509766,126.3499984741211
2016-07-25 00:00:00+00:00,105.94990539550781,21.027034759521484,88.05744934082031,125.47000122070312
2016-07-26 00:00:00+00:00,106.0710678100586,21.001972198486328,88.1124496459961,126.0
2016-07-27 00:00:00+00:00,106.80752563476562,20.901721954345703,88.48973083496094,128.02999877929688
2016-07-28 00:00:00+00:00,107.18038177490234,20.893369674682617,88.53688049316406,127.66000366210938
2016-07-29 00:00:00+00:00,107.41340637207031,20.60933494567871,88.87493896484375,128.97999572753906
2016-08-01 00:00:00+00:00,107.98200988769531,20.667808532714844,88.56636047363281,129.22000122070312
2016-08-02 00:00:00+00:00,107.16173553466797,20.525793075561523,88.35385131835938,130.27000427246094
2016-08-03 00:00:00+00:00,107.51594543457031,20.642749786376953,88.40106964111328,129.64999389648438
2016-08-04 00:00:00+00:00,107.82356262207031,20.676162719726562,88.61359405517578,129.8699951171875
2016-08-05 00:00:00+00:00,108.85824584960938,20.78476333618164,88.0625991821289,127.55000305175781
2016-08-08 00:00:00+00:00,108.73709106445312,20.80147361755371,88.01537322998047,127.44000244140625
2016-08-09 00:00:00+00:00,108.98876190185547,20.759706497192383,88.3302230834961,127.95999908447266
2016-08-10 00:00:00+00:00,108.70911407470703,20.651103973388672,88.56636047363281,128.55999755859375
2016-08-11 00:00:00+00:00,109.17517852783203,20.70958137512207,88.14130401611328,127.66999816894531
2016-08-12 00:00:00+00:00,109.24977111816406,20.676162719726562,88.45619201660156,127.4000015258789
2016-08-15 00:00:00+00:00,109.71586608886719,20.642749786376953,88.19641876220703,127.83999633789062
2016-08-16 00:00:00+00:00,109.10993957519531,20.458961486816406,88.04686737060547,128.47000122070312
2016-08-17 00:00:00+00:00,109.30570983886719,20.475669860839844,88.18856048583984,128.5
2016-08-18 00:00:00+00:00,109.33367156982422,20.325294494628906,88.34597778320312,129.11000061035156
2016-08-19 00:00:00+00:00,109.30570983886719,20.400482177734375,88.04686737060547,127.97000122070312
2016-08-22 00:00:00+00:00,109.38960266113281,20.42554473876953,88.24362182617188,127.77999877929688
2016-08-23 00:00:00+00:00,109.58534240722656,20.408836364746094,88.23573303222656,127.76000213623047
2016-08-24 00:00:00+00:00,108.87691497802734,20.467313766479492,88.20430755615234,126.33999633789062
2016-08-25 00:00:00+00:00,108.69979858398438,20.467313766479492,88.0625991821289,126.2300033569336
2016-08-26 00:00:00+00:00,108.85824584960938,20.617687225341797,87.7241439819336,126.05000305175781
2016-08-29 00:00:00+00:00,109.0074234008789,20.6343936920166,88.08621978759766,126.30000305175781
2016-08-30 00:00:00+00:00,108.65318298339844,20.742996215820312,88.0783920288086,125.02999877929688
2016-08-31 00:00:00+00:00,108.54133605957031,20.734642028808594,87.97603607177734,124.77999877929688
2016-09-01 00:00:00+00:00,108.82099151611328,20.659454345703125,88.11392974853516,125.29000091552734
2016-09-02 00:00:00+00:00,109.17517852783203,20.70958137512207,87.8853759765625,126.56999969482422
2016-09-06 00:00:00+00:00,109.85567474365234,20.467313766479492,88.29522705078125,128.7100067138672
2016-09-07 00:00:00+00:00,109.92092895507812,20.500732421875,88.34253692626953,128.27000427246094
2016-09-08 00:00:00+00:00,109.27774810791016,20.525793075561523,87.9090347290039,127.58999633789062
2016-09-09 00:00:00+00:00,106.52786254882812,20.58426856994629,87.49127197265625,126.75
2016-09-12 00:00:00+00:00,108.43876647949219,20.55085563659668,87.57007598876953,126.58999633789062
2016-09-13 00:00:00+00:00,107.46931457519531,20.6343936920166,87.24691772460938,125.75
2016-09-14 00:00:00+00:00,107.98200988769531,20.58426856994629,87.44395446777344,126.18000030517578
2016-09-15 00:00:00+00:00,109.65994262695312,20.57591438293457,87.46766662597656,125.37000274658203
2016-09-16 00:00:00+00:00,109.60758972167969,20.742996215820312,87.56224060058594,125.05999755859375
2016-09-19 00:00:00+00:00,109.13097381591797,20.692873001098633,87.4124755859375,125.31999969482422
2016-09-20 00:00:00+00:00,109.33657836914062,20.726287841796875,87.54646301269531,125.44000244140625
2016-09-21 00:00:00+00:00,110.4112548828125,20.6343936920166,87.68831634521484,127.2699966430664
2016-09-22 00:00:00+00:00,111.28968048095703,20.60933494567871,87.94844055175781,127.56999969482422
2016-09-23 00:00:00+00:00,110.57945251464844,20.617687225341797,87.98786926269531,127.6500015258789
2016-09-26 00:00:00+00:00,109.654296875,20.57591438293457,88.24005126953125,127.55000305175781
2016-09-27 00:00:00+00:00,110.73832702636719,20.59262466430664,88.38980102539062,126.62000274658203
2016-09-28 00:00:00+00:00,110.92521667480469,20.60933494567871,88.35042572021484,126.22000122070312
2016-09-29 00:00:00+00:00,110.12155151367188,20.62604331970215,88.40559387207031,126.06999969482422
2016-09-30 00:00:00+00:00,110.94393920898438,20.617687225341797,88.18486785888672,125.63999938964844
2016-10-03 00:00:00+00:00,110.7850570678711,20.659454345703125,87.97962951660156,125.31999969482422
2016-10-04 00:00:00+00:00,110.6168441772461,20.75135040283203,87.57717895507812,120.97000122070312
2016-10-05 00:00:00+00:00,111.00934600830078,20.77641487121582,87.37989044189453,120.77999877929688
2016-10-06 00:00:00+00:00,110.95326232910156,20.8850154876709,87.19832611083984,119.66000366210938
2016-10-07 00:00:00+00:00,110.71028900146484,20.851598739624023,87.32461547851562,119.73999786376953
2016-10-10 00:00:00+00:00,111.41118621826172,20.935136795043945,87.09568786621094,120.16000366210938
2016-10-11 00:00:00+00:00,109.82251739501953,21.093862533569336,87.0720443725586,119.55000305175781
2016-10-12 00:00:00+00:00,109.72908782958984,21.15234375,87.0720443725586,119.73999786376953
2016-10-13 00:00:00+00:00,109.33657836914062,21.07715606689453,87.25358581542969,120.02999877929688
2016-10-14 00:00:00+00:00,109.46741485595703,21.185760498046875,86.9852294921875,119.36000061035156
2016-10-17 00:00:00+00:00,109.1683578491211,21.13563346862793,87.1746597290039,119.68000030517578
2016-10-18 00:00:00+00:00,110.14025115966797,21.15234375,87.3482894897461,120.41999816894531
2016-10-19 00:00:00+00:00,110.13092041015625,21.160694122314453,87.3877182006836,121.11000061035156
2016-10-20 00:00:00+00:00,110.00006866455078,21.227529525756836,87.30880737304688,120.73999786376953
2016-10-21 00:00:00+00:00,110.4112548828125,21.30271339416504,87.40353393554688,120.83000183105469
2016-10-24 00:00:00+00:00,111.73824310302734,21.327775955200195,87.28514099121094,120.55999755859375
2016-10-25 00:00:00+00:00,111.38314056396484,21.319425582885742,87.26937103271484,121.47000122070312
2016-10-26 00:00:00+00:00,110.62618255615234,21.31106948852539,87.07992553710938,120.79000091552734
2016-10-27 00:00:00+00:00,110.12155151367188,21.35283851623535,86.7800064086914,121.01000213623047
2016-10-28 00:00:00+00:00,109.4300308227539,21.227529525756836,86.7957992553711,121.58000183105469
2016-10-31 00:00:00+00:00,109.32722473144531,21.235881805419922,86.8668212890625,121.94000244140625
2016-11-01 00:00:00+00:00,108.50489044189453,21.127283096313477,86.86998748779297,122.7300033569336
2016-11-02 00:00:00+00:00,107.63580322265625,21.052095413208008,87.13079833984375,123.63999938964844
2016-11-03 00:00:00+00:00,106.57979583740234,20.993616104125977,87.07547760009766,124.30000305175781
2016-11-04 00:00:00+00:00,106.20600891113281,20.935136795043945,87.34420013427734,124.38999938964844
2016-11-07 00:00:00+00:00,108.72917175292969,21.11057472229004,86.98063659667969,122.1500015258789
2016-11-08 00:00:00+00:00,109.43939208984375,21.169052124023438,86.67237854003906,121.63999938964844
2016-11-09 00:00:00+00:00,109.9439926147461,21.30271339416504,85.3524398803711,121.55999755859375
2016-11-10 00:00:00+00:00,108.1684341430664,21.344484329223633,84.83871459960938,119.75
2016-11-11 00:00:00+00:00,108.21517181396484,21.37790298461914,84.6648178100586,117.0999984741211
2016-11-14 00:00:00+00:00,107.12181091308594,21.586750030517578,84.1748046875,116.11000061035156
2016-11-15 00:00:00+00:00,108.60767364501953,21.62016487121582,84.1748046875,117.12000274658203
2016-11-16 00:00:00+00:00,109.25247955322266,21.67864418029785,84.25385284423828,116.7699966430664
2016-11-17 00:00:00+00:00,110.04681396484375,21.803955078125,83.8823471069336,116.16999816894531
2016-11-18 00:00:00+00:00,109.63563537597656,21.879140853881836,83.51089477539062,115.1500015258789
2016-11-21 00:00:00+00:00,110.77571105957031,21.79560089111328,83.58199310302734,115.58000183105469
2016-11-22 00:00:00+00:00,111.11212921142578,21.829015731811523,83.66106414794922,115.54000091552734
2016-11-23 00:00:00+00:00,110.66356658935547,21.962682723999023,83.3607177734375,113.25
2016-11-25 00:00:00+00:00,111.01869201660156,21.920913696289062,83.28958892822266,112.61000061035156
2016-11-28 00:00:00+00:00,110.7663803100586,21.86243438720703,83.66896057128906,113.80000305175781
2016-11-29 00:00:00+00:00,111.14952087402344,21.81230926513672,83.75589752197266,113.2699966430664
2016-11-30 00:00:00+00:00,109.80382537841797,21.92926597595215,83.19478607177734,111.75
2016-12-01 00:00:00+00:00,107.90682220458984,21.81230926513672,82.87739562988281,111.54000091552734
2016-12-02 00:00:00+00:00,108.12175750732422,21.76218605041504,83.24937438964844,112.13999938964844
2016-12-05 00:00:00+00:00,108.9627914428711,21.62016487121582,83.21770477294922,111.54000091552734
2016-12-06 00:00:00+00:00,109.22443389892578,21.703706741333008,83.24937438964844,111.43000030517578
2016-12-07 00:00:00+00:00,110.60748291015625,21.63687515258789,83.52639770507812,111.83000183105469
2016-12-08 00:00:00+00:00,110.8037338256836,21.829015731811523,83.20979309082031,111.56999969482422
2016-12-09 00:00:00+00:00,111.67283630371094,21.920913696289062,82.78231811523438,110.4000015258789
2016-12-12 00:00:00+00:00,111.16820526123047,21.79560089111328,82.79821014404297,110.81999969482422
2016-12-13 00:00:00+00:00,112.56996154785156,21.82066535949707,82.84567260742188,110.44999694824219
2016-12-14 00:00:00+00:00,112.33631896972656,22.029512405395508,82.1571273803711,108.83000183105469
2016-12-15 00:00:00+00:00,112.51388549804688,22.271780014038086,81.92755126953125,107.33999633789062
2016-12-16 00:00:00+00:00,112.09681701660156,22.19659423828125,82.03042602539062,108.05000305175781
2016-12-19 00:00:00+00:00,112.55606842041016,22.263425827026367,82.4103775024414,108.58999633789062
2016-12-20 00:00:00+00:00,112.98721313476562,22.30519676208496,82.2362289428711,107.79000091552734
2016-12-21 00:00:00+00:00,112.90287017822266,22.238365173339844,82.37079620361328,107.8499984741211
2016-12-22 00:00:00+00:00,112.58418273925781,22.263425827026367,82.3351058959961,107.58999633789062
2016-12-23 00:00:00+00:00,112.65916442871094,22.246715545654297,82.41436767578125,107.93000030517578
2016-12-27 00:00:00+00:00,113.24027252197266,22.238365173339844,82.29547882080078,108.55999755859375
2016-12-28 00:00:00+00:00,112.35924530029297,22.296844482421875,82.59673309326172,108.86000061035156
2016-12-29 00:00:00+00:00,112.19987487792969,22.171531677246094,82.85042572021484,110.29000091552734
2016-12-30 00:00:00+00:00,111.04705810546875,22.10469627380371,83.0962142944336,109.61000061035156
2017-01-03 00:00:00+00:00,112.04057312011719,22.30519676208496,83.05655670166016,110.47000122070312
2017-01-04 00:00:00+00:00,112.6498031616211,22.13811492919922,83.15166473388672,110.86000061035156
2017-01-05 00:00:00+00:00,113.28714752197266,21.904203414916992,83.69075775146484,112.58000183105469
2017-01-06 00:00:00+00:00,114.2806167602539,22.062929153442383,83.31016540527344,111.75
2017-01-09 00:00:00+00:00,114.65554809570312,22.004451751708984,83.62727355957031,112.66999816894531
2017-01-10 00:00:00+00:00,114.90860748291016,22.012805938720703,83.58769989013672,113.1500015258789
2017-01-11 00:00:00+00:00,115.2178955078125,21.962682723999023,83.68280029296875,113.5
2017-01-12 00:00:00+00:00,115.03978729248047,21.879140853881836,83.73036193847656,113.91000366210938
2017-01-13 00:00:00+00:00,115.43345642089844,21.85407829284668,83.54808807373047,114.20999908447266
2017-01-17 00:00:00+00:00,115.086669921875,21.653583526611328,83.96818542480469,115.8499984741211
2017-01-18 00:00:00+00:00,115.32099151611328,21.85407829284668,83.37364959716797,114.87000274658203
2017-01-19 00:00:00+00:00,115.26476287841797,21.82066535949707,83.05655670166016,114.7699966430664
2017-01-20 00:00:00+00:00,115.517822265625,21.74547576904297,83.0962142944336,115.05000305175781
2017-01-23 00:00:00+00:00,115.61156463623047,21.628522872924805,83.53217315673828,115.79000091552734
2017-01-24 00:00:00+00:00,116.38946533203125,21.63687515258789,83.21512603759766,115.2699966430664
2017-01-25 00:00:00+00:00,117.56104278564453,21.561687469482422,82.8028564453125,114.31999969482422
2017-01-26 00:00:00+00:00,117.68289184570312,21.703706741333008,82.91378021240234,113.26000213623047
2017-01-27 00:00:00+00:00,117.9078369140625,21.712060928344727,83.01692199707031,113.48999786376953
2017-01-30 00:00:00+00:00,116.98931884765625,21.670291900634766,82.99308776855469,113.97000122070312
2017-01-31 00:00:00+00:00,116.75499725341797,21.494855880737305,83.27852630615234,115.55000305175781
2017-02-01 00:00:00+00:00,117.56104278564453,21.511564254760742,83.11888122558594,115.19999694824219
2017-02-02 00:00:00+00:00,117.45794677734375,21.544984817504883,83.15066528320312,115.83999633789062
2017-02-03 00:00:00+00:00,117.79535675048828,21.53662872314453,83.21417236328125,116.12999725341797
2017-02-06 00:00:00+00:00,117.93598937988281,21.553335189819336,83.61119842529297,117.69999694824219
2017-02-07 00:00:00+00:00,118.36711883544922,21.661937713623047,83.76202392578125,117.45999908447266
2017-02-08 00:00:00+00:00,118.5639419555664,21.63687515258789,84.10340118408203,118.19000244140625
2017-02-09 00:00:00+00:00,118.99508666992188,21.720415115356445,83.60322570800781,117.29000091552734
2017-02-10 00:00:00+00:00,119.38872528076172,21.74547576904297,83.54767608642578,117.5999984741211
2017-02-13 00:00:00+00:00,120.06356048583984,21.79560089111328,83.4206314086914,116.80000305175781
2017-02-14 00:00:00+00:00,120.46659851074219,21.84572410583496,83.11888122558594,116.93000030517578
2017-02-15 00:00:00+00:00,121.17889404296875,21.803955078125,82.96014404296875,117.44999694824219
2017-02-16 00:00:00+00:00,121.14141082763672,21.67864418029785,83.29359436035156,118.08000183105469
2017-02-17 00:00:00+00:00,121.66627502441406,21.787246704101562,83.51588439941406,117.68000030517578
2017-02-21 00:00:00+00:00,122.26611328125,21.887496948242188,83.47616577148438,117.75
2017-02-22 00:00:00+00:00,122.31295776367188,21.837371826171875,83.61119842529297,117.91000366210938
2017-02-23 00:00:00+00:00,121.85370635986328,21.787246704101562,83.83346557617188,118.94000244140625
2017-02-24 00:00:00+00:00,122.08802795410156,21.829015731811523,84.2225112915039,119.69999694824219
2017-02-27 00:00:00+00:00,122.23798370361328,21.829015731811523,83.9207763671875,119.12000274658203
2017-02-28 00:00:00+00:00,121.86315155029297,21.81230926513672,83.881103515625,119.2300033569336
2017-03-01 00:00:00+00:00,123.19401550292969,21.962682723999023,83.29674530029297,119.05999755859375
2017-03-02 00:00:00+00:00,122.57539367675781,22.054574966430664,83.05821990966797,117.58000183105469
2017-03-03 00:00:00+00:00,122.80036163330078,21.86243438720703,83.13772583007812,117.51000213623047
2017-03-06 00:00:00+00:00,122.52854919433594,21.937618255615234,83.12183380126953,116.72000122070312
2017-03-07 00:00:00+00:00,122.32239532470703,21.962682723999023,83.00260162353516,115.77999877929688
2017-03-08 00:00:00+00:00,122.53794860839844,22.037870407104492,82.7243423461914,115.05999755859375
2017-03-09 00:00:00+00:00,122.63164520263672,21.996095657348633,82.49375915527344,114.47000122070312
2017-03-10 00:00:00+00:00,123.14715576171875,21.84572410583496,82.66867065429688,114.72000122070312
2017-03-13 00:00:00+00:00,123.35330963134766,21.879140853881836,82.46197509765625,114.73999786376953
2017-03-14 00:00:00+00:00,123.05342102050781,21.954326629638672,82.5494155883789,114.12000274658203
2017-03-15 00:00:00+00:00,123.81260681152344,21.695354461669922,83.27288818359375,116.25
2017-03-16 00:00:00+00:00,123.72824096679688,21.62016487121582,83.04232788085938,116.7300033569336
2017-03-17 00:00:00+00:00,123.6850814819336,21.628522872924805,83.26493072509766,116.98999786376953
2017-03-20 00:00:00+00:00,123.79777526855469,21.63687515258789,83.46370697021484,117.51000213623047
2017-03-21 00:00:00+00:00,121.91932678222656,21.503211975097656,83.74198913574219,118.54000091552734
2017-03-22 00:00:00+00:00,122.74583435058594,21.48650360107422,83.90097045898438,118.83000183105469
2017-03-23 00:00:00+00:00,122.43589782714844,21.511564254760742,83.81356048583984,118.66999816894531
2017-03-24 00:00:00+00:00,122.68949127197266,21.503211975097656,83.86122131347656,118.86000061035156
2017-03-27 00:00:00+00:00,122.88670349121094,21.386255264282227,84.06795501708984,119.52999877929688
2017-03-28 00:00:00+00:00,123.63809204101562,21.503211975097656,83.78167724609375,119.04000091552734
2017-03-29 00:00:00+00:00,124.21099853515625,21.544984817504883,84.0202407836914,119.33000183105469
2017-03-30 00:00:00+00:00,124.41759490966797,21.687000274658203,83.78167724609375,118.47000122070312
2017-03-31 00:00:00+00:00,124.33309936523438,21.67864418029785,83.94868469238281,118.72000122070312
2017-04-03 00:00:00+00:00,124.25796508789062,21.67864418029785,84.36195373535156,119.3499984741211
2017-04-04 00:00:00+00:00,124.4552001953125,21.703706741333008,84.24250793457031,119.62000274658203
2017-04-05 00:00:00+00:00,123.94804382324219,21.695354461669922,84.40174865722656,119.62000274658203
2017-04-06 00:00:00+00:00,124.01375579833984,21.74547576904297,84.34600830078125,119.18000030517578
2017-04-07 00:00:00+00:00,123.94804382324219,21.84572410583496,84.09122467041016,119.45999908447266
2017-04-10 00:00:00+00:00,123.9949722290039,21.803955078125,84.24250793457031,119.45999908447266
2017-04-11 00:00:00+00:00,123.45963287353516,21.73712158203125,84.63265228271484,121.19000244140625
2017-04-12 00:00:00+00:00,122.96187591552734,21.628522872924805,84.89543914794922,122.0199966430664
2017-04-13 00:00:00+00:00,122.47348022460938,21.703706741333008,85.15020751953125,122.5999984741211
2017-04-17 00:00:00+00:00,123.48780822753906,21.645227432250977,85.01490020751953,122.23999786376953
2017-04-18 00:00:00+00:00,123.29996490478516,21.461442947387695,85.50055694580078,122.81999969482422
2017-04-19 00:00:00+00:00,123.4971923828125,21.53662872314453,85.2776107788086,121.7300033569336
2017-04-20 00:00:00+00:00,124.5303726196289,21.544984817504883,85.08653259277344,121.95999908447266
2017-04-21 00:00:00+00:00,124.50215148925781,21.561687469482422,85.1263656616211,122.30999755859375
2017-04-24 00:00:00+00:00,126.00492858886719,21.361190795898438,84.9511489868164,121.4800033569336
2017-04-25 00:00:00+00:00,126.91594696044922,21.30271339416504,84.51322174072266,120.25
2017-04-26 00:00:00+00:00,126.73747253417969,21.35283851623535,84.73617553710938,120.83999633789062
2017-04-27 00:00:00+00:00,127.49828338623047,21.386255264282227,84.79193878173828,120.38999938964844
2017-04-28 00:00:00+00:00,127.72369384765625,21.361190795898438,84.8794937133789,120.7699966430664
2017-05-01 00:00:00+00:00,128.860107421875,21.37790298461914,84.69607543945312,119.66999816894531
2017-05-02 00:00:00+00:00,129.07615661621094,21.344484329223633,84.87151336669922,119.6500015258789
2017-05-03 00:00:00+00:00,128.662841796875,21.428024291992188,84.69607543945312,117.9800033569336
2017-05-04 00:00:00+00:00,128.70980834960938,21.294361114501953,84.50468444824219,116.79000091552734
2017-05-05 00:00:00+00:00,129.17945861816406,21.260948181152344,84.52064514160156,117.01000213623047
2017-05-08 00:00:00+00:00,129.4612274169922,21.37790298461914,84.3133316040039,116.75
2017-05-09 00:00:00+00:00,129.9120635986328,21.48650360107422,84.2176513671875,116.05000305175781
2017-05-10 00:00:00+00:00,129.9871826171875,21.494855880737305,84.18572235107422,116.04000091552734
2017-05-11 00:00:00+00:00,129.88381958007812,21.503211975097656,84.24951171875,116.5
2017-05-12 00:00:00+00:00,130.17506408691406,21.394611358642578,84.68014526367188,116.83000183105469
2017-05-15 00:00:00+00:00,130.58828735351562,21.336132049560547,84.62432861328125,117.13999938964844
2017-05-16 00:00:00+00:00,131.13302612304688,21.177404403686523,84.7359619140625,117.6500015258789
2017-05-17 00:00:00+00:00,127.79884338378906,21.035388946533203,85.41375732421875,119.79000091552734
2017-05-18 00:00:00+00:00,128.91644287109375,21.11057472229004,85.38986206054688,118.80999755859375
2017-05-19 00:00:00+00:00,129.4612274169922,20.960203170776367,85.3659439086914,119.4000015258789
2017-05-22 00:00:00+00:00,130.5507049560547,20.926782608032227,85.270263671875,119.9000015258789
2017-05-23 00:00:00+00:00,130.68218994140625,21.018678665161133,85.04698181152344,119.13999938964844
2017-05-24 00:00:00+00:00,131.2832489013672,20.951845169067383,85.22240447998047,119.61000061035156
2017-05-25 00:00:00+00:00,132.4009552001953,20.976909637451172,85.270263671875,119.4800033569336
2017-05-26 00:00:00+00:00,132.6357421875,21.027034759521484,85.32605743408203,120.54000091552734
2017-05-30 00:00:00+00:00,132.74847412109375,21.001972198486328,85.54135131835938,120.13999938964844
2017-05-31 00:00:00+00:00,132.70155334472656,20.951845169067383,85.58126831054688,120.62000274658203
2017-06-01 00:00:00+00:00,133.21807861328125,20.976909637451172,85.53651428222656,120.72000122070312
2017-06-02 00:00:00+00:00,134.73959350585938,20.87666130065918,85.91188049316406,121.61000061035156
2017-06-05 00:00:00+00:00,134.71141052246094,20.893369674682617,85.76810455322266,121.7300033569336
2017-06-06 00:00:00+00:00,134.17608642578125,20.843242645263672,86.03968811035156,123.0999984741211
2017-06-07 00:00:00+00:00,134.7020721435547,20.868305206298828,85.87995147705078,122.44999694824219
2017-06-08 00:00:00+00:00,134.84291076660156,20.943492889404297,85.744140625,121.6500015258789
2017-06-09 00:00:00+00:00,131.4711456298828,21.01032257080078,85.664306640625,120.54000091552734
2017-06-12 00:00:00+00:00,130.76673889160156,20.976909637451172,85.64835357666016,120.36000061035156
2017-06-13 00:00:00+00:00,131.82801818847656,20.951845169067383,85.68029022216797,120.4800033569336
2017-06-14 00:00:00+00:00,131.25509643554688,20.935136795043945,86.12755584716797,119.81999969482422
2017-06-15 00:00:00+00:00,130.67286682128906,21.060447692871094,85.97575378417969,119.31999969482422
2017-06-16 00:00:00+00:00,130.1058807373047,20.98526382446289,86.02368927001953,119.33999633789062
2017-06-19 00:00:00+00:00,132.2813720703125,21.07715606689453,85.78411102294922,118.43000030517578
2017-06-20 00:00:00+00:00,131.2454376220703,21.11057472229004,85.99976348876953,118.18000030517578
2017-06-21 00:00:00+00:00,132.54505920410156,21.068801879882812,85.99175262451172,118.5199966430664
2017-06-22 00:00:00+00:00,132.5073699951172,21.07715606689453,86.0716323852539,118.91999816894531
2017-06-23 00:00:00+00:00,133.0159149169922,21.01032257080078,86.09555053710938,119.43000030517578
2017-06-26 00:00:00+00:00,132.3943328857422,21.04374122619629,86.16744995117188,118.36000061035156
2017-06-27 00:00:00+00:00,129.99288940429688,20.80982780456543,85.744140625,118.80999755859375
2017-06-28 00:00:00+00:00,131.86695861816406,20.742996215820312,85.664306640625,118.9000015258789
2017-06-29 00:00:00+00:00,129.57850646972656,20.642749786376953,85.34485626220703,118.31999969482422
2017-06-30 00:00:00+00:00,129.6255645751953,20.676162719726562,85.14519500732422,118.0199966430664
2017-07-03 00:00:00+00:00,128.25997924804688,20.80147361755371,84.83245849609375,116.08999633789062
2017-07-05 00:00:00+00:00,129.52197265625,20.80982780456543,84.89641571044922,116.5199966430664
2017-07-06 00:00:00+00:00,128.3541717529297,20.717933654785156,84.7364730834961,116.47000122070312
2017-07-07 00:00:00+00:00,129.738525390625,20.75135040283203,84.60050964355469,115.27999877929688
2017-07-10 00:00:00+00:00,130.58612060546875,20.759706497192383,84.71244812011719,115.47000122070312
2017-07-11 00:00:00+00:00,130.95343017578125,20.684520721435547,84.82441711425781,115.62000274658203
2017-07-12 00:00:00+00:00,132.5073699951172,20.684520721435547,85.07238006591797,116.02999877929688
2017-07-13 00:00:00+00:00,132.79933166503906,20.692873001098633,84.98442077636719,115.81999969482422
2017-07-14 00:00:00+00:00,133.8446807861328,20.567564010620117,85.10437774658203,116.7699966430664
2017-07-17 00:00:00+00:00,133.91062927246094,20.567564010620117,85.20834350585938,117.29000091552734
2017-07-18 00:00:00+00:00,134.80531311035156,20.458961486816406,85.52027893066406,118.11000061035156
2017-07-19 00:00:00+00:00,135.5963897705078,20.509082794189453,85.52027893066406,118.08000183105469
2017-07-20 00:00:00+00:00,135.77528381347656,20.38377571105957,85.5443344116211,118.23999786376953
2017-07-21 00:00:00+00:00,135.7187957763672,20.31694221496582,85.6962890625,119.26000213623047
2017-07-24 00:00:00+00:00,136.3403778076172,20.325294494628906,85.64031219482422,119.30999755859375
2017-07-25 00:00:00+00:00,135.9918975830078,20.358713150024414,85.16039276123047,118.91999816894531
2017-07-26 00:00:00+00:00,136.4345703125,20.24175453186035,85.43230438232422,119.87999725341797
2017-07-27 00:00:00+00:00,135.57752990722656,20.31694221496582,85.29634857177734,119.79000091552734
2017-07-28 00:00:00+00:00,135.46458435058594,20.191633224487305,85.44036102294922,120.69000244140625
2017-07-31 00:00:00+00:00,134.8900604248047,20.108095169067383,85.4643325805664,120.75
2017-08-01 00:00:00+00:00,135.20082092285156,20.141510009765625,85.6766357421875,120.6500015258789
2017-08-02 00:00:00+00:00,135.56809997558594,20.116445541381836,85.59651184082031,120.4000015258789
2017-08-03 00:00:00+00:00,135.0407257080078,20.066322326660156,85.8929214477539,120.58999633789062
2017-08-04 00:00:00+00:00,135.28561401367188,20.24175453186035,85.6606216430664,119.6500015258789
2017-08-07 00:00:00+00:00,136.1426544189453,20.233400344848633,85.70863342285156,119.51000213623047
2017-08-08 00:00:00+00:00,135.9071807861328,20.26681900024414,85.63655090332031,119.86000061035156
2017-08-09 00:00:00+00:00,135.72821044921875,20.250110626220703,85.74067687988281,121.30999755859375
2017-08-10 00:00:00+00:00,132.8181610107422,20.21669578552246,86.06111907958984,122.20999908447266
2017-08-11 00:00:00+00:00,133.82586669921875,20.141510009765625,86.15729522705078,122.79000091552734
2017-08-14 00:00:00+00:00,135.54925537109375,20.225048065185547,85.94902801513672,121.91999816894531
2017-08-15 00:00:00+00:00,135.6434783935547,20.31694221496582,85.69264221191406,120.9800033569336
2017-08-16 00:00:00+00:00,135.87887573242188,20.250110626220703,85.85283660888672,121.87000274658203
2017-08-17 00:00:00+00:00,133.10069274902344,20.291881561279297,86.15729522705078,122.48999786376953
2017-08-18 00:00:00+00:00,133.00648498535156,20.225048065185547,86.17325592041016,122.30000305175781
2017-08-21 00:00:00+00:00,132.83697509765625,20.166568756103516,86.22936248779297,122.76000213623047
2017-08-22 00:00:00+00:00,134.86181640625,20.250110626220703,86.06111907958984,122.20999908447266
2017-08-23 00:00:00+00:00,134.38153076171875,20.166568756103516,86.35751342773438,122.66999816894531
2017-08-24 00:00:00+00:00,133.98594665527344,20.20833969116211,86.22134399414062,122.29000091552734
2017-08-25 00:00:00+00:00,133.70335388183594,20.041259765625,86.3655776977539,122.73999786376953
2017-08-28 00:00:00+00:00,134.11781311035156,19.982784271240234,86.44567108154297,124.69000244140625
2017-08-29 00:00:00+00:00,134.64520263671875,20.007844924926758,86.64594268798828,124.41999816894531
2017-08-30 00:00:00+00:00,136.22738647460938,20.133153915405273,86.57384490966797,124.36000061035156
2017-08-31 00:00:00+00:00,137.6871337890625,20.074676513671875,86.70999908447266,125.81999969482422
2017-09-01 00:00:00+00:00,137.49879455566406,20.116445541381836,86.45488739013672,126.05999755859375
2017-09-05 00:00:00+00:00,136.26498413085938,20.007844924926758,87.05660247802734,127.45999908447266
2017-09-06 00:00:00+00:00,136.6793975830078,19.99113655090332,86.84801483154297,126.80999755859375
2017-09-07 00:00:00+00:00,136.99966430664062,19.849119186401367,87.2251205444336,128.1300048828125
2017-09-08 00:00:00+00:00,135.81300354003906,19.798994064331055,87.16092681884766,127.97000122070312
2017-09-11 00:00:00+00:00,137.3763427734375,19.93265724182129,86.66346740722656,126.19000244140625
2017-09-12 00:00:00+00:00,137.7059326171875,19.924304962158203,86.45488739013672,126.55999755859375
2017-09-13 00:00:00+00:00,137.89431762695312,20.041259765625,86.27838897705078,125.61000061035156
2017-09-14 00:00:00+00:00,137.0843963623047,19.982784271240234,86.29444885253906,126.16000366210938
2017-09-15 00:00:00+00:00,137.5552520751953,19.91594886779785,86.39873504638672,125.52999877929688
2017-09-18 00:00:00+00:00,137.37498474121094,19.966075897216797,86.06177520751953,124.36000061035156
2017-09-19 00:00:00+00:00,137.6110076904297,19.907596588134766,85.9654541015625,124.62000274658203
2017-09-20 00:00:00+00:00,137.18626403808594,20.066322326660156,85.79700469970703,123.62000274658203
2017-09-21 00:00:00+00:00,136.3462371826172,20.007844924926758,85.6846923828125,122.68000030517578
2017-09-22 00:00:00+00:00,136.21408081054688,19.99113655090332,85.83710479736328,123.23999786376953
2017-09-25 00:00:00+00:00,134.77943420410156,20.108095169067383,86.09386444091797,124.52999877929688
2017-09-26 00:00:00+00:00,135.1287078857422,20.174922943115234,86.02161407470703,123.13999938964844
2017-09-27 00:00:00+00:00,136.3462371826172,20.275175094604492,85.58038330078125,121.9800033569336
2017-09-28 00:00:00+00:00,136.299072265625,20.21669578552246,85.56434631347656,122.20999908447266
2017-09-29 00:00:00+00:00,137.28062438964844,20.19998550415039,85.46002960205078,121.58000183105469
2017-10-02 00:00:00+00:00,137.40333557128906,20.31694221496582,85.36282348632812,120.7699966430664
2017-10-03 00:00:00+00:00,137.69589233398438,20.3085880279541,85.48340606689453,120.83000183105469
2017-10-04 00:00:00+00:00,137.8280487060547,20.283525466918945,85.45924377441406,121.16999816894531
2017-10-05 00:00:00+00:00,139.17776489257812,20.39212989807129,85.3708724975586,120.5199966430664
2017-10-06 00:00:00+00:00,139.36651611328125,20.358713150024414,85.26639556884766,121.08999633789062
2017-10-09 00:00:00+00:00,139.20606994628906,20.325294494628906,85.36282348632812,122.08000183105469
2017-10-10 00:00:00+00:00,139.30987548828125,20.21669578552246,85.39498138427734,122.4000015258789
2017-10-11 00:00:00+00:00,139.72512817382812,20.158212661743164,85.49137115478516,122.79000091552734
2017-10-12 00:00:00+00:00,139.4703369140625,20.19998550415039,85.57176971435547,122.88999938964844
2017-10-13 00:00:00+00:00,140.00830078125,20.19998550415039,85.86100769042969,123.81999969482422
2017-10-16 00:00:00+00:00,140.48965454101562,20.250110626220703,85.71632385253906,122.97000122070312
2017-10-17 00:00:00+00:00,140.66896057128906,20.300233840942383,85.68423461914062,122.12999725341797
2017-10-18 00:00:00+00:00,140.49913024902344,20.275175094604492,85.46731567382812,121.66999816894531
2017-10-19 00:00:00+00:00,139.97996520996094,20.225048065185547,85.55567932128906,122.38999938964844
2017-10-20 00:00:00+00:00,140.35751342773438,20.342004776000977,85.20215606689453,121.61000061035156
2017-10-23 00:00:00+00:00,139.44198608398438,20.3670654296875,85.28250122070312,121.80000305175781
2017-10-24 00:00:00+00:00,139.6779327392578,20.400482177734375,85.02532196044922,121.33000183105469
2017-10-25 00:00:00+00:00,139.14944458007812,20.350358963012695,84.8887710571289,121.3499984741211
2017-10-26 00:00:00+00:00,138.70582580566406,20.567564010620117,84.7762680053711,120.33000183105469
2017-10-27 00:00:00+00:00,142.74546813964844,20.617687225341797,85.04947662353516,120.9000015258789
2017-10-30 00:00:00+00:00,143.0663299560547,20.517436981201172,85.354736328125,121.12999725341797
2017-10-31 00:00:00+00:00,143.60430908203125,20.534147262573242,85.29854583740234,120.66999816894531
2017-11-01 00:00:00+00:00,143.55712890625,20.57591438293457,85.35003662109375,121.11000061035156
2017-11-02 00:00:00+00:00,143.2834014892578,20.57591438293457,85.46271514892578,121.19000244140625
2017-11-03 00:00:00+00:00,144.6614227294922,20.62604331970215,85.59953308105469,120.62000274658203
2017-11-06 00:00:00+00:00,145.15216064453125,20.57591438293457,85.70417022705078,121.6500015258789
2017-11-07 00:00:00+00:00,145.2371368408203,20.60933494567871,85.73628997802734,121.20999908447266
2017-11-08 00:00:00+00:00,145.82235717773438,20.60097885131836,85.63174438476562,121.62999725341797
2017-11-09 00:00:00+00:00,145.0578155517578,20.517436981201172,85.59953308105469,122.12999725341797
2017-11-10 00:00:00+00:00,145.04837036132812,20.500732421875,85.16497802734375,121.12999725341797
2017-11-13 00:00:00+00:00,145.22772216796875,20.517436981201172,85.12474060058594,121.30999755859375
2017-11-14 00:00:00+00:00,144.6991729736328,20.37541961669922,85.2454605102539,121.55999755859375
2017-11-15 00:00:00+00:00,144.0195770263672,20.3670654296875,85.55121612548828,121.41000366210938
2017-11-16 00:00:00+00:00,145.86007690429688,20.39212989807129,85.333984375,121.4000015258789
2017-11-17 00:00:00+00:00,145.3031768798828,20.33365249633789,85.44661712646484,122.86000061035156
2017-11-20 00:00:00+00:00,145.18994140625,20.433895111083984,85.30982208251953,121.30999755859375
2017-11-21 00:00:00+00:00,146.76617431640625,20.408836364746094,85.32592010498047,121.51000213623047
2017-11-22 00:00:00+00:00,146.94544982910156,20.250110626220703,85.59953308105469,122.62999725341797
2017-11-24 00:00:00+00:00,147.4834747314453,20.158212661743164,85.52708435058594,122.31999969482422
2017-11-27 00:00:00+00:00,147.41737365722656,20.183279037475586,85.58345031738281,122.83000183105469
2017-11-28 00:00:00+00:00,147.79493713378906,20.26681900024414,85.59953308105469,122.80999755859375
2017-11-29 00:00:00+00:00,145.2182159423828,20.258464813232422,85.32592010498047,122.04000091552734
2017-11-30 00:00:00+00:00,146.43582153320312,20.20833969116211,85.06037139892578,121.0999984741211
2017-12-01 00:00:00+00:00,145.81285095214844,20.191633224487305,85.37469482421875,121.58999633789062
2017-12-04 00:00:00+00:00,144.1328887939453,20.258464813232422,85.33439636230469,121.18000030517578
2017-12-05 00:00:00+00:00,144.2272491455078,20.291881561279297,85.39883422851562,120.31999969482422
2017-12-06 00:00:00+00:00,144.87852478027344,20.342004776000977,85.57612609863281,120.06999969482422
2017-12-07 00:00:00+00:00,145.3693084716797,20.38377571105957,85.42303466796875,118.48999786376953
2017-12-08 00:00:00+00:00,146.01113891601562,20.417190551757812,85.3585433959961,118.4800033569336
2017-12-11 00:00:00+00:00,147.14370727539062,20.417190551757812,85.30215454101562,118.01000213623047
2017-12-12 00:00:00+00:00,146.94544982910156,20.450605392456055,85.2295913696289,118.1500015258789
2017-12-13 00:00:00+00:00,147.2286376953125,20.3085880279541,85.57612609863281,119.16999816894531
2017-12-14 00:00:00+00:00,147.1248016357422,20.325294494628906,85.5439682006836,118.93000030517578
2017-12-15 00:00:00+00:00,148.7953643798828,20.408836364746094,85.52776336669922,119.18000030517578
2017-12-18 00:00:00+00:00,150.0429229736328,20.377899169921875,85.33439636230469,119.7300033569336
2017-12-19 00:00:00+00:00,149.15383911132812,20.319364547729492,84.94751739501953,119.81999969482422
2017-12-20 00:00:00+00:00,148.9930877685547,20.294281005859375,84.6976547241211,120.13999938964844
2017-12-21 00:00:00+00:00,149.011962890625,20.285917282104492,84.7574234008789,120.30999755859375
2017-12-22 00:00:00+00:00,148.84170532226562,20.294281005859375,84.78971099853516,120.94000244140625
2017-12-26 00:00:00+00:00,148.037841796875,20.277557373046875,84.82194519042969,121.7699966430664
2017-12-27 00:00:00+00:00,148.0567169189453,20.235748291015625,85.18518829345703,122.2300033569336
2017-12-28 00:00:00+00:00,148.2363739013672,20.17721176147461,85.08027648925781,122.8499984741211
2017-12-29 00:00:00+00:00,147.31895446777344,20.093595504760742,85.21746826171875,123.6500015258789
2018-01-02 00:00:00+00:00,149.9010467529297,20.009973526000977,84.93500518798828,125.1500015258789
2018-01-03 00:00:00+00:00,151.35760498046875,20.08523178100586,85.02375793457031,124.81999969482422
2018-01-04 00:00:00+00:00,151.62242126464844,20.01833724975586,84.98342895507812,125.45999908447266
2018-01-05 00:00:00+00:00,153.1451873779297,20.03506088256836,84.87844848632812,125.33000183105469
2018-01-08 00:00:00+00:00,153.74099731445312,20.127038955688477,84.83815002441406,125.30999755859375
2018-01-09 00:00:00+00:00,153.75051879882812,20.16884994506836,84.43450164794922,124.7300033569336
2018-01-10 00:00:00+00:00,153.39102172851562,20.11867904663086,84.41027069091797,125.02999877929688
2018-01-11 00:00:00+00:00,154.44093322753906,20.03506088256836,84.466796875,125.44000244140625
2018-01-12 00:00:00+00:00,155.57591247558594,19.826011657714844,84.41027069091797,126.95999908447266
2018-01-16 00:00:00+00:00,155.1313934326172,19.717308044433594,84.45065307617188,127.16999816894531
2018-01-17 00:00:00+00:00,156.80538940429688,19.767480850219727,84.26498413085938,126.13999938964844
2018-01-18 00:00:00+00:00,156.8337860107422,19.742393493652344,83.99861145019531,125.86000061035156
2018-01-19 00:00:00+00:00,157.3256072998047,19.775840759277344,83.78068542480469,126.41999816894531
2018-01-22 00:00:00+00:00,159.00918579101562,19.708946228027344,83.74836730957031,126.6500015258789
2018-01-23 00:00:00+00:00,160.3238525390625,19.65877342224121,83.99054718017578,127.27999877929688
2018-01-24 00:00:00+00:00,159.28343200683594,19.466455459594727,83.82914733886719,128.8300018310547
2018-01-25 00:00:00+00:00,159.22666931152344,19.49153709411621,84.01476287841797,127.97000122070312
2018-01-26 00:00:00+00:00,161.66685485839844,19.44972801208496,83.76451873779297,128.07000732421875
2018-01-29 00:00:00+00:00,160.88186645507812,19.499902725219727,83.55464172363281,127.3499984741211
2018-01-30 00:00:00+00:00,159.5576934814453,19.466455459594727,83.36094665527344,126.80000305175781
2018-01-31 00:00:00+00:00,160.21978759765625,19.44136619567871,83.3851547241211,127.6500015258789
2018-02-01 00:00:00+00:00,158.85787963867188,19.341022491455078,82.95499420166016,128.07000732421875
2018-02-02 00:00:00+00:00,155.68936157226562,19.458091735839844,82.64773559570312,126.38999938964844
2018-02-05 00:00:00+00:00,149.5510711669922,19.541709899902344,83.3269271850586,126.70999908447266
2018-02-06 00:00:00+00:00,153.5140380859375,19.58351707458496,82.96307373046875,125.37999725341797
2018-02-07 00:00:00+00:00,151.52783203125,19.734033584594727,82.72053527832031,124.79000091552734
2018-02-08 00:00:00+00:00,145.1341552734375,19.734033584594727,82.79330444335938,124.9800033569336
2018-02-09 00:00:00+00:00,147.64059448242188,19.750757217407227,82.64773559570312,124.7699966430664
2018-02-12 00:00:00+00:00,150.2604522705078,19.683862686157227,82.62348175048828,125.37000274658203
2018-02-13 00:00:00+00:00,151.0360107421875,19.575157165527344,82.76095581054688,126.08000183105469
2018-02-14 00:00:00+00:00,153.8639373779297,19.424646377563477,82.25965118408203,128.22999572753906
2018-02-15 00:00:00+00:00,156.7202911376953,19.341022491455078,82.28390502929688,128.3800048828125
2018-02-16 00:00:00+00:00,156.02041625976562,19.47481346130371,82.47797393798828,127.95999908447266
2018-02-20 00:00:00+00:00,156.33250427246094,19.600242614746094,82.38902282714844,126.23999786376953
2018-02-21 00:00:00+00:00,155.88796997070312,19.675500869750977,82.14645385742188,125.66000366210938
2018-02-22 00:00:00+00:00,155.86907958984375,19.608606338500977,82.25965118408203,126.30000305175781
2018-02-23 00:00:00+00:00,159.05641174316406,19.650413513183594,82.57498931884766,126.13999938964844
2018-02-26 00:00:00+00:00,161.16558837890625,19.62532615661621,82.67198944091797,126.44999694824219
2018-02-27 00:00:00+00:00,159.16998291015625,19.750757217407227,82.41329193115234,125.12999725341797
2018-02-28 00:00:00+00:00,158.14854431152344,19.80929183959961,82.60736083984375,125.0
2018-03-01 00:00:00+00:00,155.5664825439453,19.742393493652344,82.96283721923828,124.72000122070312
2018-03-02 00:00:00+00:00,156.99461364746094,19.65877342224121,82.65509796142578,125.38999938964844
2018-03-05 00:00:00+00:00,158.7349090576172,19.65877342224121,82.54983520507812,125.18000030517578
2018-03-06 00:00:00+00:00,159.40643310546875,19.608606338500977,82.541748046875,126.52999877929688
2018-03-07 00:00:00+00:00,159.7752685546875,19.591880798339844,82.541748046875,125.72000122070312
2018-03-08 00:00:00+00:00,160.65487670898438,19.717308044433594,82.7117919921875,125.41999816894531
2018-03-09 00:00:00+00:00,163.7760009765625,19.692224502563477,82.53365325927734,125.54000091552734
2018-03-12 00:00:00+00:00,164.64620971679688,19.667139053344727,82.72799682617188,125.54000091552734
2018-03-13 00:00:00+00:00,162.40463256835938,19.616966247558594,82.86563110351562,125.77999877929688
2018-03-14 00:00:00+00:00,162.37620544433594,19.62532615661621,83.027587890625,125.69999694824219
2018-03-15 00:00:00+00:00,162.2344207763672,19.70058250427246,82.9952163696289,124.9000015258789
2018-03-16 00:00:00+00:00,161.7519989013672,19.750757217407227,82.89806365966797,124.5999984741211
2018-03-19 00:00:00+00:00,158.30084228515625,19.667139053344727,82.81708526611328,124.87000274658203
2018-03-20 00:00:00+00:00,158.8218994140625,19.784204483032227,82.65509796142578,124.30999755859375
2018-03-21 00:00:00+00:00,158.13027954101562,19.62532615661621,82.7117919921875,126.4800033569336
2018-03-22 00:00:00+00:00,154.22727966308594,19.650413513183594,83.05189514160156,125.9800033569336
2018-03-23 00:00:00+00:00,150.16314697265625,19.58351707458496,83.16529846191406,127.61000061035156
2018-03-26 00:00:00+00:00,155.7429962158203,19.49153709411621,82.93855285644531,128.27999877929688
2018-03-27 00:00:00+00:00,150.703125,19.58351707458496,83.4082260131836,127.48999786376953
2018-03-28 00:00:00+00:00,148.969482421875,19.759117126464844,83.39205932617188,125.7300033569336
2018-03-29 00:00:00+00:00,151.6978759765625,19.742393493652344,83.56208801269531,125.79000091552734
2018-04-02 00:00:00+00:00,147.3211669921875,19.734033584594727,83.6472396850586,127.26000213623047
2018-04-03 00:00:00+00:00,148.97898864746094,19.767480850219727,83.37955474853516,126.30000305175781
2018-04-04 00:00:00+00:00,151.32838439941406,19.759117126464844,83.33090209960938,126.44999694824219
2018-04-05 00:00:00+00:00,152.1905059814453,19.834373474121094,83.11996459960938,125.80000305175781
2018-04-06 00:00:00+00:00,148.3821563720703,19.759117126464844,83.48501586914062,126.38999938964844
2018-04-09 00:00:00+00:00,149.4242706298828,19.708946228027344,83.50122833251953,126.81999969482422
2018-04-10 00:00:00+00:00,152.72096252441406,19.65877342224121,83.35517883300781,127.12000274658203
2018-04-11 00:00:00+00:00,151.83995056152344,19.642051696777344,83.43630981445312,128.11000061035156
2018-04-12 00:00:00+00:00,153.66836547851562,19.683862686157227,83.13619232177734,126.62000274658203
2018-04-13 00:00:00+00:00,152.87258911132812,19.683862686157227,83.20918273925781,127.44999694824219
2018-04-16 00:00:00+00:00,154.0377960205078,19.616966247558594,83.16864776611328,127.62999725341797
2018-04-17 00:00:00+00:00,157.353515625,19.616966247558594,83.21734619140625,127.75
2018-04-18 00:00:00+00:00,157.67555236816406,19.65877342224121,82.89285278320312,127.8499984741211
2018-04-19 00:00:00+00:00,156.22613525390625,19.717308044433594,82.66571044921875,127.5999984741211
2018-04-20 00:00:00+00:00,153.75363159179688,19.834373474121094,82.38996124267578,126.62999725341797
2018-04-23 00:00:00+00:00,153.3651885986328,19.959802627563477,82.3088607788086,125.62000274658203
2018-04-24 00:00:00+00:00,150.1157989501953,19.93471908569336,82.21147918701172,126.2300033569336
2018-04-25 00:00:00+00:00,150.29580688476562,20.01833724975586,82.03301239013672,125.41000366210938
2018-04-26 00:00:00+00:00,153.45994567871094,20.110315322875977,82.26824188232422,124.97000122070312
2018-04-27 00:00:00+00:00,153.5546112060547,20.093595504760742,82.40613555908203,125.5
2018-04-30 00:00:00+00:00,152.46519470214844,20.17721176147461,82.49539184570312,124.58999633789062
2018-05-01 00:00:00+00:00,154.2083282470703,20.31100082397461,82.36617279052734,123.70999908447266
2018-05-02 00:00:00+00:00,153.29885864257812,20.402982711791992,82.3824234008789,123.6500015258789
2018-05-03 00:00:00+00:00,153.27993774414062,20.319364547729492,82.59373474121094,124.27999877929688
2018-05-04 00:00:00+00:00,156.18829345703125,20.34444808959961,82.60181427001953,124.54000091552734
2018-05-07 00:00:00+00:00,157.4861602783203,20.38625717163086,82.56122589111328,124.56999969482422
2018-05-08 00:00:00+00:00,157.32508850097656,20.461515426635742,82.42304229736328,124.58999633789062
2018-05-09 00:00:00+00:00,159.03976440429688,20.461515426635742,82.23613739013672,124.33000183105469
2018-05-10 00:00:00+00:00,160.68814086914062,20.369535446166992,82.40684509277344,125.18000030517578
2018-05-11 00:00:00+00:00,160.5365753173828,20.336088180541992,82.41497802734375,125.0
2018-05-14 00:00:00+00:00,160.81134033203125,20.361173629760742,82.23613739013672,124.48999786376953
2018-05-15 00:00:00+00:00,159.03028869628906,20.48659896850586,81.78105926513672,122.4800033569336
2018-05-16 00:00:00+00:00,160.08184814453125,20.536773681640625,81.6103515625,122.29000091552734
2018-05-17 00:00:00+00:00,159.46609497070312,20.561859130859375,81.5616226196289,122.36000061035156
2018-05-18 00:00:00+00:00,158.6418914794922,20.603666305541992,81.8785400390625,122.41000366210938
2018-05-21 00:00:00+00:00,159.5323944091797,20.586946487426758,81.93541717529297,122.4800033569336
2018-05-22 00:00:00+00:00,159.323974609375,20.578582763671875,81.90291595458984,122.41000366210938
2018-05-23 00:00:00+00:00,160.66920471191406,20.662200927734375,82.27678680419922,122.54000091552734
2018-05-24 00:00:00+00:00,160.62181091308594,20.637117385864258,82.48807525634766,123.58999633789062
2018-05-25 00:00:00+00:00,160.78289794921875,20.737457275390625,82.81314849853516,123.20999908447266
2018-05-29 00:00:00+00:00,160.07240295410156,20.879610061645508,83.70709991455078,123.19000244140625
2018-05-30 00:00:00+00:00,161.21865844726562,20.720735549926758,83.34952545166016,123.37000274658203
2018-05-31 00:00:00+00:00,161.11448669433594,20.704011917114258,83.30891418457031,123.0999984741211
2018-06-01 00:00:00+00:00,163.64385986328125,20.737457275390625,83.0010757446289,122.48999786376953
2018-06-04 00:00:00+00:00,165.12171936035156,20.720735549926758,82.70793914794922,122.37000274658203
2018-06-05 00:00:00+00:00,165.6332244873047,20.695646286010742,82.9196548461914,122.8499984741211
2018-06-06 00:00:00+00:00,166.5995635986328,20.637117385864258,82.58578491210938,122.91999816894531
2018-06-07 00:00:00+00:00,165.24485778808594,20.595304489135742,82.93595886230469,122.86000061035156
2018-06-08 00:00:00+00:00,165.25433349609375,20.603666305541992,82.8218765258789,123.01000213623047
2018-06-11 00:00:00+00:00,165.69956970214844,20.620393753051758,82.74051666259766,123.2300033569336
2018-06-12 00:00:00+00:00,166.5711212158203,20.662200927734375,82.69164276123047,122.81999969482422
2018-06-13 00:00:00+00:00,166.5616912841797,20.628755569458008,82.59392547607422,123.19000244140625
2018-06-14 00:00:00+00:00,168.2479248046875,20.896333694458008,82.8545150756836,123.37999725341797
2018-06-15 00:00:00+00:00,167.6605987548828,20.879610061645508,82.9196548461914,121.33999633789062
2018-06-18 00:00:00+00:00,167.56373596191406,20.879610061645508,82.96036529541016,121.11000061035156
2018-06-19 00:00:00+00:00,167.08905029296875,20.938142776489258,83.18022155761719,120.80000305175781
2018-06-20 00:00:00+00:00,168.2757568359375,20.954864501953125,82.91150665283203,120.26000213623047
2018-06-21 00:00:00+00:00,166.81370544433594,20.896333694458008,83.13135528564453,120.05000305175781
2018-06-22 00:00:00+00:00,166.44349670410156,20.82107925415039,83.14765930175781,120.33999633789062
2018-06-25 00:00:00+00:00,162.6934814453125,20.787628173828125,83.26165008544922,119.88999938964844
2018-06-26 00:00:00+00:00,163.35801696777344,20.896333694458008,83.3023910522461,119.26000213623047
2018-06-27 00:00:00+00:00,161.13648986816406,21.021760940551758,83.62000274658203,118.58000183105469
2018-06-28 00:00:00+00:00,162.5225372314453,21.021760940551758,83.53852844238281,118.22000122070312
2018-06-29 00:00:00+00:00,162.95932006835938,20.854524612426758,83.47341918945312,118.6500015258789
2018-07-02 00:00:00+00:00,164.0510711669922,20.954864501953125,83.41625213623047,117.45999908447266
2018-07-03 00:00:00+00:00,162.15231323242188,20.887971878051758,83.62841033935547,118.6500015258789
2018-07-05 00:00:00+00:00,164.16500854492188,20.82107925415039,83.63655090332031,119.05000305175781
2018-07-06 00:00:00+00:00,166.7187957763672,20.754180908203125,83.70994567871094,118.86000061035156
2018-07-09 00:00:00+00:00,168.21881103515625,20.762544631958008,83.49784088134766,119.1500015258789
2018-07-10 00:00:00+00:00,168.3422393798828,20.770904541015625,83.4326171875,118.93000030517578
2018-07-11 00:00:00+00:00,167.48777770996094,20.913057327270508,83.60392761230469,117.63999938964844
2018-07-12 00:00:00+00:00,170.37388610839844,20.92978286743164,83.57127380371094,118.12999725341797
2018-07-13 00:00:00+00:00,170.51626586914062,20.904695510864258,83.70994567871094,117.61000061035156
2018-07-16 00:00:00+00:00,170.10806274414062,20.871246337890625,83.57127380371094,117.55000305175781
2018-07-17 00:00:00+00:00,171.1428985595703,20.963228225708008,83.52232360839844,116.27999877929688
2018-07-18 00:00:00+00:00,170.820068359375,20.98831558227539,83.45706939697266,116.30999755859375
2018-07-19 00:00:00+00:00,169.9656524658203,21.030122756958008,83.68547821044922,115.80999755859375
2018-07-20 00:00:00+00:00,169.92771911621094,20.86288833618164,83.39181518554688,116.55999755859375
2018-07-23 00:00:00+00:00,170.46884155273438,20.896333694458008,82.98388671875,116.0
2018-07-24 00:00:00+00:00,171.17135620117188,20.904695510864258,83.04098510742188,116.04000091552734
2018-07-25 00:00:00+00:00,173.56378173828125,20.804353713989258,82.98388671875,116.68000030517578
2018-07-26 00:00:00+00:00,170.9340057373047,20.946504592895508,82.89415740966797,115.7699966430664
2018-07-27 00:00:00+00:00,168.62709045410156,20.92142105102539,83.02466583251953,115.83000183105469
2018-07-30 00:00:00+00:00,166.24412536621094,20.846162796020508,82.91857147216797,115.6500015258789
2018-07-31 00:00:00+00:00,167.51626586914062,20.887971878051758,83.03282165527344,115.98999786376953
2018-08-01 00:00:00+00:00,168.15232849121094,20.913057327270508,82.8366928100586,115.13999938964844
2018-08-02 00:00:00+00:00,170.44036865234375,21.030122756958008,82.93477630615234,114.5199966430664
2018-08-03 00:00:00+00:00,170.96250915527344,21.046850204467773,83.14730072021484,114.91999816894531
2018-08-06 00:00:00+00:00,171.96885681152344,21.080291748046875,83.18817138671875,114.33000183105469
2018-08-07 00:00:00+00:00,172.59542846679688,21.05521011352539,83.0164794921875,114.58999633789062
2018-08-08 00:00:00+00:00,172.80430603027344,21.030122756958008,83.09007263183594,114.91000366210938
2018-08-09 00:00:00+00:00,172.69985961914062,21.15555191040039,83.31893157958984,114.73999786376953
2018-08-10 00:00:00+00:00,171.3802032470703,21.30606460571289,83.67859649658203,114.69000244140625
2018-08-13 00:00:00+00:00,171.1903533935547,21.31442642211914,83.65406799316406,112.95999908447266
2018-08-14 00:00:00+00:00,172.2631378173828,21.398046493530273,83.57238006591797,113.06999969482422
2018-08-15 00:00:00+00:00,170.15550231933594,21.398046493530273,83.77667999267578,111.19000244140625
2018-08-16 00:00:00+00:00,170.71566772460938,21.38132095336914,83.75216674804688,111.0999984741211
2018-08-17 00:00:00+00:00,170.7536163330078,21.272621154785156,83.78484344482422,112.12999725341797
2018-08-20 00:00:00+00:00,170.60171508789062,21.222444534301758,84.04647064208984,112.69000244140625
2018-08-21 00:00:00+00:00,171.22830200195312,21.097017288208008,83.93201446533203,113.0199966430664
2018-08-22 00:00:00+00:00,171.89283752441406,21.038484573364258,84.0873031616211,113.2699966430664
2018-08-23 00:00:00+00:00,171.64602661132812,21.17227554321289,84.0791244506836,112.19999694824219
2018-08-24 00:00:00+00:00,173.240966796875,21.07193374633789,84.1036605834961,114.16000366210938
2018-08-27 00:00:00+00:00,175.00680541992188,20.98831558227539,83.91566467285156,114.58999633789062
2018-08-28 00:00:00+00:00,175.26307678222656,20.98831558227539,83.72763061523438,113.68000030517578
2018-08-29 00:00:00+00:00,177.28530883789062,20.954864501953125,83.70310974121094,114.19999694824219
2018-08-30 00:00:00+00:00,176.97198486328125,20.97159194946289,83.8584213256836,113.63999938964844
2018-08-31 00:00:00+00:00,177.19984436035156,21.063573837280273,83.87477111816406,113.51000213623047
2018-09-04 00:00:00+00:00,176.4403533935547,21.15555191040039,83.68311309814453,112.93000030517578
2018-09-05 00:00:00+00:00,174.16192626953125,21.080291748046875,83.6749496459961,113.31999969482422
2018-09-06 00:00:00+00:00,172.60487365722656,21.080291748046875,83.846923828125,113.54000091552734
2018-09-07 00:00:00+00:00,171.94033813476562,21.138826370239258,83.47016143798828,113.2300033569336
2018-09-10 00:00:00+00:00,172.51942443847656,21.097017288208008,83.5193099975586,113.1500015258789
2018-09-11 00:00:00+00:00,173.84854125976562,21.11374282836914,83.21625518798828,113.22000122070312
2018-09-12 00:00:00+00:00,173.3359375,21.038484573364258,83.31456756591797,114.16999816894531
2018-09-13 00:00:00+00:00,175.1871795654297,20.979951858520508,83.30638122558594,113.76000213623047
2018-09-14 00:00:00+00:00,174.6745147705078,21.05521011352539,83.15071868896484,113.0199966430664
2018-09-17 00:00:00+00:00,172.15867614746094,20.954864501953125,83.1671142578125,113.61000061035156
2018-09-18 00:00:00+00:00,173.5827178955078,20.98831558227539,82.82311248779297,113.44000244140625
2018-09-19 00:00:00+00:00,173.44984436035156,20.979951858520508,82.6838607788086,113.87999725341797
2018-09-20 00:00:00+00:00,175.36752319335938,20.829437255859375,82.69204711914062,114.2699966430664
2018-09-21 00:00:00+00:00,174.40870666503906,20.896333694458008,82.72483825683594,113.48999786376953
2018-09-24 00:00:00+00:00,174.89373779296875,20.896333694458008,82.63471984863281,113.47000122070312
2018-09-25 00:00:00+00:00,175.13148498535156,20.913057327270508,82.55282592773438,113.6500015258789
2018-09-26 00:00:00+00:00,175.25514221191406,20.92142105102539,82.82311248779297,113.05000305175781
2018-09-27 00:00:00+00:00,176.73883056640625,21.07193374633789,82.82311248779297,112.05000305175781
2018-09-28 00:00:00+00:00,176.7008056640625,21.122102737426758,82.86405944824219,112.76000213623047
2018-10-01 00:00:00+00:00,177.06219482421875,21.15555191040039,82.65396118164062,112.56999969482422
2018-10-02 00:00:00+00:00,176.6627655029297,21.189001083374023,82.86732482910156,113.87000274658203
2018-10-03 00:00:00+00:00,176.85293579101562,21.25589370727539,82.25180053710938,113.41999816894531
2018-10-04 00:00:00+00:00,173.45765686035156,21.26425552368164,82.03846740722656,113.4800033569336
2018-10-05 00:00:00+00:00,171.33673095703125,21.239168167114258,81.84146118164062,113.80000305175781
2018-10-08 00:00:00+00:00,170.2904510498047,21.26425552368164,81.87429809570312,112.54000091552734
2018-10-09 00:00:00+00:00,170.84217834472656,21.25589370727539,82.03020477294922,112.5999984741211
2018-10-10 00:00:00+00:00,163.32864379882812,21.230810165405273,82.07125091552734,112.87999725341797
2018-10-11 00:00:00+00:00,161.30282592773438,21.11374282836914,82.40776824951172,115.77999877929688
2018-10-12 00:00:00+00:00,165.7919464111328,21.180635452270508,82.30926513671875,115.2300033569336
2018-10-15 00:00:00+00:00,163.7851104736328,21.13046646118164,82.35852813720703,116.0
2018-10-16 00:00:00+00:00,168.55006408691406,21.138826370239258,82.35029602050781,115.80000305175781
2018-10-17 00:00:00+00:00,168.61663818359375,21.247533798217773,82.11233520507812,115.79000091552734
2018-10-18 00:00:00+00:00,164.7076873779297,21.339513778686523,82.2599868774414,115.91999816894531
2018-10-19 00:00:00+00:00,164.5555419921875,21.29770278930664,82.16154479980469,116.01000213623047
2018-10-22 00:00:00+00:00,165.4020233154297,21.372961044311523,82.17798614501953,115.70999908447266
2018-10-23 00:00:00+00:00,164.7933349609375,21.339513778686523,82.39134979248047,116.38999938964844
2018-10-24 00:00:00+00:00,157.2512664794922,21.448217391967773,82.83454895019531,116.66000366210938
2018-10-25 00:00:00+00:00,162.69142150878906,21.50674819946289,82.6375503540039,116.4000015258789
2018-10-26 00:00:00+00:00,158.50668334960938,21.448217391967773,83.0068588256836,116.7699966430664
2018-10-29 00:00:00+00:00,155.24447631835938,21.50674819946289,82.9986572265625,116.30999755859375
2018-10-30 00:00:00+00:00,157.80288696289062,21.598731994628906,82.81806945800781,115.80000305175781
2018-10-31 00:00:00+00:00,161.51211547851562,21.590370178222656,82.61288452148438,115.1500015258789
2018-11-01 00:00:00+00:00,163.64248657226562,21.448217391967773,82.68367004394531,116.62999725341797
2018-11-02 00:00:00+00:00,161.0935821533203,21.498388290405273,82.22305297851562,116.6500015258789
2018-11-05 00:00:00+00:00,160.6941375732422,21.490028381347656,82.27242279052734,116.37000274658203
2018-11-06 00:00:00+00:00,161.9115447998047,21.43985366821289,82.18190002441406,116.04000091552734
2018-11-07 00:00:00+00:00,166.99029541015625,21.398046493530273,82.18190002441406,116.02999877929688
2018-11-08 00:00:00+00:00,165.9250946044922,21.523473739624023,82.06681823730469,115.77999877929688
2018-11-09 00:00:00+00:00,163.12890625,21.565282821655273,82.38754272460938,114.4800033569336
2018-11-12 00:00:00+00:00,158.19284057617188,21.757610321044922,82.63432312011719,113.66000366210938
2018-11-13 00:00:00+00:00,158.32595825195312,21.682350158691406,82.70008850097656,113.69999694824219
2018-11-14 00:00:00+00:00,157.1181182861328,21.607091903686523,82.87284851074219,114.63999938964844
2018-11-15 00:00:00+00:00,159.86676025390625,21.657262802124023,82.93037414550781,114.7699966430664
2018-11-16 00:00:00+00:00,159.30555725097656,21.498388290405273,83.18536376953125,115.62000274658203
2018-11-19 00:00:00+00:00,154.1317596435547,21.481664657592773,83.3087158203125,115.66999816894531
2018-11-20 00:00:00+00:00,151.3735809326172,21.590370178222656,83.29229736328125,115.66999816894531
2018-11-21 00:00:00+00:00,152.5243682861328,21.590370178222656,83.27581787109375,115.86000061035156
2018-11-23 00:00:00+00:00,151.421142578125,21.63218116760254,83.32523345947266,115.7699966430664
2018-11-26 00:00:00+00:00,154.9210968017578,21.67399024963379,83.25936889648438,115.63999938964844
2018-11-27 00:00:00+00:00,155.4442138671875,21.732519149780273,83.34164428710938,114.94999694824219
2018-11-28 00:00:00+00:00,160.4468536376953,21.623815536499023,83.3333969116211,115.37999725341797
2018-11-29 00:00:00+00:00,159.92379760742188,21.590370178222656,83.54725646972656,115.73999786376953
2018-11-30 00:00:00+00:00,161.0841064453125,21.67399024963379,83.71177673339844,115.54000091552734
2018-12-03 00:00:00+00:00,163.89926147460938,21.682350158691406,83.89471435546875,116.41000366210938
2018-12-04 00:00:00+00:00,157.61264038085938,21.640541076660156,84.28209686279297,117.12000274658203
2018-12-06 00:00:00+00:00,158.7254180908203,21.63218116760254,84.49638366699219,117.13999938964844
2018-12-07 00:00:00+00:00,153.48495483398438,21.57364845275879,84.7436752319336,118.08999633789062
2018-12-10 00:00:00+00:00,155.09228515625,21.71579933166504,84.7930908203125,117.68000030517578
2018-12-11 00:00:00+00:00,155.6059112548828,21.77433204650879,84.57881164550781,117.54000091552734
2018-12-12 00:00:00+00:00,156.97543334960938,21.690711975097656,84.34803009033203,117.79000091552734
2018-12-13 00:00:00+00:00,157.02291870117188,21.690711975097656,84.39749145507812,117.52999877929688
2018-12-14 00:00:00+00:00,153.1996612548828,21.77433204650879,84.52935028076172,117.05999755859375
2018-12-17 00:00:00+00:00,149.72821044921875,21.71579933166504,84.77660369873047,117.87000274658203
2018-12-18 00:00:00+00:00,150.6697540283203,21.707435607910156,84.98561096191406,118.1500015258789
2018-12-19 00:00:00+00:00,146.9700927734375,21.71579933166504,85.28292083740234,117.43000030517578
2018-12-20 00:00:00+00:00,144.83966064453125,21.548559188842773,85.1755599975586,119.23999786376953
2018-12-21 00:00:00+00:00,140.35060119628906,21.690711975097656,85.24984741210938,118.72000122070312
2018-12-24 00:00:00+00:00,136.8701934814453,21.5943603515625,85.46460723876953,120.0199966430664
2018-12-26 00:00:00+00:00,145.4162139892578,21.70423698425293,85.05989837646484,119.66000366210938
2018-12-27 00:00:00+00:00,145.97891235351562,21.611265182495117,85.27466583251953,120.56999969482422
2018-12-28 00:00:00+00:00,145.90261840820312,21.55210304260254,85.73712158203125,121.05999755859375
2018-12-31 00:00:00+00:00,147.13304138183594,21.509843826293945,86.05921936035156,121.25
2019-01-02 00:00:00+00:00,147.72442626953125,21.670427322387695,86.24095153808594,121.33000183105469
2019-01-03 00:00:00+00:00,142.898193359375,21.55210304260254,86.92645263671875,122.43000030517578
2019-01-04 00:00:00+00:00,149.01197814941406,21.518295288085938,86.2244644165039,121.44000244140625
2019-01-07 00:00:00+00:00,150.78610229492188,21.425325393676758,85.9848861694336,121.86000061035156
2019-01-08 00:00:00+00:00,152.15000915527344,21.492938995361328,85.77020263671875,121.52999877929688
2019-01-09 00:00:00+00:00,153.38999938964844,21.29010009765625,85.81971740722656,122.30999755859375
2019-01-10 00:00:00+00:00,153.82872009277344,21.416873931884766,85.77843475341797,121.58999633789062
2019-01-11 00:00:00+00:00,153.26597595214844,21.43377685546875,86.03446960449219,121.80000305175781
2019-01-14 00:00:00+00:00,151.9115753173828,21.43377685546875,85.9848861694336,122.08999633789062
2019-01-15 00:00:00+00:00,154.8779296875,21.509843826293945,85.90232849121094,121.87999725341797
2019-01-16 00:00:00+00:00,154.84930419921875,21.535198211669922,85.85276794433594,122.2699966430664
2019-01-17 00:00:00+00:00,156.0701446533203,21.535198211669922,85.6958236694336,122.11000061035156
2019-01-18 00:00:00+00:00,157.61532592773438,21.602811813354492,85.42329406738281,121.0199966430664
2019-01-22 00:00:00+00:00,154.45819091796875,21.602811813354492,85.72057342529297,121.44999694824219
2019-01-23 00:00:00+00:00,154.6585235595703,21.55210304260254,85.67932891845703,121.27999877929688
2019-01-24 00:00:00+00:00,155.66001892089844,21.678878784179688,85.95186614990234,121.08999633789062
2019-01-25 00:00:00+00:00,157.51995849609375,21.501392364501953,85.75364685058594,122.86000061035156
2019-01-28 00:00:00+00:00,155.57418823242188,21.518295288085938,85.77843475341797,123.29000091552734
2019-01-29 00:00:00+00:00,154.10533142089844,21.52674674987793,86.02622985839844,123.9800033569336
2019-01-30 00:00:00+00:00,158.025390625,21.416873931884766,86.2244644165039,124.69000244140625
2019-01-31 00:00:00+00:00,160.39083862304688,21.459131240844727,86.620849609375,124.75
2019-02-01 00:00:00+00:00,159.71368408203125,21.459131240844727,86.1573715209961,124.5
2019-02-04 00:00:00+00:00,161.69749450683594,21.518295288085938,85.96701049804688,123.95999908447266
2019-02-05 00:00:00+00:00,163.1282501220703,21.57745933532715,86.11595916748047,124.27999877929688
2019-02-06 00:00:00+00:00,162.64186096191406,21.66197395324707,86.18221282958984,123.44000244140625
2019-02-07 00:00:00+00:00,160.4575958251953,21.712688446044922,86.46358489990234,123.73999786376953
2019-02-08 00:00:00+00:00,160.7723846435547,21.7380428314209,86.57949829101562,124.20999908447266
2019-02-11 00:00:00+00:00,160.61978149414062,21.822559356689453,86.44706726074219,123.5999984741211
2019-02-12 00:00:00+00:00,162.99468994140625,21.746492385864258,86.33119201660156,123.86000061035156
2019-02-13 00:00:00+00:00,163.10922241210938,21.86482048034668,86.11595916748047,123.37000274658203
2019-02-14 00:00:00+00:00,163.30950927734375,21.83946418762207,86.52156066894531,124.05999755859375
2019-02-15 00:00:00+00:00,163.99618530273438,21.797204971313477,86.43878173828125,124.80000305175781
2019-02-19 00:00:00+00:00,164.32049560546875,21.712688446044922,86.58777618408203,126.69999694824219
2019-02-20 00:00:00+00:00,164.2919464111328,21.729589462280273,86.57120513916016,126.4800033569336
2019-02-21 00:00:00+00:00,163.69100952148438,21.746492385864258,86.31462860107422,125.05000305175781
2019-02-22 00:00:00+00:00,164.90232849121094,21.7380428314209,86.57120513916016,125.5
2019-02-25 00:00:00+00:00,165.5032501220703,21.721139907836914,86.43878173828125,125.37000274658203
2019-02-26 00:00:00+00:00,165.67495727539062,21.636621475219727,86.69534301757812,125.58000183105469
2019-02-27 00:00:00+00:00,165.5699462890625,21.653526306152344,86.38909912109375,124.69000244140625
2019-02-28 00:00:00+00:00,165.18844604492188,21.670427322387695,86.1656494140625,123.98999786376953
2019-03-01 00:00:00+00:00,166.33303833007812,21.754945755004883,85.88289642333984,121.87999725341797
2019-03-04 00:00:00+00:00,166.3616180419922,21.78030014038086,86.14826202392578,121.55999755859375
2019-03-05 00:00:00+00:00,166.4856414794922,21.83946418762207,86.19801330566406,121.72000122070312
2019-03-06 00:00:00+00:00,165.5413055419922,21.83946418762207,86.43846893310547,121.61000061035156
2019-03-07 00:00:00+00:00,163.50978088378906,22.033855438232422,86.72874450683594,121.51000213623047
2019-03-08 00:00:00+00:00,163.2617950439453,21.96624183654785,86.85308074951172,122.83999633789062
2019-03-11 00:00:00+00:00,166.65731811523438,21.915529251098633,86.78677368164062,122.23999786376953
2019-03-12 00:00:00+00:00,167.5729522705078,21.873271942138672,87.02721405029297,122.9800033569336
2019-03-13 00:00:00+00:00,168.8319854736328,21.7718505859375,86.99404907226562,123.83999633789062
2019-03-14 00:00:00+00:00,168.5458526611328,21.83946418762207,86.8696517944336,122.41000366210938
2019-03-15 00:00:00+00:00,170.11004638671875,21.8056583404541,87.1432876586914,122.97000122070312
2019-03-18 00:00:00+00:00,170.51522827148438,21.78030014038086,87.02721405029297,123.04000091552734
2019-03-19 00:00:00+00:00,171.08853149414062,21.754945755004883,86.96916961669922,123.37999725341797
2019-03-20 00:00:00+00:00,171.7669677734375,21.6281681060791,87.57447814941406,124.18000030517578
2019-03-21 00:00:00+00:00,174.45201110839844,21.763395309448242,87.53304290771484,123.68000030517578
2019-03-22 00:00:00+00:00,170.62033081054688,21.8056583404541,88.17984008789062,123.97000122070312
2019-03-25 00:00:00+00:00,170.2954864501953,21.8056583404541,88.40373992919922,124.91999816894531
2019-03-26 00:00:00+00:00,171.08853149414062,21.873271942138672,88.32907104492188,124.30000305175781
2019-03-27 00:00:00+00:00,169.9896240234375,21.89862632751465,88.58619689941406,123.6500015258789
2019-03-28 00:00:00+00:00,170.38140869140625,21.974693298339844,88.59445190429688,121.9000015258789
2019-03-29 00:00:00+00:00,171.67138671875,22.000049591064453,88.4534683227539,122.01000213623047
2019-04-01 00:00:00+00:00,173.94561767578125,21.983144760131836,87.84526824951172,121.52999877929688
2019-04-02 00:00:00+00:00,174.6049041748047,22.008501052856445,87.99484252929688,121.9800033569336
2019-04-03 00:00:00+00:00,175.6082000732422,21.974693298339844,87.7206039428711,121.80000305175781
2019-04-04 00:00:00+00:00,175.5413360595703,22.000049591064453,87.81201934814453,122.11000061035156
2019-04-05 00:00:00+00:00,176.44908142089844,22.02540397644043,87.85355377197266,121.9800033569336
2019-04-08 00:00:00+00:00,176.89820861816406,21.9493350982666,87.7122802734375,122.51000213623047
2019-04-09 00:00:00+00:00,176.27713012695312,21.95779037475586,87.87017822265625,123.1500015258789
2019-04-10 00:00:00+00:00,177.2230682373047,21.923982620239258,88.07791900634766,123.52999877929688
2019-04-11 00:00:00+00:00,176.80264282226562,21.99159812927246,87.87849426269531,121.94999694824219
2019-04-12 00:00:00+00:00,177.56704711914062,21.940885543823242,87.4713363647461,121.83000183105469
2019-04-15 00:00:00+00:00,177.5957794189453,21.93243408203125,87.58769226074219,121.5999984741211
2019-04-16 00:00:00+00:00,178.20730590820312,21.983144760131836,87.2885513305664,120.51000213623047
2019-04-17 00:00:00+00:00,178.82839965820312,21.96624183654785,87.30510711669922,120.27999877929688
2019-04-18 00:00:00+00:00,179.0576629638672,22.084566116333008,87.51287841796875,120.37000274658203
2019-04-22 00:00:00+00:00,179.56411743164062,22.033855438232422,87.38823699951172,120.37000274658203
2019-04-23 00:00:00+00:00,181.84786987304688,22.109920501708984,87.54612731933594,120.12000274658203
2019-04-24 00:00:00+00:00,181.27452087402344,22.219797134399414,87.87849426269531,120.47000122070312
2019-04-25 00:00:00+00:00,182.01026916503906,22.262054443359375,87.7704849243164,120.56999969482422
2019-04-26 00:00:00+00:00,182.1727752685547,22.236698150634766,88.00312805175781,121.37000274658203
2019-04-29 00:00:00+00:00,182.52627563476562,22.18598747253418,87.8203353881836,120.83000183105469
2019-04-30 00:00:00+00:00,181.1121063232422,22.11837387084961,87.99484252929688,121.19999694824219
2019-05-01 00:00:00+00:00,180.5292205810547,22.14373016357422,87.95488739013672,120.4000015258789
2019-05-02 00:00:00+00:00,179.74566650390625,22.194440841674805,87.705078125,119.94000244140625
2019-05-03 00:00:00+00:00,182.6123046875,22.109920501708984,87.82166290283203,120.6500015258789
2019-05-06 00:00:00+00:00,181.49435424804688,22.126827239990234,88.04644012451172,120.80999755859375
2019-05-07 00:00:00+00:00,177.95880126953125,22.14373016357422,88.34620666503906,121.20999908447266
2019-05-08 00:00:00+00:00,177.50973510742188,22.15218162536621,88.17965698242188,120.91000366210938
2019-05-09 00:00:00+00:00,176.55419921875,22.109920501708984,88.41280364990234,121.19999694824219
2019-05-10 00:00:00+00:00,176.77394104003906,22.101469039916992,88.35452270507812,121.43000030517578
2019-05-13 00:00:00+00:00,170.63946533203125,22.101469039916992,88.79578399658203,122.66999816894531
2019-05-14 00:00:00+00:00,172.51229858398438,22.15218162536621,88.71249389648438,122.45999908447266
2019-05-15 00:00:00+00:00,174.9489288330078,22.160633087158203,88.99560546875,122.38999938964844
2019-05-16 00:00:00+00:00,176.7070770263672,22.219797134399414,88.82073974609375,121.51000213623047
2019-05-17 00:00:00+00:00,174.901123046875,22.270505905151367,88.86238861083984,120.6500015258789
2019-05-20 00:00:00+00:00,171.94847106933594,22.253602981567383,88.71249389648438,120.63999938964844
2019-05-21 00:00:00+00:00,173.74497985839844,22.287410736083984,88.61260986328125,120.36000061035156
2019-05-22 00:00:00+00:00,172.9709930419922,22.30431365966797,88.87905883789062,120.23999786376953
2019-05-23 00:00:00+00:00,170.32411193847656,22.262054443359375,89.42024230957031,121.16999816894531
2019-05-24 00:00:00+00:00,170.23809814453125,22.18598747253418,89.39522552490234,121.30000305175781
2019-05-28 00:00:00+00:00,169.59793090820312,22.278959274291992,89.78651428222656,120.83000183105469
2019-05-29 00:00:00+00:00,168.20281982421875,22.329668045043945,89.75324249267578,120.87000274658203
2019-05-30 00:00:00+00:00,168.90989685058594,22.338119506835938,90.07798767089844,121.69000244140625
2019-05-31 00:00:00+00:00,166.21531677246094,22.245153427124023,90.67743682861328,123.33000183105469
2019-06-03 00:00:00+00:00,162.5555877685547,22.126827239990234,91.11370849609375,125.11000061035156
2019-06-04 00:00:00+00:00,167.13259887695312,22.101469039916992,90.78006744384766,125.1500015258789
2019-06-05 00:00:00+00:00,168.37484741210938,22.177536010742188,90.78006744384766,125.47000122070312
2019-06-06 00:00:00+00:00,169.7126007080078,22.101469039916992,90.76334381103516,125.87999725341797
2019-06-07 00:00:00+00:00,172.99002075195312,22.008501052856445,91.1220703125,126.58999633789062
2019-06-10 00:00:00+00:00,175.00624084472656,22.033855438232422,90.67158508300781,125.33000183105469
2019-06-11 00:00:00+00:00,175.24510192871094,22.042308807373047,90.67158508300781,125.18000030517578
2019-06-12 00:00:00+00:00,174.2322235107422,22.101469039916992,90.9051742553711,125.83000183105469
2019-06-13 00:00:00+00:00,175.2642059326172,22.11837387084961,91.13040924072266,126.5999984741211
2019-06-14 00:00:00+00:00,174.51893615722656,22.236698150634766,91.19717407226562,126.55999755859375
2019-06-17 00:00:00+00:00,175.56997680664062,22.245153427124023,91.18043518066406,126.4800033569336
2019-06-18 00:00:00+00:00,178.1212921142578,22.278959274291992,91.35562896728516,127.12000274658203
2019-06-19 00:00:00+00:00,178.79014587402344,22.177536010742188,91.6059341430664,127.88999938964844
2019-06-20 00:00:00+00:00,180.45274353027344,22.042308807373047,91.75611114501953,131.11000061035156
2019-06-21 00:00:00+00:00,180.18524169921875,21.93243408203125,91.38066101074219,131.97999572753906
2019-06-24 00:00:00+00:00,180.1909942626953,21.89862632751465,91.69767761230469,133.94000244140625
2019-06-25 00:00:00+00:00,177.09776306152344,21.9493350982666,91.83952331542969,134.1999969482422
2019-06-26 00:00:00+00:00,177.92135620117188,21.96624183654785,91.46405792236328,132.97000122070312
2019-06-27 00:00:00+00:00,178.601318359375,21.96624183654785,91.7394027709961,132.83999633789062
2019-06-28 00:00:00+00:00,178.8311004638672,21.9493350982666,91.78106689453125,133.1999969482422
2019-07-01 00:00:00+00:00,181.24441528320312,22.109920501708984,91.66575622558594,130.6199951171875
2019-07-02 00:00:00+00:00,181.96263122558594,22.093019485473633,91.9917221069336,133.41000366210938
2019-07-03 00:00:00+00:00,183.33206176757812,22.093019485473633,92.16719818115234,133.6300048828125
2019-07-05 00:00:00+00:00,182.9585723876953,22.21134376525879,91.58222961425781,132.13999938964844
2019-07-08 00:00:00+00:00,181.67530822753906,22.253602981567383,91.49026489257812,131.2899932861328
2019-07-09 00:00:00+00:00,182.58511352539062,22.270505905151367,91.4317855834961,131.75
2019-07-10 00:00:00+00:00,184.40460205078125,22.177536010742188,91.48188781738281,133.8300018310547
2019-07-11 00:00:00+00:00,184.27056884765625,22.177536010742188,91.03067779541016,132.6999969482422
2019-07-12 00:00:00+00:00,185.3335418701172,22.135278701782227,91.13092803955078,133.52999877929688
2019-07-15 00:00:00+00:00,185.92730712890625,22.169084548950195,91.32315826416016,133.52999877929688
2019-07-16 00:00:00+00:00,184.96963500976562,22.270505905151367,91.1225814819336,132.39999389648438
2019-07-17 00:00:00+00:00,184.05984497070312,22.228248596191406,91.54878997802734,134.5800018310547
2019-07-18 00:00:00+00:00,184.27056884765625,22.109920501708984,91.77445220947266,136.47999572753906
2019-07-19 00:00:00+00:00,182.92030334472656,22.219797134399414,91.6072769165039,134.47000122070312
2019-07-22 00:00:00+00:00,184.37588500976562,22.262054443359375,91.64904022216797,134.4499969482422
2019-07-23 00:00:00+00:00,185.58255004882812,22.363475799560547,91.49862670898438,133.69000244140625
2019-07-24 00:00:00+00:00,186.88490295410156,22.363475799560547,91.6323471069336,134.3699951171875
2019-07-25 00:00:00+00:00,185.11329650878906,22.405736923217773,91.47357940673828,133.4199981689453
2019-07-26 00:00:00+00:00,187.01898193359375,22.439542770385742,91.45685577392578,133.63999938964844
2019-07-29 00:00:00+00:00,186.3773651123047,22.456445693969727,91.54041290283203,134.52999877929688
2019-07-30 00:00:00+00:00,185.57296752929688,22.456445693969727,91.58222961425781,134.97999572753906
2019-07-31 00:00:00+00:00,183.0065155029297,22.5916748046875,91.81616973876953,133.2100067138672
2019-08-01 00:00:00+00:00,182.09669494628906,22.524059295654297,92.85762786865234,136.41000366210938
2019-08-02 00:00:00+00:00,179.41526794433594,22.473350524902344,93.05020141601562,135.88999938964844
2019-08-05 00:00:00+00:00,173.07562255859375,22.363475799560547,93.8538589477539,137.7899932861328
2019-08-06 00:00:00+00:00,175.49847412109375,22.388832092285156,94.0045394897461,138.91000366210938
2019-08-07 00:00:00+00:00,176.4465789794922,22.37192726135254,94.0045394897461,141.02000427246094
2019-08-08 00:00:00+00:00,180.28675842285156,22.388832092285156,94.01290130615234,141.72999572753906
2019-08-09 00:00:00+00:00,178.59173583984375,22.363475799560547,93.87057495117188,141.25999450683594
2019-08-12 00:00:00+00:00,176.5423583984375,22.346572875976562,94.46500396728516,142.6300048828125
2019-08-13 00:00:00+00:00,180.41127014160156,22.4479923248291,94.13008117675781,141.77999877929688
2019-08-14 00:00:00+00:00,175.01966857910156,22.49870491027832,94.75798797607422,142.75
2019-08-15 00:00:00+00:00,174.818603515625,22.515607833862305,95.36071014404297,143.6999969482422
2019-08-16 00:00:00+00:00,177.62451171875,22.532512664794922,95.10958862304688,142.77999877929688
2019-08-19 00:00:00+00:00,180.4495391845703,22.583221435546875,94.65754699707031,141.11000061035156
2019-08-20 00:00:00+00:00,179.0513916015625,22.532512664794922,95.07611083984375,142.2100067138672
2019-08-21 00:00:00+00:00,180.64108276367188,22.55786895751953,94.824951171875,141.75999450683594
2019-08-22 00:00:00+00:00,180.0569305419922,22.540964126586914,94.61563110351562,141.39999389648438
2019-08-23 00:00:00+00:00,174.35887145996094,22.414186477661133,95.25189208984375,144.1699981689453
2019-08-26 00:00:00+00:00,176.99241638183594,22.532512664794922,95.15978240966797,144.19000244140625
2019-08-27 00:00:00+00:00,176.61892700195312,22.515607833862305,95.570068359375,145.57000732421875
2019-08-28 00:00:00+00:00,177.2509765625,22.566320419311523,95.60350036621094,145.16000366210938
2019-08-29 00:00:00+00:00,179.96112060546875,22.62548065185547,95.4193115234375,144.1199951171875
2019-08-30 00:00:00+00:00,179.53021240234375,22.71000099182129,95.44447326660156,143.75
2019-09-03 00:00:00+00:00,177.78724670410156,22.760713577270508,95.65408325195312,145.75
2019-09-04 00:00:00+00:00,180.35382080078125,22.617029190063477,95.8050308227539,146.66000366210938
2019-09-05 00:00:00+00:00,183.65771484375,22.62548065185547,95.03357696533203,143.13999938964844
2019-09-06 00:00:00+00:00,183.47567749023438,22.633934020996094,95.09228515625,141.9199981689453
2019-09-09 00:00:00+00:00,183.09268188476562,22.5916748046875,94.50527954101562,141.38999938964844
2019-09-10 00:00:00+00:00,182.56591796875,22.617029190063477,93.81764221191406,140.17999267578125
2019-09-11 00:00:00+00:00,184.2801055908203,22.68464469909668,93.72542572021484,141.02999877929688
2019-09-12 00:00:00+00:00,185.04627990722656,22.617029190063477,93.5157470703125,141.32000732421875
2019-09-13 00:00:00+00:00,184.38543701171875,22.583221435546875,92.66043853759766,140.14999389648438
2019-09-16 00:00:00+00:00,183.56187438964844,22.68464469909668,93.06295013427734,141.32000732421875
2019-09-17 00:00:00+00:00,184.44296264648438,22.583221435546875,93.30613708496094,141.60000610351562
2019-09-18 00:00:00+00:00,184.3663330078125,22.667741775512695,93.33966827392578,140.7100067138672
2019-09-19 00:00:00+00:00,184.67276000976562,22.617029190063477,93.3816146850586,141.27999877929688
2019-09-20 00:00:00+00:00,182.71923828125,22.676193237304688,93.91828155517578,142.9499969482422
2019-09-23 00:00:00+00:00,182.7998046875,22.71000099182129,94.05242919921875,143.75
2019-09-24 00:00:00+00:00,180.37200927734375,22.62548065185547,94.52206420898438,144.50999450683594
2019-09-25 00:00:00+00:00,182.39671325683594,22.802968978881836,93.90151977539062,141.8300018310547
2019-09-26 00:00:00+00:00,181.72508239746094,22.862133026123047,94.10272216796875,141.7899932861328
2019-09-27 00:00:00+00:00,179.4700164794922,22.828327178955078,94.23693084716797,141.05999755859375
2019-09-30 00:00:00+00:00,181.1780548095703,22.90439224243164,94.3124008178711,138.8699951171875
2019-10-01 00:00:00+00:00,179.70034790039062,22.828327178955078,94.57357025146484,139.6300048828125
2019-10-02 00:00:00+00:00,176.61050415039062,22.81142234802246,94.9011001586914,141.25999450683594
2019-10-03 00:00:00+00:00,178.54885864257812,22.802968978881836,95.39661407470703,141.89999389648438
2019-10-04 00:00:00+00:00,181.1780548095703,22.78606605529785,95.58139038085938,141.89999389648438
2019-10-07 00:00:00+00:00,180.63113403320312,22.828327178955078,95.26224517822266,140.69000244140625
2019-10-08 00:00:00+00:00,177.92507934570312,22.862133026123047,95.46379089355469,141.9199981689453
2019-10-09 00:00:00+00:00,179.6619110107422,22.845230102539062,95.22023010253906,142.0500030517578
2019-10-10 00:00:00+00:00,181.0532989501953,22.75225830078125,94.62399291992188,140.80999755859375
2019-10-11 00:00:00+00:00,183.38511657714844,22.667741775512695,93.977294921875,140.02999877929688
2019-10-14 00:00:00+00:00,183.36587524414062,22.735355377197266,94.23763275146484,140.58999633789062
2019-10-15 00:00:00+00:00,185.69769287109375,22.667741775512695,93.78411865234375,139.61000061035156
2019-10-16 00:00:00+00:00,185.2371063232422,22.608579635620117,93.96891784667969,140.41000366210938
2019-10-17 00:00:00+00:00,185.72650146484375,22.524059295654297,93.93534088134766,140.61000061035156
2019-10-18 00:00:00+00:00,183.941650390625,22.439542770385742,94.01930236816406,140.4600067138672
2019-10-21 00:00:00+00:00,185.57293701171875,22.456445693969727,93.67498016357422,139.7899932861328
2019-10-22 00:00:00+00:00,184.09523010253906,22.507156372070312,93.89334106445312,140.1999969482422
2019-10-23 00:00:00+00:00,184.45025634765625,22.49870491027832,93.92691802978516,140.52999877929688
2019-10-24 00:00:00+00:00,186.24464416503906,22.566320419311523,93.91014862060547,141.52999877929688
2019-10-25 00:00:00+00:00,187.73199462890625,22.5916748046875,93.70854949951172,141.86000061035156
2019-10-28 00:00:00+00:00,189.58399963378906,22.574771881103516,93.35580444335938,140.63999938964844
2019-10-29 00:00:00+00:00,188.11582946777344,22.566320419311523,93.43981170654297,140.25
2019-10-30 00:00:00+00:00,189.02745056152344,22.515607833862305,93.89334106445312,141.02000427246094
2019-10-31 00:00:00+00:00,189.1138153076172,22.473350524902344,94.4896011352539,142.42999267578125
2019-11-01 00:00:00+00:00,190.83143615722656,22.464895248413086,94.31126403808594,142.55999755859375
2019-11-04 00:00:00+00:00,192.01170349121094,22.549415588378906,93.83187866210938,142.14999389648438
2019-11-05 00:00:00+00:00,192.11729431152344,22.633934020996094,93.32719421386719,139.85000610351562
2019-11-06 00:00:00+00:00,191.6854705810547,22.633934020996094,93.59637451171875,140.4499969482422
2019-11-07 00:00:00+00:00,192.32838439941406,22.68464469909668,92.8477554321289,138.27000427246094
2019-11-08 00:00:00+00:00,193.0960693359375,22.735355377197266,92.72161865234375,137.38999938964844
2019-11-11 00:00:00+00:00,192.8369598388672,22.701547622680664,92.82257843017578,137.05999755859375
2019-11-12 00:00:00+00:00,193.3935546875,22.735355377197266,92.86463928222656,137.42999267578125
2019-11-13 00:00:00+00:00,193.4414825439453,22.726905822753906,93.11695098876953,137.97999572753906
2019-11-14 00:00:00+00:00,193.2879638671875,22.71000099182129,93.58798217773438,138.55999755859375
2019-11-15 00:00:00+00:00,194.70814514160156,22.659290313720703,93.51224517822266,138.2100067138672
2019-11-18 00:00:00+00:00,194.86166381835938,22.617029190063477,93.67210388183594,138.6199951171875
2019-11-19 00:00:00+00:00,195.14959716796875,22.64238739013672,93.84870910644531,138.69000244140625
2019-11-20 00:00:00+00:00,193.9788818359375,22.64238739013672,94.19351196289062,138.75999450683594
2019-11-21 00:00:00+00:00,193.54705810546875,22.676193237304688,93.9580307006836,138.0
2019-11-22 00:00:00+00:00,193.67178344726562,22.74380874633789,93.94121551513672,137.74000549316406
2019-11-25 00:00:00+00:00,195.96524047851562,22.760713577270508,93.98328399658203,137.0800018310547
2019-11-26 00:00:00+00:00,196.33944702148438,22.735355377197266,94.15991973876953,137.74000549316406
2019-11-27 00:00:00+00:00,197.71163940429688,22.769163131713867,93.91596984863281,137.00999450683594
2019-11-29 00:00:00+00:00,196.80960083007812,22.74380874633789,93.84025573730469,137.86000061035156
2019-12-02 00:00:00+00:00,194.79452514648438,22.650836944580078,93.50334930419922,137.7899932861328
2019-12-03 00:00:00+00:00,193.2687530517578,22.62548065185547,94.33723449707031,139.11000061035156
2019-12-04 00:00:00+00:00,194.24754333496094,22.600126266479492,93.97505187988281,138.9199981689453
2019-12-05 00:00:00+00:00,194.63136291503906,22.549415588378906,93.75607299804688,139.0
2019-12-06 00:00:00+00:00,196.71363830566406,22.633934020996094,93.46968078613281,137.6199951171875
2019-12-09 00:00:00+00:00,195.8212890625,22.608579635620117,93.54549407958984,137.5800018310547
2019-12-10 00:00:00+00:00,195.65811157226562,22.583221435546875,93.43598175048828,137.97000122070312
2019-12-11 00:00:00+00:00,196.69444274902344,22.49870491027832,93.8234634399414,138.9199981689453
2019-12-12 00:00:00+00:00,198.16265869140625,22.532512664794922,93.08226013183594,138.42999267578125
2019-12-13 00:00:00+00:00,198.81515502929688,22.532512664794922,93.62969207763672,139.0500030517578
2019-12-16 00:00:00+00:00,200.81103515625,22.490253448486328,93.19173431396484,139.0399932861328
2019-12-17 00:00:00+00:00,200.9262237548828,22.532512664794922,93.20011901855469,139.00999450683594
2019-12-18 00:00:00+00:00,201.0797882080078,22.574771881103516,92.94743347167969,139.02000427246094
2019-12-19 00:00:00+00:00,202.33677673339844,22.574771881103516,93.0199966430664,139.3800048828125
2019-12-20 00:00:00+00:00,203.15240478515625,22.650836944580078,93.0199966430664,139.52000427246094
2019-12-23 00:00:00+00:00,203.6890411376953,22.638769149780273,92.93560791015625,139.9499969482422
2019-12-24 00:00:00+00:00,203.7948455810547,22.638769149780273,93.09589385986328,141.27000427246094
2019-12-26 00:00:00+00:00,205.5931396484375,22.604284286499023,93.23088836669922,142.3800048828125
2019-12-27 00:00:00+00:00,205.42001342773438,22.492210388183594,93.36585235595703,142.3300018310547
2019-12-30 00:00:00+00:00,204.07373046875,22.449106216430664,93.3067855834961,142.6300048828125
2019-12-31 00:00:00+00:00,204.4583740234375,22.388757705688477,92.96936798095703,142.89999389648438
2020-01-02 00:00:00+00:00,207.8722381591797,22.466346740722656,93.39957427978516,143.9499969482422
2020-01-03 00:00:00+00:00,205.96820068359375,22.492210388183594,94.02371215820312,145.86000061035156
2020-01-06 00:00:00+00:00,207.2952117919922,22.44048500061035,93.92253112792969,147.38999938964844
2020-01-07 00:00:00+00:00,207.2664031982422,22.51807403564453,93.78761291503906,147.97000122070312
2020-01-08 00:00:00+00:00,208.8242950439453,22.57842254638672,93.56827545166016,146.86000061035156
2020-01-09 00:00:00+00:00,210.59376525878906,22.621524810791016,93.6357421875,146.02999877929688
2020-01-10 00:00:00+00:00,210.05520629882812,22.604284286499023,93.83818054199219,146.91000366210938
2020-01-13 00:00:00+00:00,212.47862243652344,22.604284286499023,93.7285385131836,145.82000732421875
2020-01-14 00:00:00+00:00,211.6419677734375,22.612905502319336,93.91410064697266,145.69000244140625
2020-01-15 00:00:00+00:00,211.72850036621094,22.57842254638672,94.1502685546875,146.5399932861328
2020-01-16 00:00:00+00:00,213.75755310058594,22.612905502319336,93.9562759399414,146.30999755859375
2020-01-17 00:00:00+00:00,214.8154754638672,22.690494537353516,93.88035583496094,146.5800018310547
2020-01-21 00:00:00+00:00,214.71922302246094,22.67325210571289,94.2514877319336,146.74000549316406
2020-01-22 00:00:00+00:00,215.2866668701172,22.656009674072266,94.26836395263672,146.7899932861328
2020-01-23 00:00:00+00:00,215.97900390625,22.716358184814453,94.5045394897461,147.1199951171875
2020-01-24 00:00:00+00:00,214.16151428222656,22.75084114074707,94.84194946289062,147.97999572753906
2020-01-27 00:00:00+00:00,209.73788452148438,22.785324096679688,95.48295593261719,148.99000549316406
2020-01-28 00:00:00+00:00,212.9594268798828,22.785324096679688,95.16244506835938,147.66000366210938
2020-01-29 00:00:00+00:00,213.30564880371094,22.819808959960938,95.61793518066406,148.4600067138672
2020-01-30 00:00:00+00:00,214.06536865234375,22.75084114074707,95.71070098876953,148.47000122070312
2020-01-31 00:00:00+00:00,210.6707305908203,22.656009674072266,96.1915283203125,149.3300018310547
2020-02-03 00:00:00+00:00,213.85377502441406,22.768083572387695,96.10958099365234,148.36000061035156
2020-02-04 00:00:00+00:00,218.74867248535156,22.802568435668945,95.55215454101562,146.42999267578125
2020-02-05 00:00:00+00:00,219.46986389160156,22.888776779174805,95.13825225830078,146.61000061035156
2020-02-06 00:00:00+00:00,221.36434936523438,22.931882858276367,95.20585632324219,147.39999389648438
2020-02-07 00:00:00+00:00,220.41233825683594,22.98360824584961,95.66195678710938,147.7899932861328
2020-02-10 00:00:00+00:00,223.07608032226562,23.01809310913086,95.84773254394531,148.1699981689453
2020-02-11 00:00:00+00:00,223.1145477294922,22.992231369018555,95.61970520019531,147.66000366210938
2020-02-12 00:00:00+00:00,225.28787231445312,23.052576065063477,95.3747787475586,147.5399932861328
2020-02-13 00:00:00+00:00,224.99940490722656,23.078439712524414,95.45916748046875,148.3800048828125
2020-02-14 00:00:00+00:00,225.64370727539062,23.069820404052734,95.69571685791016,149.0
2020-02-18 00:00:00+00:00,225.73028564453125,23.156030654907227,95.84773254394531,150.91000366210938
2020-02-19 00:00:00+00:00,227.89402770996094,23.199134826660156,95.8308334350586,151.7899932861328
2020-02-20 00:00:00+00:00,225.77835083007812,23.268102645874023,96.10958099365234,152.41000366210938
2020-02-21 00:00:00+00:00,221.44126892089844,23.130165100097656,96.49813079833984,154.6999969482422
2020-02-24 00:00:00+00:00,212.90171813964844,23.13878631591797,97.24981689453125,156.08999633789062
2020-02-25 00:00:00+00:00,207.112548828125,23.069820404052734,97.52011108398438,153.3000030517578
2020-02-26 00:00:00+00:00,208.1799774169922,23.087060928344727,97.46944427490234,153.97000122070312
2020-02-27 00:00:00+00:00,197.75559997558594,22.949125289916992,97.94242858886719,154.0
2020-02-28 00:00:00+00:00,197.9094696044922,22.87153434753418,99.04043579101562,148.3800048828125
2020-03-02 00:00:00+00:00,208.1222686767578,22.75084114074707,98.97276306152344,149.1999969482422
2020-03-03 00:00:00+00:00,201.44837951660156,22.656009674072266,100.12281799316406,153.88999938964844
2020-03-04 00:00:00+00:00,209.853271484375,22.733598709106445,99.90293884277344,154.16000366210938
2020-03-05 00:00:00+00:00,203.4774932861328,22.56117820739746,100.7908706665039,157.49000549316406
2020-03-06 00:00:00+00:00,200.0443572998047,22.431865692138672,101.81409454345703,157.5500030517578
2020-03-09 00:00:00+00:00,186.1483612060547,22.190475463867188,102.72740173339844,157.80999755859375
2020-03-10 00:00:00+00:00,196.2842559814453,22.51807403564453,100.84160614013672,154.47999572753906
2020-03-11 00:00:00+00:00,187.7351531982422,22.55255889892578,99.83531951904297,153.92999267578125
2020-03-12 00:00:00+00:00,170.52146911621094,22.793947219848633,99.88603210449219,147.7899932861328
2020-03-13 00:00:00+00:00,184.9654998779297,23.65604591369629,99.23490142822266,143.27999877929688
2020-03-16 00:00:00+00:00,162.80889892578125,22.897396087646484,101.85639953613281,141.63999938964844
2020-03-17 00:00:00+00:00,175.15658569335938,23.30258560180664,99.30256652832031,143.55999755859375
2020-03-18 00:00:00+00:00,169.82904052734375,23.65604591369629,97.92418670654297,140.6999969482422
2020-03-19 00:00:00+00:00,170.84835815429688,24.216413497924805,98.24552154541016,138.0399932861328
2020-03-20 00:00:00+00:00,164.1551971435547,24.147445678710938,100.74861907958984,140.11000061035156
2020-03-23 00:00:00+00:00,164.2737579345703,24.112958908081055,101.94092559814453,146.3000030517578
2020-03-24 00:00:00+00:00,176.99476623535156,23.837087631225586,101.24754333496094,153.39999389648438
2020-03-25 00:00:00+00:00,175.68406677246094,23.61294174194336,101.30674743652344,151.3000030517578
2020-03-26 00:00:00+00:00,184.93568420410156,23.233619689941406,101.55193328857422,153.24000549316406
2020-03-27 00:00:00+00:00,178.57518005371094,23.043954849243164,102.30455017089844,152.25
2020-03-30 00:00:00+00:00,185.07057189941406,23.147409439086914,102.54130554199219,152.9199981689453
2020-03-31 00:00:00+00:00,183.49008178710938,23.130165100097656,102.72740173339844,148.0500030517578
2020-04-01 00:00:00+00:00,175.69374084472656,23.276721954345703,103.14559936523438,149.4499969482422
2020-04-02 00:00:00+00:00,179.25942993164062,23.397415161132812,103.16256713867188,151.89999389648438
2020-04-03 00:00:00+00:00,176.71522521972656,23.5267333984375,103.23876953125,152.64999389648438
2020-04-06 00:00:00+00:00,189.3494873046875,23.535350799560547,102.77308654785156,156.8800048828125
2020-04-07 00:00:00+00:00,189.27232360839844,23.319826126098633,102.31593322753906,156.0399932861328
2020-04-08 00:00:00+00:00,193.2910614013672,23.406038284301758,102.18890380859375,154.64999389648438
2020-04-09 00:00:00+00:00,193.57052612304688,23.233619689941406,102.40904998779297,158.69000244140625
2020-04-13 00:00:00+00:00,195.66172790527344,23.199134826660156,102.18890380859375,161.41000366210938
2020-04-14 00:00:00+00:00,204.1713104248047,23.069820404052734,102.3243637084961,162.67999267578125
2020-04-15 00:00:00+00:00,201.82949829101562,23.242237091064453,103.23876953125,161.85000610351562
2020-04-16 00:00:00+00:00,205.51089477539062,23.345691680908203,103.34880828857422,161.7100067138672
2020-04-17 00:00:00+00:00,207.47682189941406,23.285343170166016,103.07785034179688,158.57000732421875
2020-04-20 00:00:00+00:00,205.01934814453125,23.362932205200195,103.34880828857422,159.6999969482422
2020-04-21 00:00:00+00:00,197.45420837402344,23.397415161132812,103.63667297363281,158.61000061035156
2020-04-22 00:00:00+00:00,203.3135528564453,23.466384887695312,103.31493377685547,161.72999572753906
2020-04-23 00:00:00+00:00,202.87994384765625,23.475006103515625,103.38267517089844,163.33999633789062
2020-04-24 00:00:00+00:00,206.07943725585938,23.423280715942383,103.40808868408203,162.63999938964844
2020-04-27 00:00:00+00:00,207.7370147705078,23.362932205200195,102.8577651977539,161.55999755859375
2020-04-28 00:00:00+00:00,203.82435607910156,23.33707046508789,103.30648040771484,160.83999633789062
2020-04-29 00:00:00+00:00,211.05221557617188,23.242237091064453,103.25567626953125,161.72999572753906
2020-04-30 00:00:00+00:00,210.9654541015625,23.09568214416504,103.0101318359375,158.8000030517578
2020-05-01 00:00:00+00:00,205.01934814453125,23.121545791625977,103.15254211425781,159.77999877929688
2020-05-04 00:00:00+00:00,207.40933227539062,23.250858306884766,103.16948699951172,160.33999633789062
2020-05-05 00:00:00+00:00,209.76084899902344,23.268102645874023,103.09324645996094,161.02000427246094
2020-05-06 00:00:00+00:00,211.05221557617188,23.38017463684082,102.71183776855469,158.9499969482422
2020-05-07 00:00:00+00:00,213.7698211669922,23.311208724975586,103.33899688720703,161.38999938964844
2020-05-08 00:00:00+00:00,216.69949340820312,23.30258560180664,102.9999771118164,160.4199981689453
2020-05-11 00:00:00+00:00,218.63658142089844,23.388795852661133,102.71183776855469,159.4199981689453
2020-05-12 00:00:00+00:00,214.0589141845703,23.345691680908203,103.05084228515625,160.0399932861328
2020-05-13 00:00:00+00:00,211.37985229492188,23.388795852661133,103.2627182006836,161.5800018310547
2020-05-14 00:00:00+00:00,213.77947998046875,23.41465950012207,103.42373657226562,163.00999450683594
2020-05-15 00:00:00+00:00,215.16722106933594,23.431900024414062,103.35594177246094,163.92999267578125
2020-05-18 00:00:00+00:00,219.17625427246094,23.242237091064453,102.72027587890625,162.69000244140625
2020-05-19 00:00:00+00:00,218.6269073486328,23.224998474121094,103.00846099853516,164.25999450683594
2020-05-20 00:00:00+00:00,222.99253845214844,23.147409439086914,103.03389739990234,164.64999389648438
2020-05-21 00:00:00+00:00,220.56396484375,23.199134826660156,103.10169982910156,162.25
2020-05-22 00:00:00+00:00,221.32533264160156,23.268102645874023,103.296630859375,163.2100067138672
2020-05-26 00:00:00+00:00,220.7278289794922,23.09568214416504,103.02539825439453,160.88999938964844
2020-05-27 00:00:00+00:00,221.93246459960938,23.087060928344727,103.11019897460938,161.17999267578125
2020-05-28 00:00:00+00:00,221.64332580566406,22.966365814208984,103.01692199707031,161.72000122070312
2020-05-29 00:00:00+00:00,224.8910369873047,22.931882858276367,103.34747314453125,162.91000366210938
2020-06-01 00:00:00+00:00,225.5656280517578,22.802568435668945,103.30675506591797,163.66000366210938
2020-06-02 00:00:00+00:00,227.07867431640625,22.776704788208008,103.1370849609375,162.60000610351562
2020-06-03 00:00:00+00:00,228.10020446777344,22.638769149780273,102.52627563476562,159.60000610351562
2020-06-04 00:00:00+00:00,226.50042724609375,22.55255889892578,102.11903381347656,161.27999877929688
2020-06-05 00:00:00+00:00,230.99131774902344,22.595661163330078,101.6099624633789,158.00999450683594
2020-06-08 00:00:00+00:00,232.78378295898438,22.535316467285156,101.72029113769531,159.72000122070312
2020-06-09 00:00:00+00:00,234.4703369140625,22.466346740722656,102.08507537841797,161.25999450683594
2020-06-10 00:00:00+00:00,237.28428649902344,22.35427474975586,102.84861755371094,163.57000732421875
2020-06-11 00:00:00+00:00,225.52708435058594,22.57842254638672,103.21341705322266,162.38999938964844
2020-06-12 00:00:00+00:00,227.319580078125,22.638769149780273,102.9843521118164,162.6199951171875
2020-06-15 00:00:00+00:00,230.0854034423828,22.543935775756836,102.89952087402344,162.3300018310547
2020-06-16 00:00:00+00:00,234.03662109375,22.612905502319336,102.68744659423828,162.25
2020-06-17 00:00:00+00:00,234.77867126464844,22.63014793395996,102.84861755371094,162.55999755859375
2020-06-18 00:00:00+00:00,235.4147186279297,22.716358184814453,103.07767486572266,162.24000549316406
2020-06-19 00:00:00+00:00,235.37619018554688,22.742219924926758,103.11161041259766,164.02999877929688
2020-06-22 00:00:00+00:00,238.19900512695312,22.621524810791016,103.01829528808594,165.08999633789062
2020-06-23 00:00:00+00:00,240.22630310058594,22.543935775756836,102.9843521118164,166.47999572753906
2020-06-24 00:00:00+00:00,235.27386474609375,22.647390365600586,103.17949676513672,165.89999389648438
2020-06-25 00:00:00+00:00,237.51351928710938,22.681873321533203,103.19644927978516,165.8000030517578
2020-06-26 00:00:00+00:00,231.90464782714844,22.716358184814453,103.4764404296875,166.5399932861328
2020-06-29 00:00:00+00:00,234.43394470214844,22.724979400634766,103.5782241821289,166.6300048828125
2020-06-30 00:00:00+00:00,239.02920532226562,22.690494537353516,103.39158630371094,167.3699951171875
2020-07-01 00:00:00+00:00,241.81918334960938,22.638769149780273,103.23026275634766,166.6199951171875
2020-07-02 00:00:00+00:00,243.46029663085938,22.656009674072266,103.35762786865234,166.97999572753906
2020-07-06 00:00:00+00:00,249.44569396972656,22.535316467285156,103.20477294921875,167.97999572753906
2020-07-07 00:00:00+00:00,247.7272491455078,22.5870418548584,103.53594970703125,169.0399932861328
2020-07-08 00:00:00+00:00,250.99029541015625,22.466346740722656,103.37459564208984,170.08999633789062
2020-07-09 00:00:00+00:00,253.10446166992188,22.543935775756836,103.70580291748047,169.6300048828125
2020-07-10 00:00:00+00:00,254.83253479003906,22.50945281982422,103.50199890136719,169.19000244140625
2020-07-13 00:00:00+00:00,249.59054565429688,22.4749698638916,103.61235809326172,169.39999389648438
2020-07-14 00:00:00+00:00,251.35714721679688,22.431865692138672,103.60387420654297,170.19000244140625
2020-07-15 00:00:00+00:00,251.86878967285156,22.371517181396484,103.56989288330078,170.33999633789062
2020-07-16 00:00:00+00:00,250.1504669189453,22.449106216430664,103.64634704589844,168.72999572753906
2020-07-17 00:00:00+00:00,250.44007873535156,22.35427474975586,103.62083435058594,170.1199951171875
2020-07-20 00:00:00+00:00,257.5452880859375,22.31978988647461,103.68879699707031,170.94000244140625
2020-07-21 00:00:00+00:00,254.8615264892578,22.181854248046875,103.79918670654297,173.0
2020-07-22 00:00:00+00:00,255.75936889648438,22.121509552001953,103.83314514160156,175.6300048828125
2020-07-23 00:00:00+00:00,249.078857421875,22.078405380249023,103.93501281738281,177.17999267578125
2020-07-24 00:00:00+00:00,246.71368408203125,21.983572006225586,103.88407135009766,178.6999969482422
2020-07-27 00:00:00+00:00,251.1157989501953,21.819772720336914,103.72274780273438,182.22999572753906
2020-07-28 00:00:00+00:00,247.9203643798828,21.854257583618164,103.96900177001953,183.75
2020-07-29 00:00:00+00:00,250.7779083251953,21.750802993774414,104.10486602783203,185.1300048828125
2020-07-30 00:00:00+00:00,252.0907745361328,21.664594650268555,104.24921417236328,183.75999450683594
2020-07-31 00:00:00+00:00,256.58953857421875,21.793909072875977,104.27465057373047,185.42999267578125
2020-08-03 00:00:00+00:00,260.0552673339844,21.793909072875977,104.22370147705078,185.63999938964844
2020-08-04 00:00:00+00:00,261.0206298828125,21.716320037841797,104.58061218261719,189.58999633789062
2020-08-05 00:00:00+00:00,261.66748046875,21.621488571166992,104.23222351074219,191.35000610351562
2020-08-06 00:00:00+00:00,265.1332702636719,21.621488571166992,104.35116577148438,193.88999938964844
2020-08-07 00:00:00+00:00,262.07293701171875,21.750802993774414,104.1302490234375,190.80999755859375
2020-08-10 00:00:00+00:00,260.95306396484375,21.785287857055664,104.01974487304688,190.14999389648438
2020-08-11 00:00:00+00:00,256.01031494140625,21.819772720336914,103.66281127929688,179.94000244140625
2020-08-12 00:00:00+00:00,262.44940185546875,21.750802993774414,103.35685729980469,179.10000610351562
2020-08-13 00:00:00+00:00,263.04803466796875,21.742183685302734,103.14440155029297,183.3300018310547
2020-08-14 00:00:00+00:00,262.73907470703125,21.707698822021484,103.19538879394531,182.5399932861328
2020-08-17 00:00:00+00:00,265.7896423339844,21.61286735534668,103.3653793334961,186.5
2020-08-18 00:00:00+00:00,268.3478698730469,21.49217414855957,103.54383850097656,188.17999267578125
2020-08-19 00:00:00+00:00,266.54266357421875,21.664594650268555,103.40787506103516,182.24000549316406
2020-08-20 00:00:00+00:00,270.24005126953125,21.604248046875,103.7052993774414,183.5
2020-08-21 00:00:00+00:00,272.1129150390625,21.707698822021484,103.78178405761719,182.02999877929688
2020-08-24 00:00:00+00:00,273.8119812011719,21.742183685302734,103.63734436035156,181.0
2020-08-25 00:00:00+00:00,275.9647521972656,21.664594650268555,103.39086151123047,181.22000122070312
2020-08-26 00:00:00+00:00,281.8536376953125,21.638731002807617,103.348388671875,183.36000061035156
2020-08-27 00:00:00+00:00,280.97515869140625,21.664594650268555,102.9829330444336,181.24000549316406
2020-08-28 00:00:00+00:00,282.4039306640625,21.49217414855957,103.15290069580078,184.38999938964844
2020-08-31 00:00:00+00:00,284.6725769042969,21.466310501098633,103.26339721679688,184.8300018310547
2020-09-01 00:00:00+00:00,289.5380859375,21.509416580200195,103.60188293457031,185.0500030517578
2020-09-02 00:00:00+00:00,292.2797546386719,21.587005615234375,103.74644470214844,182.6199951171875
2020-09-03 00:00:00+00:00,277.461181640625,21.595624923706055,103.88251495361328,181.13999938964844
2020-09-04 00:00:00+00:00,273.7636413574219,21.630111694335938,103.3042221069336,181.63999938964844
2020-09-08 00:00:00+00:00,260.6055908203125,21.742183685302734,103.52531433105469,181.2899932861328
2020-09-09 00:00:00+00:00,268.2610168457031,21.707698822021484,103.47429656982422,183.0500030517578
2020-09-10 00:00:00+00:00,262.91278076171875,21.750802993774414,103.60188293457031,182.4600067138672
2020-09-11 00:00:00+00:00,261.08819580078125,21.707698822021484,103.76345825195312,182.4499969482422
2020-09-14 00:00:00+00:00,265.63519287109375,21.655973434448242,103.66988372802734,183.88999938964844
2020-09-15 00:00:00+00:00,269.4002685546875,21.673213958740234,103.6188735961914,183.4499969482422
2020-09-16 00:00:00+00:00,265.1042175292969,21.699079513549805,103.5593490600586,183.97000122070312
2020-09-17 00:00:00+00:00,260.9627685546875,21.621488571166992,103.59337615966797,182.9600067138672
2020-09-18 00:00:00+00:00,257.6321716308594,21.64735221862793,103.49978637695312,183.1999969482422
2020-09-21 00:00:00+00:00,258.24993896484375,21.802532196044922,103.68692016601562,179.52000427246094
2020-09-22 00:00:00+00:00,263.04803466796875,21.88011932373047,103.68692016601562,178.64999389648438
2020-09-23 00:00:00+00:00,255.01597595214844,22.00081443786621,103.68692016601562,174.7899932861328
2020-09-24 00:00:00+00:00,256.203369140625,21.96632957458496,103.73792266845703,175.44000244140625
2020-09-25 00:00:00+00:00,262.15985107421875,22.026674270629883,103.82296752929688,174.94000244140625
2020-09-28 00:00:00+00:00,267.6045837402344,21.95770835876465,103.80599212646484,176.6999969482422
2020-09-29 00:00:00+00:00,266.3979187011719,21.854257583618164,103.88251495361328,178.19000244140625
2020-09-30 00:00:00+00:00,268.222412109375,21.854257583618164,103.60188293457031,177.1199951171875
2020-10-01 00:00:00+00:00,272.4797058105469,21.819772720336914,103.66059875488281,178.6999969482422
2020-10-02 00:00:00+00:00,264.8146057128906,21.871498107910156,103.5584716796875,178.5399932861328
2020-10-05 00:00:00+00:00,270.4620666503906,21.776668548583984,102.9031982421875,179.41000366210938
2020-10-06 00:00:00+00:00,265.63519287109375,21.837013244628906,103.14147186279297,177.3000030517578
2020-10-07 00:00:00+00:00,270.2303771972656,21.8111515045166,102.84361267089844,177.22000122070312
2020-10-08 00:00:00+00:00,271.6688232421875,21.802532196044922,103.03083038330078,177.85000610351562
2020-10-09 00:00:00+00:00,275.8199462890625,21.673213958740234,102.97978210449219,181.0800018310547
2020-10-12 00:00:00+00:00,284.33465576171875,21.64735221862793,103.09040069580078,180.55999755859375
2020-10-13 00:00:00+00:00,284.3250732421875,21.776668548583984,103.32022094726562,177.72000122070312
2020-10-14 00:00:00+00:00,281.9502258300781,21.72494125366211,103.35420227050781,178.27000427246094
2020-10-15 00:00:00+00:00,280.05810546875,21.828392028808594,103.24357604980469,178.9199981689453
2020-10-16 00:00:00+00:00,278.5230407714844,21.802532196044922,103.18401336669922,178.3000030517578
2020-10-19 00:00:00+00:00,273.97607421875,21.733562469482422,103.01380920410156,178.38999938964844
2020-10-20 00:00:00+00:00,274.5649719238281,21.664594650268555,102.79253387451172,179.25
2020-10-21 00:00:00+00:00,274.3526306152344,21.552520751953125,102.65641021728516,180.60000610351562
2020-10-22 00:00:00+00:00,274.3428955078125,21.638731002807617,102.29899597167969,178.8300018310547
2020-10-23 00:00:00+00:00,274.8835754394531,21.587005615234375,102.4436264038086,178.63999938964844
2020-10-26 00:00:00+00:00,270.7613525390625,21.664594650268555,102.71598052978516,178.5500030517578
2020-10-27 00:00:00+00:00,272.8756408691406,21.621488571166992,102.94572448730469,179.02000427246094
2020-10-28 00:00:00+00:00,262.2370300292969,21.759424209594727,102.93720245361328,176.1300048828125
2020-10-29 00:00:00+00:00,266.8226013183594,21.84563636779785,102.50322723388672,175.39999389648438
2020-10-30 00:00:00+00:00,260.0552673339844,21.871498107910156,102.17134094238281,176.1999969482422
2020-11-02 00:00:00+00:00,260.63458251953125,21.89735984802246,102.34674835205078,177.91000366210938
2020-11-03 00:00:00+00:00,265.14288330078125,21.776668548583984,102.1167984008789,178.9199981689453
2020-11-04 00:00:00+00:00,276.9783630371094,21.742183685302734,102.97689056396484,178.82000732421875
2020-11-05 00:00:00+00:00,284.1995544433594,21.5352783203125,102.9598617553711,182.92999267578125
2020-11-06 00:00:00+00:00,284.4119567871094,21.45768928527832,102.61072540283203,183.19000244140625
2020-11-09 00:00:00+00:00,278.6002502441406,21.595624923706055,101.85286712646484,175.0800018310547
2020-11-10 00:00:00+00:00,273.6092834472656,21.595624923706055,101.56331634521484,175.66000366210938
2020-11-11 00:00:00+00:00,279.729736328125,21.621488571166992,101.72508239746094,174.89999389648438
2020-11-12 00:00:00+00:00,278.41693115234375,21.621488571166992,102.30414581298828,175.9600067138672
2020-11-13 00:00:00+00:00,280.8592834472656,21.578384399414062,102.16791534423828,177.16000366210938
2020-11-16 00:00:00+00:00,283.05078125,21.52665901184082,102.09127807617188,177.14999389648438
2020-11-17 00:00:00+00:00,282.1529235839844,21.49217414855957,102.35526275634766,176.5
2020-11-18 00:00:00+00:00,280.06768798828125,21.500795364379883,102.32117462158203,175.49000549316406
2020-11-19 00:00:00+00:00,282.2591247558594,21.466310501098633,102.43189239501953,175.16000366210938
2020-11-20 00:00:00+00:00,280.3283386230469,21.49217414855957,102.61072540283203,175.69000244140625
2020-11-23 00:00:00+00:00,280.3380432128906,21.52665901184082,102.40635681152344,172.22999572753906
2020-11-24 00:00:00+00:00,284.2768249511719,21.423206329345703,102.24456787109375,169.58999633789062
2020-11-25 00:00:00+00:00,286.0240173339844,21.388723373413086,102.27863311767578,169.50999450683594
2020-11-27 00:00:00+00:00,288.6596374511719,21.34561538696289,102.58515930175781,167.7899932861328
2020-11-30 00:00:00+00:00,289.2484130859375,21.397342681884766,102.51704406738281,166.6699981689453
2020-12-01 00:00:00+00:00,292.95562744140625,21.20768165588379,101.9717025756836,170.17999267578125
2020-12-02 00:00:00+00:00,293.3320617675781,21.18181800842285,101.80126953125,171.4600067138672
2020-12-03 00:00:00+00:00,293.7471618652344,21.069744110107422,102.073974609375,172.80999755859375
2020-12-04 00:00:00+00:00,294.94427490234375,21.09560775756836,101.67347717285156,172.32000732421875
2020-12-07 00:00:00+00:00,296.6143798828125,21.13009262084961,101.98875427246094,174.88999938964844
2020-12-08 00:00:00+00:00,297.6183776855469,21.155954360961914,102.0909652709961,175.5
2020-12-09 00:00:00+00:00,290.8800354003906,21.164575576782227,101.94615173339844,172.5
2020-12-10 00:00:00+00:00,292.0480651855469,21.10422706604004,102.17617797851562,172.1699981689453
2020-12-11 00:00:00+00:00,291.4013671875,21.155954360961914,102.38069915771484,172.49000549316406
2020-12-14 00:00:00+00:00,293.5155029296875,21.09560775756836,102.3210678100586,171.5399932861328
2020-12-15 00:00:00+00:00,296.6529846191406,21.02663803100586,102.21882629394531,173.94000244140625
2020-12-16 00:00:00+00:00,298.284423828125,21.000774383544922,102.13359832763672,174.89999389648438
2020-12-17 00:00:00+00:00,300.23468017578125,20.888702392578125,102.0594253540039,176.74000549316406
2020-12-18 00:00:00+00:00,299.3270568847656,20.914566040039062,101.97418212890625,176.44000244140625
2020-12-21 00:00:00+00:00,298.7671813964844,20.957670211791992,102.04237365722656,175.8800048828125
2020-12-22 00:00:00+00:00,299.57952880859375,21.069744110107422,102.2129135131836,174.49000549316406
2020-12-23 00:00:00+00:00,298.0708312988281,20.97491455078125,101.99974060058594,175.64999389648438
2020-12-24 00:00:00+00:00,299.38616943359375,20.992155075073242,102.14469909667969,176.35000610351562
2020-12-28 00:00:00+00:00,302.403564453125,20.992155075073242,102.15322875976562,175.7100067138672
2020-12-29 00:00:00+00:00,302.6743469238281,20.923185348510742,102.13616943359375,176.35000610351562
2020-12-30 00:00:00+00:00,302.6839904785156,20.836977005004883,102.20438385009766,177.6999969482422
2020-12-31 00:00:00+00:00,303.4286804199219,20.89732551574707,102.2725830078125,178.36000061035156
2021-01-04 00:00:00+00:00,299.1443176269531,20.914566040039062,102.29814910888672,182.3300018310547
2021-01-05 00:00:00+00:00,301.6105041503906,20.793874740600586,102.0594253540039,182.8699951171875
2021-01-06 00:00:00+00:00,297.4324951171875,20.768009185791016,101.46259307861328,179.89999389648438
2021-01-07 00:00:00+00:00,304.6280517578125,20.888702392578125,101.10450744628906,179.47999572753906
2021-01-08 00:00:00+00:00,308.5448913574219,20.923185348510742,100.81459045410156,173.33999633789062
2021-01-11 00:00:00+00:00,304.08642578125,21.05250358581543,100.61849975585938,173.0
2021-01-12 00:00:00+00:00,303.60284423828125,20.940431594848633,100.60140991210938,174.1199951171875
2021-01-13 00:00:00+00:00,305.65313720703125,21.009401321411133,100.95100402832031,173.3699951171875
2021-01-14 00:00:00+00:00,304.0187072753906,20.966291427612305,100.72079467773438,173.27999877929688
2021-01-15 00:00:00+00:00,301.6105041503906,21.10422706604004,100.99360656738281,171.1300048828125
2021-01-19 00:00:00+00:00,306.010986328125,21.043880462646484,101.05329132080078,172.5800018310547
2021-01-20 00:00:00+00:00,313.1289978027344,21.035259246826172,101.09596252441406,175.38999938964844
2021-01-21 00:00:00+00:00,315.6339416503906,20.940431594848633,100.95100402832031,175.27999877929688
2021-01-22 00:00:00+00:00,314.7248840332031,20.983535766601562,101.10450744628906,173.89999389648438
2021-01-25 00:00:00+00:00,317.3263854980469,21.009401321411133,101.5137710571289,174.0500030517578
2021-01-26 00:00:00+00:00,317.7906494140625,20.94904899597168,101.4796142578125,173.6199951171875
2021-01-27 00:00:00+00:00,308.9317626953125,21.078365325927734,101.59903717041016,172.52000427246094
2021-01-28 00:00:00+00:00,310.7595520019531,21.02663803100586,101.33468627929688,172.67999267578125
2021-01-29 00:00:00+00:00,304.2217712402344,21.05250358581543,101.15564727783203,172.61000061035156
2021-02-01 00:00:00+00:00,311.8234558105469,21.155954360961914,101.28192901611328,174.22999572753906
2021-02-02 00:00:00+00:00,316.91058349609375,21.18181800842285,101.02593994140625,172.11000061035156
2021-02-03 00:00:00+00:00,315.65338134765625,21.17319679260254,100.77854919433594,171.85000610351562
2021-02-04 00:00:00+00:00,319.3863525390625,21.26802635192871,100.744384765625,168.14999389648438
2021-02-05 00:00:00+00:00,320.4696350097656,21.147335052490234,100.53114318847656,169.80999755859375
2021-02-08 00:00:00+00:00,322.61663818359375,21.13871192932129,100.57378387451172,171.52000427246094
2021-02-09 00:00:00+00:00,322.54901123046875,21.02663803100586,100.65058898925781,172.0800018310547
2021-02-10 00:00:00+00:00,321.8139343261719,21.01801872253418,100.906494140625,172.7100067138672
2021-02-11 00:00:00+00:00,323.583740234375,21.009401321411133,100.82971954345703,171.2100067138672
2021-02-12 00:00:00+00:00,325.392333984375,21.02663803100586,100.49698638916016,170.69000244140625
2021-02-16 00:00:00+00:00,324.51220703125,21.02663803100586,99.7717514038086,168.24000549316406
2021-02-17 00:00:00+00:00,322.9551696777344,21.11284828186035,99.84000396728516,166.3300018310547
2021-02-18 00:00:00+00:00,321.543212890625,21.043880462646484,99.83151245117188,166.32000732421875
2021-02-19 00:00:00+00:00,320.1407775878906,20.992155075073242,99.4305191040039,167.00999450683594
2021-02-22 00:00:00+00:00,311.84283447265625,20.93181037902832,99.26838684082031,169.50999450683594
2021-02-23 00:00:00+00:00,310.9143981933594,20.94904899597168,99.34517669677734,169.1199951171875
2021-02-24 00:00:00+00:00,313.4772033691406,20.914566040039062,99.20867156982422,169.0
2021-02-25 00:00:00+00:00,302.548583984375,20.983535766601562,97.88623046875,165.82000732421875
2021-02-26 00:00:00+00:00,303.81561279296875,21.13871192932129,98.76502227783203,161.80999755859375
2021-03-01 00:00:00+00:00,312.95501708984375,21.155954360961914,98.6540298461914,161.52999877929688
2021-03-02 00:00:00+00:00,307.935546875,21.078365325927734,98.83330535888672,162.41000366210938
2021-03-03 00:00:00+00:00,298.99920654296875,21.13871192932129,98.30398559570312,160.6199951171875
2021-03-04 00:00:00+00:00,294.1055603027344,21.276647567749023,97.8173828125,159.0399932861328
2021-03-05 00:00:00+00:00,298.5350036621094,21.354238510131836,97.68079376220703,159.13999938964844
2021-03-08 00:00:00+00:00,290.0822448730469,21.474931716918945,97.29663848876953,157.49000549316406
2021-03-09 00:00:00+00:00,301.5234680175781,21.354238510131836,97.75765991210938,160.83999633789062
2021-03-10 00:00:00+00:00,300.6627502441406,21.319753646850586,97.96253204345703,161.66000366210938
2021-03-11 00:00:00+00:00,307.58740234375,21.2163028717041,97.9283676147461,161.52000427246094
2021-03-12 00:00:00+00:00,305.0921630859375,21.2852725982666,97.21981048583984,161.49000549316406
2021-03-15 00:00:00+00:00,308.3514709472656,21.3283748626709,97.33927917480469,162.1999969482422
2021-03-16 00:00:00+00:00,310.04388427734375,21.3283748626709,97.32225036621094,162.35000610351562
2021-03-17 00:00:00+00:00,311.3205871582031,21.224924087524414,97.16004180908203,163.50999450683594
2021-03-18 00:00:00+00:00,301.78460693359375,21.354238510131836,96.55392456054688,162.55999755859375
2021-03-19 00:00:00+00:00,302.84844970703125,21.36286163330078,96.49414825439453,163.24000549316406
2021-03-22 00:00:00+00:00,308.52777099609375,21.319753646850586,96.81002044677734,163.0
2021-03-23 00:00:00+00:00,307.1817932128906,21.449068069458008,97.28809356689453,161.80999755859375
2021-03-24 00:00:00+00:00,302.00115966796875,21.500795364379883,97.4161148071289,162.3699951171875
2021-03-25 00:00:00+00:00,301.4782409667969,21.56114387512207,97.28809356689453,161.77999877929688
2021-03-26 00:00:00+00:00,306.0003356933594,21.5352783203125,96.96369171142578,162.24000549316406
2021-03-29 00:00:00+00:00,305.9132995605469,21.587005615234375,96.63077545166016,160.30999755859375
2021-03-30 00:00:00+00:00,304.3736572265625,21.673213958740234,96.54537200927734,157.57000732421875
2021-03-31 00:00:00+00:00,309.0314636230469,21.655973434448242,96.40880584716797,159.9600067138672
2021-04-01 00:00:00+00:00,314.2992248535156,21.56114387512207,96.83590698242188,161.97999572753906
2021-04-05 00:00:00+00:00,320.57421875,21.49217414855957,96.5625228881836,161.9199981689453
2021-04-06 00:00:00+00:00,320.3515319824219,21.440446853637695,97.0323715209961,163.22000122070312
2021-04-07 00:00:00+00:00,321.1261901855469,21.466310501098633,96.97261047363281,162.75999450683594
2021-04-08 00:00:00+00:00,324.4765930175781,21.37148094177246,97.30571746826172,164.50999450683594
2021-04-09 00:00:00+00:00,326.4424743652344,21.388723373413086,97.0494613647461,163.27000427246094
2021-04-12 00:00:00+00:00,326.01629638671875,21.380098342895508,96.98967742919922,162.27999877929688
2021-04-13 00:00:00+00:00,329.822021484375,21.302509307861328,97.39115905761719,163.42999267578125
2021-04-14 00:00:00+00:00,325.8614501953125,21.276647567749023,97.27156066894531,162.72000122070312
2021-04-15 00:00:00+00:00,330.7999572753906,21.276647567749023,97.89515686035156,165.35000610351562
2021-04-16 00:00:00+00:00,331.1874084472656,21.25078773498535,97.6303482055664,166.35000610351562
2021-04-19 00:00:00+00:00,328.1563720703125,21.13009262084961,97.52781677246094,165.88999938964844
2021-04-20 00:00:00+00:00,325.7646484375,21.164575576782227,97.81829071044922,166.47999572753906
2021-04-21 00:00:00+00:00,328.5533752441406,21.13871192932129,97.8695068359375,168.1300048828125
2021-04-22 00:00:00+00:00,324.5928649902344,21.199060440063477,97.94639587402344,167.0399932861328
2021-04-23 00:00:00+00:00,328.6792907714844,21.078365325927734,97.81829071044922,166.39999389648438
2021-04-26 00:00:00+00:00,330.81939697265625,21.078365325927734,97.71576690673828,166.83999633789062
2021-04-27 00:00:00+00:00,329.38616943359375,21.086986541748047,97.33133697509766,166.4199981689453
2021-04-28 00:00:00+00:00,328.2725524902344,21.009401321411133,97.45945739746094,166.91000366210938
2021-04-29 00:00:00+00:00,329.45404052734375,21.01801872253418,97.28861999511719,166.22000122070312
2021-04-30 00:00:00+00:00,327.2945556640625,21.19043731689453,97.37406158447266,165.66000366210938
2021-05-03 00:00:00+00:00,325.55157470703125,21.09560775756836,97.5399169921875,167.80999755859375
2021-05-04 00:00:00+00:00,319.6929626464844,21.19043731689453,97.66809844970703,166.5800018310547
2021-05-05 00:00:00+00:00,318.6180419921875,21.18181800842285,97.7878189086914,167.27000427246094
2021-05-06 00:00:00+00:00,321.01971435546875,21.078365325927734,97.8305435180664,170.05999755859375
2021-05-07 00:00:00+00:00,323.62457275390625,20.923185348510742,97.86471557617188,171.58999633789062
2021-05-10 00:00:00+00:00,315.4515686035156,20.923185348510742,97.66809844970703,172.11000061035156
2021-05-11 00:00:00+00:00,315.0157775878906,20.905946731567383,97.50569152832031,172.13999938964844
2021-05-12 00:00:00+00:00,306.8623352050781,21.06112289428711,97.03556823730469,170.42999267578125
2021-05-13 00:00:00+00:00,309.23480224609375,21.02663803100586,97.36038970947266,171.1300048828125
2021-05-14 00:00:00+00:00,316.0616760253906,20.940431594848633,97.5740737915039,172.69000244140625
2021-05-17 00:00:00+00:00,314.144287109375,20.914566040039062,97.48004913330078,174.6999969482422
2021-05-18 00:00:00+00:00,312.0235900878906,20.81973648071289,97.48004913330078,175.0399932861328
2021-05-19 00:00:00+00:00,312.3818359375,20.914566040039062,97.18943786621094,175.16000366210938
2021-05-20 00:00:00+00:00,318.4244689941406,20.811113357543945,97.59117126464844,175.9600067138672
2021-05-21 00:00:00+00:00,316.66204833984375,20.880081176757812,97.6253890991211,176.0399932861328
2021-05-24 00:00:00+00:00,321.988037109375,20.828357696533203,97.7193832397461,176.35000610351562
2021-05-25 00:00:00+00:00,322.4333801269531,20.802492141723633,98.07843780517578,177.9499969482422
2021-05-26 00:00:00+00:00,323.5567626953125,20.880081176757812,97.96730041503906,177.63999938964844
2021-05-27 00:00:00+00:00,322.3463439941406,20.862842559814453,97.79634094238281,177.7100067138672
2021-05-28 00:00:00+00:00,323.3630676269531,20.880081176757812,97.7878189086914,178.3800048828125
2021-06-01 00:00:00+00:00,322.2882385253906,20.845596313476562,97.76982879638672,177.89999389648438
2021-06-02 00:00:00+00:00,322.9176330566406,20.845596313476562,97.88101959228516,178.77000427246094
2021-06-03 00:00:00+00:00,319.55743408203125,20.97491455078125,97.6329574584961,175.27000427246094
2021-06-04 00:00:00+00:00,324.9802551269531,20.89732551574707,98.17184448242188,177.16000366210938
2021-06-07 00:00:00+00:00,325.9486083984375,20.862842559814453,98.09484100341797,177.8699951171875
2021-06-08 00:00:00+00:00,326.1034851074219,20.888702392578125,98.37715911865234,177.32000732421875
2021-06-09 00:00:00+00:00,326.1808776855469,20.905946731567383,98.68511199951172,176.97999572753906
2021-06-10 00:00:00+00:00,329.5798645019531,20.888702392578125,99.03579711914062,177.74000549316406
2021-06-11 00:00:00+00:00,330.44171142578125,20.992155075073242,98.890380859375,175.74000549316406
2021-06-14 00:00:00+00:00,333.60833740234375,20.97491455078125,98.58242797851562,174.7100067138672
2021-06-15 00:00:00+00:00,331.42950439453125,20.992155075073242,98.59957122802734,174.0500030517578
2021-06-16 00:00:00+00:00,330.2189636230469,21.164575576782227,97.9238052368164,171.11000061035156
2021-06-17 00:00:00+00:00,334.4119567871094,21.3283748626709,98.27447509765625,165.85000610351562
2021-06-18 00:00:00+00:00,331.7877197265625,21.397342681884766,98.83045959472656,164.92999267578125
2021-06-21 00:00:00+00:00,333.8497619628906,21.29389190673828,98.51400756835938,166.9499969482422
2021-06-22 00:00:00+00:00,336.96185302734375,21.25940704345703,98.69364929199219,166.25
2021-06-23 00:00:00+00:00,337.126708984375,21.29389190673828,98.49687957763672,166.13999938964844
2021-06-24 00:00:00+00:00,339.2110900878906,21.276647567749023,98.47979736328125,166.0399932861328
2021-06-25 00:00:00+00:00,338.7941589355469,21.2852725982666,98.27447509765625,166.58999633789062
2021-06-28 00:00:00+00:00,342.9143981933594,21.29389190673828,98.58242797851562,166.5800018310547
2021-06-29 00:00:00+00:00,344.1553649902344,21.34561538696289,98.63375854492188,164.8300018310547
2021-06-30 00:00:00+00:00,343.61248779296875,21.405963897705078,98.78775787353516,165.6300048828125
2021-07-01 00:00:00+00:00,343.74822998046875,21.466310501098633,98.71672058105469,166.1999969482422
2021-07-02 00:00:00+00:00,347.69403076171875,21.380098342895508,99.076171875,167.2899932861328
2021-07-06 00:00:00+00:00,349.1965637207031,21.45768928527832,99.59829711914062,168.1199951171875
2021-07-07 00:00:00+00:00,349.9335021972656,21.49217414855957,99.88934326171875,168.75999450683594
2021-07-08 00:00:00+00:00,347.8199768066406,21.405963897705078,100.14611053466797,168.64999389648438
2021-07-09 00:00:00+00:00,349.99169921875,21.354238510131836,99.64112091064453,169.2100067138672
2021-07-12 00:00:00+00:00,351.358642578125,21.380098342895508,99.58973693847656,169.0
2021-07-13 00:00:00+00:00,351.358642578125,21.509416580200195,99.28160858154297,169.22000122070312
2021-07-14 00:00:00+00:00,351.9888000488281,21.405963897705078,99.70958709716797,171.0399932861328
2021-07-15 00:00:00+00:00,349.5166015625,21.466310501098633,100.12897491455078,171.07000732421875
2021-07-16 00:00:00+00:00,346.68572998046875,21.49217414855957,100.11190032958984,169.41000366210938
2021-07-19 00:00:00+00:00,343.84515380859375,21.52665901184082,100.96782684326172,169.61000061035156
2021-07-20 00:00:00+00:00,347.83941650390625,21.552520751953125,100.83944702148438,169.38999938964844
2021-07-21 00:00:00+00:00,350.5248718261719,21.500795364379883,100.25740051269531,168.75999450683594
2021-07-22 00:00:00+00:00,352.8418884277344,21.52665901184082,100.48848724365234,169.08999633789062
2021-07-23 00:00:00+00:00,356.96221923828125,21.5352783203125,100.33444213867188,168.55999755859375
2021-07-26 00:00:00+00:00,357.2433166503906,21.466310501098633,100.26592254638672,168.16000366210938
2021-07-27 00:00:00+00:00,353.3072509765625,21.431827545166016,100.69391632080078,168.44000244140625
2021-07-28 00:00:00+00:00,354.66455078125,21.37148094177246,100.77953338623047,169.2899932861328
2021-07-29 00:00:00+00:00,355.2947082519531,21.29389190673828,100.47138214111328,171.1699981689453
2021-07-30 00:00:00+00:00,353.4430236816406,21.354238510131836,100.75382995605469,169.82000732421875
2021-08-02 00:00:00+00:00,353.47198486328125,21.3283748626709,101.19581604003906,169.61000061035156
2021-08-03 00:00:00+00:00,355.6146240234375,21.33699607849121,101.22149658203125,169.49000549316406
2021-08-04 00:00:00+00:00,356.1284484863281,21.37148094177246,101.19581604003906,169.52999877929688
2021-08-05 00:00:00+00:00,358.3873596191406,21.37148094177246,100.82749938964844,168.86000061035156
2021-08-06 00:00:00+00:00,356.8167419433594,21.49217414855957,100.23651885986328,164.63999938964844
2021-08-09 00:00:00+00:00,357.47601318359375,21.5352783203125,100.02237701416016,161.72000122070312
2021-08-10 00:00:00+00:00,355.6437072753906,21.552520751953125,99.83396911621094,161.77000427246094
2021-08-11 00:00:00+00:00,355.032958984375,21.509416580200195,99.94530487060547,164.0
2021-08-12 00:00:00+00:00,356.31268310546875,21.5352783203125,99.84256744384766,164.0399932861328
2021-08-13 00:00:00+00:00,357.56329345703125,21.431827545166016,100.41638946533203,166.38999938964844
2021-08-16 00:00:00+00:00,357.7184753417969,21.449068069458008,100.63909149169922,167.22000122070312
2021-08-17 00:00:00+00:00,354.567626953125,21.578384399414062,100.58768463134766,166.97000122070312
2021-08-18 00:00:00+00:00,351.1551208496094,21.578384399414062,100.5362777709961,167.10000610351562
2021-08-19 00:00:00+00:00,352.8515930175781,21.681835174560547,100.75896453857422,166.61000061035156
2021-08-20 00:00:00+00:00,356.5065002441406,21.655973434448242,100.66477966308594,166.6999969482422
2021-08-23 00:00:00+00:00,361.83868408203125,21.52665901184082,100.69043731689453,168.72999572753906
2021-08-24 00:00:00+00:00,362.9438781738281,21.509416580200195,100.41638946533203,168.64999389648438
2021-08-25 00:00:00+00:00,363.36077880859375,21.49217414855957,100.02237701416016,167.47999572753906
2021-08-26 00:00:00+00:00,361.0533447265625,21.552520751953125,100.02237701416016,167.6699981689453
2021-08-27 00:00:00+00:00,364.5628967285156,21.45768928527832,100.34786987304688,170.19000244140625
2021-08-30 00:00:00+00:00,368.6541442871094,21.45768928527832,100.54484558105469,169.35000610351562
2021-08-31 00:00:00+00:00,368.35357666015625,21.45768928527832,100.35637664794922,169.69000244140625
2021-09-01 00:00:00+00:00,368.96435546875,21.41458511352539,100.39924621582031,169.6999969482422
2021-09-02 00:00:00+00:00,368.78985595703125,21.36286163330078,100.519287109375,169.25
2021-09-03 00:00:00+00:00,369.9241943359375,21.319753646850586,100.27925872802734,171.05999755859375
2021-09-07 00:00:00+00:00,370.4476318359375,21.423206329345703,99.88504791259766,167.7100067138672
2021-09-08 00:00:00+00:00,369.15826416015625,21.45768928527832,100.15931701660156,167.2899932861328
2021-09-09 00:00:00+00:00,367.88818359375,21.405963897705078,100.44214630126953,168.02999877929688
2021-09-10 00:00:00+00:00,365.0961608886719,21.440446853637695,100.12498474121094,167.17999267578125
2021-09-13 00:00:00+00:00,364.84405517578125,21.440446853637695,100.24501037597656,167.74000549316406
2021-09-14 00:00:00+00:00,363.80670166015625,21.440446853637695,100.62210845947266,168.82000732421875
2021-09-15 00:00:00+00:00,366.5115661621094,21.397342681884766,100.45069122314453,167.8300018310547
2021-09-16 00:00:00+00:00,366.763671875,21.49217414855957,100.13358306884766,164.02999877929688
2021-09-17 00:00:00+00:00,362.4203796386719,21.56976318359375,99.84217834472656,163.77000427246094
2021-09-20 00:00:00+00:00,354.93157958984375,21.578384399414062,100.34786987304688,164.94000244140625
2021-09-21 00:00:00+00:00,355.3683166503906,21.56114387512207,100.28787994384766,166.0399932861328
2021-09-22 00:00:00+00:00,358.6876220703125,21.621488571166992,100.38214111328125,165.4199981689453
2021-09-23 00:00:00+00:00,361.9971923828125,21.5352783203125,99.47364044189453,163.50999450683594
2021-09-24 00:00:00+00:00,362.3368835449219,21.595624923706055,99.17364501953125,163.3000030517578
2021-09-27 00:00:00+00:00,359.44464111328125,21.621488571166992,98.9079360961914,163.63999938964844
2021-09-28 00:00:00+00:00,349.27325439453125,21.699079513549805,98.53084564208984,162.0500030517578
2021-09-29 00:00:00+00:00,348.7006530761719,21.854257583618164,98.6336669921875,161.32000732421875
2021-09-30 00:00:00+00:00,347.4195251464844,21.819772720336914,98.753662109375,164.22000122070312
2021-10-01 00:00:00+00:00,349.5740661621094,21.776668548583984,99.15676879882812,164.58999633789062
2021-10-04 00:00:00+00:00,342.2367858886719,21.707698822021484,99.03668975830078,165.36000061035156
2021-10-05 00:00:00+00:00,346.85662841796875,21.750802993774414,98.72794342041016,164.58999633789062
2021-10-06 00:00:00+00:00,349.0791320800781,21.8111515045166,98.753662109375,165.02999877929688
2021-10-07 00:00:00+00:00,352.281982421875,21.802532196044922,98.3591537475586,164.16000366210938
2021-10-08 00:00:00+00:00,350.5252990722656,21.785287857055664,98.14471435546875,164.22999572753906
2021-10-11 00:00:00+00:00,347.8368225097656,21.84563636779785,97.90455627441406,163.9199981689453
2021-10-12 00:00:00+00:00,346.6236572265625,21.871498107910156,98.35054779052734,164.66000366210938
2021-10-13 00:00:00+00:00,349.3994140625,21.750802993774414,98.5392074584961,167.58999633789062
2021-10-14 00:00:00+00:00,355.834228515625,21.750802993774414,98.77081298828125,168.0
2021-10-15 00:00:00+00:00,358.0760803222656,21.72494125366211,98.28192901611328,165.3300018310547
2021-10-18 00:00:00+00:00,361.6769104003906,21.733562469482422,98.14471435546875,164.9199981689453
2021-10-19 00:00:00+00:00,364.4138488769531,21.681835174560547,97.79304504394531,165.4499969482422
2021-10-20 00:00:00+00:00,363.9383544921875,21.64735221862793,97.75020599365234,166.89999389648438
2021-10-21 00:00:00+00:00,366.1608581542969,21.699079513549805,97.49284362792969,166.75
2021-10-22 00:00:00+00:00,363.0841979980469,21.655973434448242,97.74162292480469,167.77000427246094
2021-10-25 00:00:00+00:00,366.801513671875,21.69045639038086,97.8616714477539,168.92999267578125
2021-10-26 00:00:00+00:00,367.9564208984375,21.733562469482422,97.98172760009766,167.67999267578125
2021-10-27 00:00:00+00:00,368.8104553222656,21.72494125366211,98.53067016601562,168.1199951171875
2021-10-28 00:00:00+00:00,372.9062805175781,21.595624923706055,98.2733383178711,168.0800018310547
2021-10-29 00:00:00+00:00,374.7405090332031,21.768047332763672,98.31626892089844,166.64999389648438
2021-11-01 00:00:00+00:00,376.0216979980469,21.699079513549805,98.30853271484375,167.52000427246094
2021-11-02 00:00:00+00:00,377.59405517578125,21.750802993774414,98.54888153076172,167.16000366210938
2021-11-03 00:00:00+00:00,381.6024475097656,21.699079513549805,98.23989868164062,165.77000427246094
2021-11-04 00:00:00+00:00,386.49395751953125,21.8111515045166,98.77201080322266,167.64999389648438
2021-11-05 00:00:00+00:00,386.86279296875,21.793909072875977,99.31273651123047,169.83999633789062
2021-11-08 00:00:00+00:00,386.3386535644531,21.750802993774414,98.88357543945312,170.4499969482422
2021-11-09 00:00:00+00:00,383.6793518066406,21.72494125366211,99.33847045898438,171.2899932861328
2021-11-10 00:00:00+00:00,378.04046630859375,21.95770835876465,98.48876190185547,173.14999389648438
2021-11-11 00:00:00+00:00,379.08868408203125,22.009437561035156,98.17120361328125,174.1199951171875
2021-11-12 00:00:00+00:00,383.07763671875,21.983572006225586,98.37718200683594,174.4499969482422
2021-11-15 00:00:00+00:00,382.99029541015625,22.104263305664062,97.99097442626953,174.17999267578125
2021-11-16 00:00:00+00:00,385.7175598144531,22.190475463867188,97.90510559082031,172.9199981689453
2021-11-17 00:00:00+00:00,385.92138671875,22.147369384765625,98.25703430175781,174.5
2021-11-18 00:00:00+00:00,389.9200744628906,22.087024688720703,98.31710052490234,173.94000244140625
2021-11-19 00:00:00+00:00,392.0941467285156,22.199098587036133,98.58316802978516,172.61000061035156
2021-11-22 00:00:00+00:00,387.54217529296875,22.311168670654297,97.86219787597656,168.74000549316406
2021-11-23 00:00:00+00:00,385.7757873535156,22.302549362182617,97.45881652832031,167.27999877929688
2021-11-24 00:00:00+00:00,387.0180969238281,22.388757705688477,97.75920867919922,167.1199951171875
2021-11-26 00:00:00+00:00,379.6807556152344,22.216337203979492,99.02086639404297,166.85000610351562
2021-11-29 00:00:00+00:00,387.9206848144531,22.259443283081055,98.79776000976562,166.6199951171875
2021-11-30 00:00:00+00:00,382.2235412597656,22.155994415283203,99.38994598388672,165.5
2021-12-01 00:00:00+00:00,375.7208557128906,22.216337203979492,99.5772476196289,166.16000366210938
2021-12-02 00:00:00+00:00,378.4287109375,22.224960327148438,99.36248016357422,165.24000549316406
2021-12-03 00:00:00+00:00,371.8482971191406,22.216337203979492,99.94657897949219,166.6300048828125
2021-12-06 00:00:00+00:00,374.8279113769531,22.250822067260742,99.44834899902344,166.22000122070312
2021-12-07 00:00:00+00:00,386.1154479980469,22.259443283081055,99.07044982910156,166.80999755859375
2021-12-08 00:00:00+00:00,387.8430480957031,22.155994415283203,98.75261688232422,166.89999389648438
2021-12-09 00:00:00+00:00,382.1362609863281,22.23358154296875,99.0017318725586,165.8800048828125
2021-12-10 00:00:00+00:00,386.2901611328125,22.199098587036133,99.07044982910156,166.5800018310547
2021-12-13 00:00:00+00:00,380.7094421386719,22.268064498901367,99.54287719726562,167.0
2021-12-14 00:00:00+00:00,376.7690734863281,22.311168670654297,99.37104034423828,165.44000244140625
2021-12-15 00:00:00+00:00,385.3584289550781,22.27668571472168,99.22508239746094,166.14999389648438
2021-12-16 00:00:00+00:00,375.4490661621094,22.181854248046875,99.513916015625,168.16000366210938
2021-12-17 00:00:00+00:00,373.5758972167969,22.337032318115234,99.73743438720703,167.8000030517578
2021-12-20 00:00:00+00:00,369.9520568847656,22.311168670654297,99.65148162841797,167.08999633789062
2021-12-21 00:00:00+00:00,378.2317810058594,22.285306930541992,99.25598907470703,167.02000427246094
2021-12-22 00:00:00+00:00,382.8381042480469,22.199098587036133,99.3505630493164,168.58999633789062
2021-12-23 00:00:00+00:00,385.724365234375,22.181854248046875,99.14424896240234,168.97000122070312
2021-12-27 00:00:00+00:00,392.099365234375,22.190475463867188,99.17863464355469,169.3699951171875
2021-12-28 00:00:00+00:00,390.2820129394531,22.216337203979492,99.16143798828125,168.63999938964844
2021-12-29 00:00:00+00:00,390.2237243652344,22.155994415283203,98.65420532226562,168.58999633789062
2021-12-30 00:00:00+00:00,389.0575866699219,22.190475463867188,98.98089599609375,169.8000030517578
2021-12-31 00:00:00+00:00,386.6280212402344,22.095643997192383,98.8691177368164,170.9600067138672
2022-01-03 00:00:00+00:00,390.35003662109375,22.23358154296875,97.94923400878906,168.3300018310547
2022-01-04 00:00:00+00:00,385.2869873046875,22.250822067260742,97.89761352539062,169.57000732421875
2022-01-05 00:00:00+00:00,373.4505310058594,22.224960327148438,97.48497009277344,169.05999755859375
2022-01-06 00:00:00+00:00,373.1881103515625,22.24220085144043,97.24425506591797,166.99000549316406
2022-01-07 00:00:00+00:00,369.1455993652344,22.121509552001953,96.92613983154297,167.75
2022-01-10 00:00:00+00:00,369.3884582519531,22.173233032226562,96.90034484863281,168.25999450683594
2022-01-11 00:00:00+00:00,374.9374084472656,22.078405380249023,97.1324462890625,170.2899932861328
2022-01-12 00:00:00+00:00,376.42425537109375,21.931846618652344,97.14967346191406,170.74000549316406
2022-01-13 00:00:00+00:00,367.007568359375,21.92322540283203,97.45915985107422,170.16000366210938
2022-01-14 00:00:00+00:00,369.2912292480469,21.983572006225586,96.78858947753906,169.6699981689453
2022-01-18 00:00:00+00:00,360.0981750488281,22.121509552001953,96.05781555175781,169.38999938964844
2022-01-19 00:00:00+00:00,356.1429138183594,22.069780349731445,96.28994750976562,172.0800018310547
2022-01-20 00:00:00+00:00,351.5171813964844,22.138748168945312,96.49625396728516,171.64999389648438
2022-01-21 00:00:00+00:00,341.77001953125,22.078405380249023,97.05510711669922,171.08999633789062
2022-01-24 00:00:00+00:00,343.3346252441406,22.147369384765625,96.9691162109375,172.02999877929688
2022-01-25 00:00:00+00:00,335.3757019042969,22.155994415283203,96.84017181396484,172.5800018310547
2022-01-26 00:00:00+00:00,334.8509216308594,22.27668571472168,96.15239715576172,169.7899932861328
2022-01-27 00:00:00+00:00,331.4787292480469,22.466346740722656,96.55644989013672,167.60000610351562
2022-01-28 00:00:00+00:00,341.8768615722656,22.457725524902344,96.77996826171875,167.10000610351562
2022-01-31 00:00:00+00:00,352.80963134765625,22.302549362182617,96.77996826171875,168.08999633789062
2022-02-01 00:00:00+00:00,355.20989990234375,22.24220085144043,96.64917755126953,168.22999572753906
2022-02-02 00:00:00+00:00,358.09619140625,22.155994415283203,96.84711456298828,168.83999633789062
2022-02-03 00:00:00+00:00,343.57757568359375,22.043920516967773,96.43405151367188,168.60000610351562
2022-02-04 00:00:00+00:00,347.9118957519531,22.026674270629883,95.69395446777344,168.86000061035156
2022-02-07 00:00:00+00:00,345.113037109375,22.035297393798828,95.71977233886719,170.11000061035156
2022-02-08 00:00:00+00:00,348.990478515625,22.069780349731445,95.40998840332031,170.6300048828125
2022-02-09 00:00:00+00:00,356.3858642578125,22.043920516967773,95.5390625,171.2100067138672
2022-02-10 00:00:00+00:00,348.31988525390625,22.078405380249023,94.6612548828125,170.55999755859375
2022-02-11 00:00:00+00:00,337.2706604003906,22.173233032226562,95.6423110961914,173.80999755859375
2022-02-14 00:00:00+00:00,337.6885070800781,22.23358154296875,94.97966766357422,174.74000549316406
2022-02-15 00:00:00+00:00,346.0849304199219,22.147369384765625,94.6957015991211,173.0800018310547
2022-02-16 00:00:00+00:00,345.9973449707031,22.104263305664062,94.89360046386719,174.86000061035156
2022-02-17 00:00:00+00:00,335.7061767578125,22.112886428833008,95.40135955810547,177.25
2022-02-18 00:00:00+00:00,331.8772277832031,22.173233032226562,95.71116638183594,177.1199951171875
2022-02-22 00:00:00+00:00,328.5439758300781,22.181854248046875,95.70258331298828,177.49000549316406
2022-02-23 00:00:00+00:00,320.12823486328125,22.207717895507812,95.20342254638672,178.2899932861328
2022-02-24 00:00:00+00:00,330.8859558105469,22.388757705688477,95.42717742919922,177.13999938964844
2022-02-25 00:00:00+00:00,336.0170593261719,22.27668571472168,95.40135955810547,176.5500030517578
2022-02-28 00:00:00+00:00,337.0179443359375,22.311168670654297,96.48567962646484,178.3800048828125
2022-03-01 00:00:00+00:00,331.85772705078125,22.48358917236328,97.4253921508789,181.6199951171875
2022-03-02 00:00:00+00:00,337.4261779785156,22.466346740722656,95.96110534667969,179.72999572753906
2022-03-03 00:00:00+00:00,332.6060791015625,22.55255889892578,96.37455749511719,180.8000030517578
2022-03-04 00:00:00+00:00,327.7859802246094,22.724979400634766,97.33064270019531,183.67999267578125
2022-03-07 00:00:00+00:00,315.6968688964844,22.888776779174805,96.9172134399414,186.41000366210938
2022-03-08 00:00:00+00:00,314.2293701171875,22.845674514770508,96.2884521484375,191.50999450683594
2022-03-09 00:00:00+00:00,325.5411682128906,22.621524810791016,95.694091796875,185.82000732421875
2022-03-10 00:00:00+00:00,321.92608642578125,22.733598709106445,95.25483703613281,186.39999389648438
2022-03-11 00:00:00+00:00,315.24981689453125,22.854293823242188,95.22897338867188,185.08999633789062
2022-03-14 00:00:00+00:00,309.195556640625,22.845674514770508,94.0230941772461,182.3000030517578
2022-03-15 00:00:00+00:00,318.8940734863281,22.819808959960938,93.98004913330078,178.88999938964844
2022-03-16 00:00:00+00:00,330.7207946777344,22.656009674072266,93.85083770751953,180.00999450683594
2022-03-17 00:00:00+00:00,334.7245788574219,22.604284286499023,93.66999053955078,180.88999938964844
2022-03-18 00:00:00+00:00,341.5757751464844,22.63014793395996,93.94558715820312,179.3000030517578
2022-03-21 00:00:00+00:00,340.6261291503906,22.716358184814453,92.72249603271484,180.6699981689453
2022-03-22 00:00:00+00:00,347.32037353515625,22.707735061645508,92.21431732177734,179.36000061035156
2022-03-23 00:00:00+00:00,342.3288269042969,22.733598709106445,92.83447265625,181.80999755859375
2022-03-24 00:00:00+00:00,349.93768310546875,22.759462356567383,92.31769561767578,183.1300048828125
2022-03-25 00:00:00+00:00,349.6457214355469,22.768083572387695,91.37019348144531,182.3800048828125
2022-03-28 00:00:00+00:00,355.0555725097656,22.837051391601562,91.57693481445312,179.05999755859375
2022-03-29 00:00:00+00:00,361.1660461425781,22.699113845825195,92.03343200683594,179.13999938964844
2022-03-30 00:00:00+00:00,357.17669677734375,22.57842254638672,92.39521026611328,180.5800018310547
2022-03-31 00:00:00+00:00,352.7495422363281,22.67325210571289,92.56743621826172,180.64999389648438
2022-04-01 00:00:00+00:00,352.0782775878906,22.707735061645508,91.96471405029297,179.5
2022-04-04 00:00:00+00:00,359.3270568847656,22.811187744140625,91.90433502197266,180.3699951171875
2022-04-05 00:00:00+00:00,351.3485412597656,22.931882858276367,90.80921173095703,179.24000549316406
2022-04-06 00:00:00+00:00,343.72021484375,22.949125289916992,90.49017333984375,179.66000366210938
2022-04-07 00:00:00+00:00,344.5375671386719,22.992231369018555,90.26596069335938,180.33999633789062
2022-04-08 00:00:00+00:00,339.7212219238281,22.992231369018555,89.80894470214844,181.47000122070312
2022-04-11 00:00:00+00:00,331.684326171875,23.043954849243164,89.37781524658203,182.3699951171875
2022-04-12 00:00:00+00:00,330.28314208984375,23.121545791625977,89.80894470214844,183.77000427246094
2022-04-13 00:00:00+00:00,336.996826171875,23.026714324951172,90.00728607177734,184.64999389648438
2022-04-14 00:00:00+00:00,329.2906494140625,23.130165100097656,89.19672393798828,184.0399932861328
2022-04-18 00:00:00+00:00,329.54364013671875,23.224998474121094,88.93804168701172,184.61000061035156
2022-04-19 00:00:00+00:00,336.9093017578125,23.276721954345703,88.35161590576172,181.82000732421875
2022-04-20 00:00:00+00:00,331.9955749511719,23.11292266845703,89.04150390625,182.7100067138672
2022-04-21 00:00:00+00:00,325.1263122558594,23.1818904876709,88.54998779296875,182.05999755859375
2022-04-22 00:00:00+00:00,316.6125793457031,23.319826126098633,88.59312438964844,180.2899932861328
2022-04-25 00:00:00+00:00,320.6797180175781,23.431900024414062,89.16223907470703,177.0500030517578
2022-04-26 00:00:00+00:00,308.57562255859375,23.578458786010742,89.75723266601562,177.32000732421875
2022-04-27 00:00:00+00:00,308.2059020996094,23.72501564025879,89.25711059570312,175.97999572753906
2022-04-28 00:00:00+00:00,319.1521301269531,23.862951278686523,89.12776184082031,176.92999267578125
2022-04-29 00:00:00+00:00,304.79071044921875,23.76811981201172,88.65348052978516,176.91000366210938
2022-05-02 00:00:00+00:00,309.8794250488281,23.888813018798828,87.99303436279297,173.6300048828125
2022-05-03 00:00:00+00:00,310.21026611328125,23.8457088470459,88.09661865234375,174.08999633789062
2022-05-04 00:00:00+00:00,320.69921875,23.64742660522461,88.6664047241211,175.8000030517578
2022-05-05 00:00:00+00:00,304.5473937988281,23.8457088470459,87.77716827392578,175.1300048828125
2022-05-06 00:00:00+00:00,300.89874267578125,23.888813018798828,87.27639770507812,175.4199981689453
2022-05-09 00:00:00+00:00,289.12548828125,23.89743423461914,87.92391204833984,172.8800048828125
2022-05-10 00:00:00+00:00,292.6380615234375,23.949161529541016,88.21748352050781,171.4199981689453
2022-05-11 00:00:00+00:00,283.9588928222656,23.975021362304688,88.76140594482422,172.82000732421875
2022-05-12 00:00:00+00:00,283.2874755859375,24.181928634643555,89.05491638183594,170.1699981689453
2022-05-13 00:00:00+00:00,293.7861328125,24.112958908081055,88.58870697021484,168.7899932861328
2022-05-16 00:00:00+00:00,290.3805847167969,24.018131256103516,88.95993041992188,170.39999389648438
2022-05-17 00:00:00+00:00,297.90191650390625,23.819847106933594,88.28654479980469,169.3300018310547
2022-05-18 00:00:00+00:00,283.2778015136719,23.940542221069336,88.91677856445312,169.4199981689453
2022-05-19 00:00:00+00:00,281.7598876953125,23.69053077697754,89.23624420166016,171.91000366210938
2022-05-20 00:00:00+00:00,280.8841857910156,23.742258071899414,89.65062713623047,172.02999877929688
2022-05-23 00:00:00+00:00,285.5545349121094,23.5267333984375,89.10671997070312,172.8300018310547
2022-05-24 00:00:00+00:00,279.4830627441406,23.457761764526367,89.87511444091797,174.1300048828125
2022-05-25 00:00:00+00:00,283.39459228515625,23.543973922729492,90.05641174316406,173.0800018310547
2022-05-26 00:00:00+00:00,291.24658203125,23.466384887695312,90.01322937011719,172.75999450683594
2022-05-27 00:00:00+00:00,300.7527770996094,23.41465950012207,90.14274597167969,172.85000610351562
2022-05-31 00:00:00+00:00,299.954833984375,23.457761764526367,89.20169067382812,171.13999938964844
2022-06-01 00:00:00+00:00,297.7364196777344,23.638805389404297,88.69944763183594,172.22999572753906
2022-06-02 00:00:00+00:00,305.89013671875,23.431900024414062,88.8291244506836,174.35000610351562
2022-06-03 00:00:00+00:00,297.93115234375,23.535350799560547,88.65625,172.5800018310547
2022-06-06 00:00:00+00:00,298.923583984375,23.587080001831055,87.9906234741211,171.82000732421875
2022-06-07 00:00:00+00:00,301.501953125,23.561216354370117,88.34503173828125,172.94000244140625
2022-06-08 00:00:00+00:00,299.3321838378906,23.630184173583984,88.01655578613281,172.77999877929688
2022-06-09 00:00:00+00:00,291.314697265625,23.80260467529297,87.93875122070312,172.22999572753906
2022-06-10 00:00:00+00:00,281.0399169921875,23.992267608642578,87.0743179321289,174.5399932861328
2022-06-13 00:00:00+00:00,267.9725341796875,24.225034713745117,85.52703094482422,169.92999267578125
2022-06-14 00:00:00+00:00,268.4590759277344,24.276758193969727,84.8440933227539,168.57000732421875
2022-06-15 00:00:00+00:00,275.16302490234375,24.087095260620117,86.02837371826172,170.77000427246094
2022-06-16 00:00:00+00:00,264.0611572265625,23.85433006286621,86.59024047851562,172.69000244140625
2022-06-17 00:00:00+00:00,267.2720642089844,24.095722198486328,86.6161880493164,171.27000427246094
2022-06-21 00:00:00+00:00,274.0151672363281,24.00950813293457,86.1666488647461,170.6300048828125
2022-06-22 00:00:00+00:00,273.615478515625,23.975021362304688,87.255859375,171.30999755859375
2022-06-23 00:00:00+00:00,277.69036865234375,24.000886917114258,87.74857330322266,170.25999450683594
2022-06-24 00:00:00+00:00,287.2050476074219,23.949161529541016,87.43738555908203,170.08999633789062
2022-06-27 00:00:00+00:00,285.0993957519531,23.906057357788086,86.94464111328125,169.89999389648438
2022-06-28 00:00:00+00:00,276.413330078125,24.043991088867188,87.05702209472656,169.6199951171875
2022-06-29 00:00:00+00:00,276.6667175292969,24.181928634643555,87.75723266601562,169.49000549316406
2022-06-30 00:00:00+00:00,273.2353210449219,24.104339599609375,88.43148803710938,168.4600067138672
2022-07-01 00:00:00+00:00,275.0387268066406,24.181928634643555,89.37947082519531,168.32000732421875
2022-07-05 00:00:00+00:00,279.747314453125,24.526769638061523,89.70845794677734,164.75
2022-07-06 00:00:00+00:00,281.5411071777344,24.63884162902832,88.94660186767578,162.13999938964844
2022-07-07 00:00:00+00:00,287.5658264160156,24.6474609375,88.40115356445312,162.22999572753906
2022-07-08 00:00:00+00:00,287.9264831542969,24.63022232055664,87.8644027709961,162.3000030517578
2022-07-11 00:00:00+00:00,281.7750244140625,24.91471290588379,88.55701446533203,161.42999267578125
2022-07-12 00:00:00+00:00,279.0454406738281,24.90609359741211,88.76477813720703,160.8300018310547
2022-07-13 00:00:00+00:00,278.4702453613281,24.854368209838867,89.14572143554688,161.60000610351562
2022-07-14 00:00:00+00:00,279.46466064453125,25.02678680419922,88.65225219726562,159.3300018310547
2022-07-15 00:00:00+00:00,284.5339660644531,24.880229949951172,88.95525360107422,159.00999450683594
2022-07-18 00:00:00+00:00,282.1260070800781,24.74229621887207,88.69550323486328,159.16000366210938
2022-07-19 00:00:00+00:00,290.8023376464844,24.587116241455078,88.28862762451172,159.5399932861328
2022-07-20 00:00:00+00:00,295.4133605957031,24.656085968017578,88.20206451416016,158.0399932861328
2022-07-21 00:00:00+00:00,299.65411376953125,24.587116241455078,89.2063217163086,160.27000427246094
2022-07-22 00:00:00+00:00,294.39959716796875,24.55263328552246,90.2279281616211,160.6699981689453
2022-07-25 00:00:00+00:00,292.7228088378906,24.51814842224121,89.90758514404297,160.22999572753906
2022-07-26 00:00:00+00:00,286.9710693359375,24.707809448242188,89.94217681884766,160.0399932861328
2022-07-27 00:00:00+00:00,299.09844970703125,24.500905990600586,90.12399291992188,161.6699981689453
2022-07-28 00:00:00+00:00,302.0229797363281,24.48366355895996,91.0157241821289,163.63999938964844
2022-07-29 00:00:00+00:00,307.5309753417969,24.38883399963379,91.05034637451172,164.10000610351562
2022-08-01 00:00:00+00:00,307.34576416015625,24.294002532958984,91.58284759521484,165.02999877929688
2022-08-02 00:00:00+00:00,306.429443359375,24.449180603027344,90.31664276123047,164.0500030517578
2022-08-03 00:00:00+00:00,314.77423095703125,24.51814842224121,90.68955993652344,164.4499969482422
2022-08-04 00:00:00+00:00,316.246337890625,24.36297035217285,91.14923095703125,167.1699981689453
2022-08-05 00:00:00+00:00,313.6629638671875,24.569873809814453,89.83100891113281,165.2899932861328
2022-08-08 00:00:00+00:00,312.64898681640625,24.535388946533203,90.36001586914062,166.69000244140625
2022-08-09 00:00:00+00:00,309.11029052734375,24.509525299072266,90.09117126464844,167.1999969482422
2022-08-10 00:00:00+00:00,317.7379150390625,24.24227523803711,90.1432113647461,166.77999877929688
2022-08-11 00:00:00+00:00,315.9344177246094,24.259517669677734,89.54479217529297,166.33999633789062
2022-08-12 00:00:00+00:00,322.0857849121094,24.354347229003906,89.900390625,167.8699951171875
2022-08-15 00:00:00+00:00,324.6886901855469,24.569873809814453,90.1865463256836,165.7100067138672
2022-08-16 00:00:00+00:00,323.92822265625,24.56125259399414,90.08250427246094,165.4199981689453
2022-08-17 00:00:00+00:00,320.2334899902344,24.59573745727539,89.47541046142578,164.35000610351562
2022-08-18 00:00:00+00:00,321.003662109375,24.785398483276367,89.64888000488281,163.9199981689453
2022-08-19 00:00:00+00:00,314.7450256347656,24.94057846069336,88.87699890136719,162.72000122070312
2022-08-22 00:00:00+00:00,306.4585876464844,25.14748191833496,88.48673248291016,161.63999938964844
2022-08-23 00:00:00+00:00,306.2051696777344,25.044029235839844,88.26990509033203,162.77000427246094
2022-08-24 00:00:00+00:00,307.0923767089844,25.06127166748047,87.9750747680664,163.25
2022-08-25 00:00:00+00:00,312.5223388671875,25.01816749572754,88.53874969482422,163.75
2022-08-26 00:00:00+00:00,299.7126159667969,25.112995147705078,88.43470764160156,161.75999450683594
2022-08-29 00:00:00+00:00,296.7587890625,25.121618270874023,87.93168640136719,161.86000061035156
2022-08-30 00:00:00+00:00,293.4539489746094,25.112995147705078,87.90567016601562,160.50999450683594
2022-08-31 00:00:00+00:00,291.7478942871094,25.09575653076172,87.54144287109375,159.27000427246094
2022-09-01 00:00:00+00:00,291.87469482421875,25.319902420043945,86.84548950195312,157.8699951171875
2022-09-02 00:00:00+00:00,287.7509765625,25.328521728515625,87.33203125,159.25999450683594
2022-09-06 00:00:00+00:00,285.68426513671875,25.475078582763672,86.35900115966797,158.3300018310547
2022-09-07 00:00:00+00:00,291.4554748535156,25.294038772583008,86.92372131347656,159.94000244140625
2022-09-08 00:00:00+00:00,292.966552734375,25.34576416015625,86.60224914550781,158.97999572753906
2022-09-09 00:00:00+00:00,299.37139892578125,25.164724349975586,86.6109619140625,159.82000732421875
2022-09-12 00:00:00+00:00,302.9296569824219,25.035409927368164,86.40242004394531,160.6300048828125
2022-09-13 00:00:00+00:00,286.3179016113281,25.3802490234375,85.91590118408203,158.5399932861328
2022-09-14 00:00:00+00:00,288.58935546875,25.328521728515625,85.9593276977539,157.92999267578125
2022-09-15 00:00:00+00:00,283.78326416015625,25.34576416015625,85.66390991210938,154.97999572753906
2022-09-16 00:00:00+00:00,282.0480651855469,25.34576416015625,85.73345184326172,155.83999633789062
2022-09-19 00:00:00+00:00,284.2444152832031,25.328521728515625,85.49018859863281,155.9600067138672
2022-09-20 00:00:00+00:00,281.9787902832031,25.44921875,84.96022033691406,155.07000732421875
2022-09-21 00:00:00+00:00,276.9295959472656,25.69922637939453,85.29901885986328,155.7899932861328
2022-09-22 00:00:00+00:00,273.52117919921875,25.73371124267578,84.01322174072266,155.6999969482422
2022-09-23 00:00:00+00:00,269.0677795410156,26.13889503479004,84.11746215820312,153.00999450683594
2022-09-26 00:00:00+00:00,267.9544982910156,26.4320125579834,82.71869659423828,151.22999572753906
2022-09-27 00:00:00+00:00,268.0619812011719,26.44063377380371,82.15398406982422,151.5399932861328
2022-09-28 00:00:00+00:00,273.39422607421875,26.095792770385742,84.0045394897461,154.69000244140625
2022-09-29 00:00:00+00:00,265.5129089355469,25.992338180541992,83.61358642578125,154.66000366210938
2022-09-30 00:00:00+00:00,261.0107727050781,25.992338180541992,83.3963623046875,154.6699981689453
2022-10-03 00:00:00+00:00,267.13409423828125,25.871644973754883,84.38612365722656,158.42999267578125
2022-10-04 00:00:00+00:00,275.5330505371094,25.518184661865234,84.56022644042969,160.6999969482422
2022-10-05 00:00:00+00:00,275.3865661621094,25.759572982788086,83.7593765258789,159.80999755859375
2022-10-06 00:00:00+00:00,273.2183837890625,26.018203735351562,83.29800415039062,159.6300048828125
2022-10-07 00:00:00+00:00,262.8077392578125,26.12165641784668,82.88887023925781,157.8800048828125
2022-10-10 00:00:00+00:00,260.1806335449219,26.23373031616211,82.4013900756836,155.47999572753906
2022-10-11 00:00:00+00:00,256.6061706542969,26.250972747802734,82.61029815673828,155.16000366210938
2022-10-12 00:00:00+00:00,256.5182800292969,26.250972747802734,82.88016510009766,155.99000549316406
2022-10-13 00:00:00+00:00,262.53424072265625,26.07855224609375,82.53195190429688,154.91000366210938
2022-10-14 00:00:00+00:00,254.6431884765625,26.25959014892578,82.07059478759766,152.97999572753906
2022-10-17 00:00:00+00:00,263.0519104003906,25.992338180541992,82.15763854980469,153.4199981689453
2022-10-18 00:00:00+00:00,265.1320495605469,25.97509765625,82.36656951904297,153.75
2022-10-19 00:00:00+00:00,264.1651916503906,26.16476058959961,81.50479125976562,151.69000244140625
2022-10-20 00:00:00+00:00,262.81744384765625,26.182003021240234,80.89543151855469,151.4499969482422
2022-10-21 00:00:00+00:00,268.9798889160156,25.957857131958008,81.07819366455078,154.14999389648438
2022-10-24 00:00:00+00:00,271.93902587890625,25.983718872070312,80.97374725341797,153.64999389648438
2022-10-25 00:00:00+00:00,277.5643615722656,25.69922637939453,81.98353576660156,154.0
2022-10-26 00:00:00+00:00,271.4312438964844,25.431974411010742,82.4013900756836,154.97999572753906
2022-10-27 00:00:00+00:00,266.4895324707031,25.630258560180664,82.98463439941406,154.74000549316406
2022-10-28 00:00:00+00:00,274.6443176269531,25.673362731933594,82.55807495117188,153.16000366210938
2022-10-31 00:00:00+00:00,271.4507751464844,25.88888931274414,82.18376922607422,151.91000366210938
2022-11-01 00:00:00+00:00,268.6771545410156,25.880268096923828,82.16891479492188,153.4600067138672
2022-11-02 00:00:00+00:00,259.4677429199219,25.992338180541992,82.02937316894531,152.38999938964844
2022-11-03 00:00:00+00:00,254.39901733398438,26.20786476135254,81.67166137695312,151.80999755859375
2022-11-04 00:00:00+00:00,258.49102783203125,25.716466903686523,81.49718475341797,156.47000122070312
2022-11-07 00:00:00+00:00,261.33306884765625,25.569910049438477,81.2093276977539,155.85000610351562
2022-11-08 00:00:00+00:00,263.2374267578125,25.45783805847168,81.75016784667969,159.4499969482422
2022-11-09 00:00:00+00:00,257.1628723144531,25.647499084472656,82.02937316894531,158.64999389648438
2022-11-10 00:00:00+00:00,276.1385498046875,25.06127166748047,83.87004852294922,163.47999572753906
2022-11-11 00:00:00+00:00,281.2266540527344,24.699188232421875,83.69556427001953,164.55999755859375
2022-11-14 00:00:00+00:00,278.765625,24.811262130737305,83.49494934082031,164.9199981689453
2022-11-15 00:00:00+00:00,282.623291015625,24.725051879882812,84.11432647705078,165.5
2022-11-16 00:00:00+00:00,278.765625,24.67332649230957,84.73371887207031,165.1199951171875
2022-11-17 00:00:00+00:00,278.15032958984375,24.768157958984375,84.15796661376953,163.9199981689453
2022-11-18 00:00:00+00:00,278.1601867675781,24.83712387084961,83.8613052368164,162.7899932861328
2022-11-21 00:00:00+00:00,275.29864501953125,25.052650451660156,83.80897521972656,161.8800048828125
2022-11-22 00:00:00+00:00,279.2637023925781,24.897472381591797,84.2887954711914,162.07000732421875
2022-11-23 00:00:00+00:00,282.06658935546875,24.63884162902832,84.74242401123047,163.0800018310547
2022-11-25 00:00:00+00:00,280.21099853515625,24.63884162902832,84.71624755859375,163.22000122070312
2022-11-28 00:00:00+00:00,276.0995178222656,24.81988525390625,84.75115966796875,161.92999267578125
2022-11-29 00:00:00+00:00,274.0094299316406,24.86298942565918,84.39348602294922,162.72999572753906
2022-11-30 00:00:00+00:00,286.5003662109375,24.66470718383789,85.15247344970703,164.80999755859375
2022-12-01 00:00:00+00:00,286.85198974609375,24.36297035217285,86.08250427246094,167.83999633789062
2022-12-02 00:00:00+00:00,285.7093505859375,24.337108612060547,86.25736236572266,167.25999450683594
2022-12-05 00:00:00+00:00,280.9140930175781,24.535388946533203,85.3832015991211,164.38999938964844
2022-12-06 00:00:00+00:00,275.0934753417969,24.55263328552246,85.90770721435547,164.83999633789062
2022-12-07 00:00:00+00:00,273.97039794921875,24.47504425048828,86.6594009399414,166.3300018310547
2022-12-08 00:00:00+00:00,277.2127990722656,24.39745330810547,86.169921875,166.47000122070312
2022-12-09 00:00:00+00:00,275.44512939453125,24.449180603027344,85.5318374633789,167.05999755859375
2022-12-12 00:00:00+00:00,278.9023742675781,24.466421127319336,85.40943145751953,165.67999267578125
2022-12-13 00:00:00+00:00,281.9005432128906,24.250896453857422,86.17864227294922,168.50999450683594
2022-12-14 00:00:00+00:00,279.8106384277344,24.138824462890625,86.4146499633789,168.10000610351562
2022-12-15 00:00:00+00:00,270.4155578613281,24.36297035217285,86.58281707763672,165.35000610351562
2022-12-16 00:00:00+00:00,267.8372497558594,24.40607452392578,86.3638687133789,166.7899932861328
2022-12-19 00:00:00+00:00,264.0732421875,24.41216278076172,85.6632308959961,166.32000732421875
2022-12-20 00:00:00+00:00,263.8676452636719,24.24692153930664,85.04138946533203,169.0800018310547
2022-12-21 00:00:00+00:00,267.69537353515625,24.307802200317383,85.14646911621094,168.8000030517578
2022-12-22 00:00:00+00:00,261.1461181640625,24.342588424682617,85.1202163696289,166.75999450683594
2022-12-23 00:00:00+00:00,261.73345947265625,24.33388900756836,84.7348403930664,167.25999450683594
2022-12-27 00:00:00+00:00,258.0331115722656,24.325191497802734,84.02545166015625,168.6699981689453
2022-12-28 00:00:00+00:00,254.6262969970703,24.41216278076172,83.82401275634766,167.91000366210938
2022-12-29 00:00:00+00:00,260.8328857421875,24.264314651489258,84.23565673828125,168.85000610351562
2022-12-30 00:00:00+00:00,260.6762390136719,24.1860408782959,83.88533020019531,169.63999938964844
2023-01-03 00:00:00+00:00,258.91412353515625,24.446950912475586,84.54218292236328,171.05999755859375
2023-01-04 00:00:00+00:00,260.14752197265625,24.359981536865234,85.19029235839844,172.6699981689453
2023-01-05 00:00:00+00:00,256.07513427734375,24.586101531982422,85.06764221191406,170.52000427246094
2023-01-06 00:00:00+00:00,263.1432189941406,24.264314651489258,86.16243743896484,173.7100067138672
2023-01-09 00:00:00+00:00,264.8465576171875,24.11646842956543,86.38139343261719,174.10000610351562
2023-01-10 00:00:00+00:00,267.08837890625,24.133861541748047,85.83838653564453,174.74000549316406
2023-01-11 00:00:00+00:00,271.70904541015625,24.133861541748047,86.39015197753906,174.6199951171875
2023-01-12 00:00:00+00:00,273.1775207519531,23.899045944213867,87.16085815429688,176.63999938964844
2023-01-13 00:00:00+00:00,275.05706787109375,23.890348434448242,86.69669342041016,178.75999450683594
2023-01-17 00:00:00+00:00,275.61505126953125,23.959924697875977,86.42520141601562,177.58999633789062
2023-01-18 00:00:00+00:00,272.0321350097656,23.959924697875977,87.5987777709961,177.0800018310547
2023-01-19 00:00:00+00:00,269.35955810546875,23.899045944213867,87.43238067626953,179.88999938964844
2023-01-20 00:00:00+00:00,276.7310791015625,23.8642578125,86.85430145263672,179.2899932861328
2023-01-23 00:00:00+00:00,282.8788757324219,23.899045944213867,86.57405853271484,179.6300048828125
2023-01-24 00:00:00+00:00,282.3013610839844,23.872955322265625,87.07327270507812,180.27999877929688
2023-01-25 00:00:00+00:00,281.6747741699219,23.7946834564209,87.16960144042969,181.11000061035156
2023-01-26 00:00:00+00:00,287.166748046875,23.855562210083008,86.85430145263672,179.47000122070312
2023-01-27 00:00:00+00:00,290.0252990722656,23.890348434448242,86.72293090820312,179.22000122070312
2023-01-30 00:00:00+00:00,284.161376953125,23.977317810058594,86.45143127441406,178.75999450683594
2023-01-31 00:00:00+00:00,288.4197692871094,23.925138473510742,86.88934326171875,179.41000366210938
2023-02-01 00:00:00+00:00,294.5872802734375,23.699016571044922,87.51429748535156,181.6699981689453
2023-02-02 00:00:00+00:00,305.1599426269531,23.855562210083008,87.47917175292969,177.89999389648438
2023-02-03 00:00:00+00:00,299.7365417480469,24.168651580810547,86.54003143310547,173.4600067138672
2023-02-06 00:00:00+00:00,297.2010803222656,24.307802200317383,85.79399108886719,173.82000732421875
2023-02-07 00:00:00+00:00,303.3586730957031,24.264314651489258,85.5833740234375,173.97999572753906
2023-02-08 00:00:00+00:00,297.964599609375,24.2904052734375,85.89933013916016,174.41000366210938
2023-02-09 00:00:00+00:00,295.3312683105469,24.255617141723633,85.51314544677734,173.02999877929688
2023-02-10 00:00:00+00:00,293.3929443359375,24.33388900756836,85.10064697265625,173.36000061035156
2023-02-13 00:00:00+00:00,298.09185791015625,24.264314651489258,85.30250549316406,172.47999572753906
2023-02-14 00:00:00+00:00,300.2945251464844,24.24692153930664,84.91630554199219,172.61000061035156
2023-02-15 00:00:00+00:00,302.59515380859375,24.41216278076172,84.66181182861328,170.88999938964844
2023-02-16 00:00:00+00:00,296.9171142578125,24.446950912475586,84.38093566894531,170.75
2023-02-17 00:00:00+00:00,294.8222961425781,24.429555892944336,84.61791229248047,171.25999450683594
2023-02-21 00:00:00+00:00,287.8422546386719,24.507827758789062,83.69633483886719,170.6199951171875
2023-02-22 00:00:00+00:00,288.05755615234375,24.586101531982422,83.84555053710938,169.66000366210938
2023-02-23 00:00:00+00:00,290.5735168457031,24.594797134399414,84.1703109741211,169.57000732421875
2023-02-24 00:00:00+00:00,285.7081298828125,24.77743148803711,83.66123962402344,168.35000610351562
2023-02-27 00:00:00+00:00,287.7541198730469,24.646976470947266,83.91576385498047,169.00999450683594
2023-02-28 00:00:00+00:00,287.3821716308594,24.716552734375,84.04743957519531,169.77999877929688
2023-03-01 00:00:00+00:00,285.0718078613281,24.586101531982422,83.3754653930664,170.75999450683594
2023-03-02 00:00:00+00:00,287.4310302734375,24.716552734375,83.03246307373047,170.66000366210938
2023-03-03 00:00:00+00:00,293.3733215332031,24.620887756347656,83.70087432861328,172.49000549316406
2023-03-06 00:00:00+00:00,293.7061767578125,24.586101531982422,83.55138397216797,171.6199951171875
2023-03-07 00:00:00+00:00,290.1036071777344,24.890491485595703,83.56018829345703,168.6199951171875
2023-03-08 00:00:00+00:00,291.552490234375,24.88179588317871,83.53377532958984,168.5399932861328
2023-03-09 00:00:00+00:00,286.5010681152344,24.812219619750977,84.05268859863281,170.1999969482422
2023-03-10 00:00:00+00:00,282.4775695800781,24.655675888061523,85.6005859375,173.8699951171875
2023-03-13 00:00:00+00:00,284.572509765625,24.429555892944336,86.63838195800781,177.86000061035156
2023-03-14 00:00:00+00:00,291.1119689941406,24.429555892944336,85.82044982910156,176.8300018310547
2023-03-15 00:00:00+00:00,292.63909912109375,24.69046401977539,87.060546875,178.2100067138672
2023-03-16 00:00:00+00:00,300.3532409667969,24.66437339782715,86.27777862548828,178.57000732421875
2023-03-17 00:00:00+00:00,298.9338073730469,24.525222778320312,87.2979965209961,183.77000427246094
2023-03-20 00:00:00+00:00,299.9946594238281,24.38607406616211,86.9461898803711,183.83999633789062
2023-03-21 00:00:00+00:00,304.279296875,24.37737464904785,86.18982696533203,180.3699951171875
2023-03-22 00:00:00+00:00,300.14178466796875,24.194740295410156,87.32437133789062,183.44000244140625
2023-03-23 00:00:00+00:00,303.7009582519531,24.229528427124023,87.82569885253906,185.74000549316406
2023-03-24 00:00:00+00:00,304.818603515625,24.37737464904785,87.85208892822266,183.64999389648438
2023-03-27 00:00:00+00:00,302.73016357421875,24.299100875854492,86.7702865600586,181.9499969482422
2023-03-28 00:00:00+00:00,301.1221618652344,24.212133407592773,86.717529296875,183.44000244140625
2023-03-29 00:00:00+00:00,306.6128234863281,24.273014068603516,86.5680160522461,182.52999877929688
2023-03-30 00:00:00+00:00,309.5150146484375,24.15995216369629,86.69995880126953,184.17999267578125
2023-03-31 00:00:00+00:00,314.6624755859375,24.24692153930664,87.17488861083984,183.22000122070312
2023-04-03 00:00:00+00:00,313.8977355957031,24.133861541748047,87.58551788330078,184.5399932861328
2023-04-04 00:00:00+00:00,312.8388977050781,24.038196563720703,88.14950561523438,187.97999572753906
2023-04-05 00:00:00+00:00,309.75042724609375,24.107769012451172,88.51961517333984,187.8300018310547
2023-04-06 00:00:00+00:00,311.8387451171875,24.125164031982422,88.5460433959961,186.49000549316406
2023-04-10 00:00:00+00:00,311.6622619628906,24.264314651489258,87.67363739013672,185.11000061035156
2023-04-11 00:00:00+00:00,309.662109375,24.177345275878906,87.63836669921875,186.27999877929688
2023-04-12 00:00:00+00:00,306.9266357421875,24.046892166137695,87.89393615722656,187.19000244140625
2023-04-13 00:00:00+00:00,312.9368591308594,23.933834075927734,87.6031494140625,189.72000122070312
2023-04-14 00:00:00+00:00,312.3486022949219,24.072982788085938,87.17132568359375,186.36000061035156
2023-04-17 00:00:00+00:00,312.61328125,24.194740295410156,86.61614990234375,185.52999877929688
2023-04-18 00:00:00+00:00,312.6329040527344,24.107769012451172,86.75714874267578,186.25
2023-04-19 00:00:00+00:00,312.4859619140625,24.15995216369629,86.57209777832031,185.36000061035156
2023-04-20 00:00:00+00:00,310.10333251953125,24.15995216369629,87.07441711425781,186.08999633789062
2023-04-21 00:00:00+00:00,310.4269104003906,24.133861541748047,86.86292266845703,184.25
2023-04-24 00:00:00+00:00,309.7798156738281,24.05558967590332,87.28588104248047,184.80999755859375
2023-04-25 00:00:00+00:00,303.9361572265625,24.168651580810547,88.14950561523438,185.75
2023-04-26 00:00:00+00:00,305.7794189453125,24.090377807617188,87.80581665039062,184.74000549316406
2023-04-27 00:00:00+00:00,314.0938415527344,24.09907341003418,87.23304748535156,184.75
2023-04-28 00:00:00+00:00,316.2607116699219,24.133861541748047,87.88512420654297,184.8000030517578
2023-05-01 00:00:00+00:00,315.8979187011719,24.255617141723633,86.8507308959961,183.97000122070312
2023-05-02 00:00:00+00:00,313.142822265625,24.194740295410156,87.98143005371094,187.52000427246094
2023-05-03 00:00:00+00:00,311.09356689453125,24.064287185668945,88.55559539794922,189.11000061035156
2023-05-04 00:00:00+00:00,309.99554443359375,24.090377807617188,88.53791809082031,190.44000244140625
2023-05-05 00:00:00+00:00,316.584228515625,24.05558967590332,88.0609359741211,187.4600067138672
2023-05-08 00:00:00+00:00,317.36859130859375,24.090377807617188,87.52207946777344,187.69000244140625
2023-05-09 00:00:00+00:00,315.35870361328125,24.168651580810547,87.41606903076172,189.02000427246094
2023-05-10 00:00:00+00:00,318.7903137207031,24.125164031982422,88.06975555419922,188.75
2023-05-11 00:00:00+00:00,319.8296203613281,24.281709671020508,88.39659881591797,187.1300048828125
2023-05-12 00:00:00+00:00,318.6824645996094,24.43825340270996,87.86656951904297,186.80999755859375
2023-05-15 00:00:00+00:00,320.4080810546875,24.368677139282227,87.67224884033203,187.2100067138672
2023-05-16 00:00:00+00:00,320.77081298828125,24.429555892944336,87.38955688476562,184.8699951171875
2023-05-17 00:00:00+00:00,324.6534729003906,24.473039627075195,87.10693359375,184.22999572753906
2023-05-18 00:00:00+00:00,330.6833801269531,24.655675888061523,86.56803894042969,181.83999633789062
2023-05-19 00:00:00+00:00,329.9383239746094,24.586101531982422,86.2412338256836,183.63999938964844
2023-05-22 00:00:00+00:00,331.0461730957031,24.60349464416504,86.08222198486328,183.2100067138672
2023-05-23 00:00:00+00:00,326.8497619628906,24.67306900024414,86.22357940673828,183.42999267578125
2023-05-24 00:00:00+00:00,325.173095703125,24.76003646850586,86.00272369384766,181.9499969482422
2023-05-25 00:00:00+00:00,333.0855712890625,24.873098373413086,85.4638671875,180.1999969482422
2023-05-26 00:00:00+00:00,341.5960388183594,24.864398956298828,85.62286376953125,180.9199981689453
2023-05-30 00:00:00+00:00,343.145263671875,24.838308334350586,86.29420471191406,182.0399932861328
2023-05-31 00:00:00+00:00,341.1940002441406,24.88179588317871,86.62106323242188,182.32000732421875
2023-06-01 00:00:00+00:00,345.13555908203125,24.586101531982422,86.86190795898438,183.75999450683594
2023-06-02 00:00:00+00:00,347.7239685058594,24.847007751464844,86.17124938964844,181.0500030517578
2023-06-05 00:00:00+00:00,347.9690856933594,24.80352210998535,86.14469146728516,182.13999938964844
2023-06-06 00:00:00+00:00,347.9102478027344,24.88179588317871,86.19783782958984,182.33999633789062
2023-06-07 00:00:00+00:00,342.0077819824219,24.890491485595703,85.56915283203125,180.14999389648438
2023-06-08 00:00:00+00:00,346.2532958984375,24.69046401977539,86.14469146728516,182.52999877929688
2023-06-09 00:00:00+00:00,347.5769348144531,24.768735885620117,85.83477783203125,182.0399932861328
2023-06-12 00:00:00+00:00,353.4499206542969,24.77743148803711,85.97643280029297,181.8800048828125
2023-06-13 00:00:00+00:00,356.16583251953125,24.699159622192383,85.36551666259766,180.5399932861328
2023-06-14 00:00:00+00:00,358.7542724609375,24.577404022216797,85.48060607910156,180.63999938964844
2023-06-15 00:00:00+00:00,363.0291442871094,24.43825340270996,86.14469146728516,181.91000366210938
2023-06-16 00:00:00+00:00,360.7446594238281,24.48173713684082,85.77281188964844,181.6300048828125
2023-06-20 00:00:00+00:00,360.22821044921875,24.551313400268555,86.02959442138672,179.75
2023-06-21 00:00:00+00:00,355.3191223144531,24.43825340270996,86.10929107666016,179.49000549316406
2023-06-22 00:00:00+00:00,359.511474609375,24.525222778320312,85.62230682373047,177.7100067138672
2023-06-23 00:00:00+00:00,355.947509765625,24.655675888061523,85.97643280029297,178.1999969482422
2023-06-26 00:00:00+00:00,351.17584228515625,24.62958526611328,86.18898010253906,178.50999450683594
2023-06-27 00:00:00+00:00,357.2140197753906,24.56870460510254,85.8879165649414,177.69000244140625
2023-06-28 00:00:00+00:00,357.9111022949219,24.681764602661133,86.23323059082031,177.27999877929688
2023-06-29 00:00:00+00:00,357.19439697265625,24.7861270904541,85.34777069091797,177.08999633789062
2023-06-30 00:00:00+00:00,362.7024230957031,24.681764602661133,85.53372192382812,178.27000427246094
2023-07-03 00:00:00+00:00,363.5565490722656,24.707855224609375,85.16272735595703,178.47000122070312
2023-07-05 00:00:00+00:00,363.5467529296875,24.8209171295166,84.75446319580078,177.83999633789062
2023-07-06 00:00:00+00:00,360.7779846191406,24.76003646850586,84.06214141845703,177.30999755859375
2023-07-07 00:00:00+00:00,359.5802307128906,24.551313400268555,83.95560455322266,178.63999938964844
2023-07-10 00:00:00+00:00,359.6980285644531,24.490432739257812,84.39055633544922,178.77999877929688
2023-07-11 00:00:00+00:00,361.4751281738281,24.429555892944336,84.56807708740234,179.4499969482422
2023-07-12 00:00:00+00:00,366.04058837890625,24.142559051513672,85.39351654052734,181.8800048828125
2023-07-13 00:00:00+00:00,372.2554626464844,23.977317810058594,86.10356140136719,182.00999450683594
2023-07-14 00:00:00+00:00,372.1769104003906,24.020801544189453,85.67750549316406,181.42999267578125
2023-07-17 00:00:00+00:00,375.65252685546875,23.99471092224121,85.81954193115234,181.55999755859375
2023-07-18 00:00:00+00:00,378.7255859375,24.01210594177246,85.91718292236328,183.63999938964844
2023-07-19 00:00:00+00:00,378.6372375488281,24.107769012451172,86.21006774902344,183.6699981689453
2023-07-20 00:00:00+00:00,369.908935546875,24.24692153930664,85.52661895751953,182.74000549316406
2023-07-21 00:00:00+00:00,368.7994689941406,24.316495895385742,85.59764862060547,182.17999267578125
2023-07-24 00:00:00+00:00,369.38861083984375,24.40346336364746,85.39351654052734,181.39999389648438
2023-07-25 00:00:00+00:00,371.8922424316406,24.37737464904785,85.23372650146484,182.41000366210938
2023-07-26 00:00:00+00:00,370.6551208496094,24.307802200317383,85.52661895751953,183.3000030517578
2023-07-27 00:00:00+00:00,369.7714538574219,24.533918380737305,84.59467315673828,180.4199981689453
2023-07-28 00:00:00+00:00,376.5067443847656,24.49913215637207,84.8698501586914,181.86000061035156
2023-07-31 00:00:00+00:00,376.70306396484375,24.542613983154297,84.9763412475586,182.35000610351562
2023-08-01 00:00:00+00:00,375.8292541503906,24.655675888061523,84.47981262207031,180.4600067138672
2023-08-02 00:00:00+00:00,367.5820617675781,24.742645263671875,84.31072998046875,179.60000610351562
2023-08-03 00:00:00+00:00,366.992919921875,24.725248336791992,83.68788146972656,179.5399932861328
2023-08-04 00:00:00+00:00,365.27471923828125,24.60349464416504,84.57768249511719,180.19000244140625
2023-08-07 00:00:00+00:00,368.367431640625,24.620887756347656,84.37303924560547,179.77999877929688
2023-08-08 00:00:00+00:00,365.2355041503906,24.73394775390625,84.80016326904297,178.63999938964844
2023-08-09 00:00:00+00:00,361.2198181152344,24.751338958740234,84.85354614257812,177.7899932861328
2023-08-10 00:00:00+00:00,361.8874816894531,24.794824600219727,84.20398712158203,177.60000610351562
2023-08-11 00:00:00+00:00,359.5802307128906,24.847007751464844,83.7590560913086,177.60000610351562
2023-08-14 00:00:00+00:00,363.615478515625,24.933975219726562,83.6256103515625,177.05999755859375
2023-08-15 00:00:00+00:00,359.7569580078125,24.942672729492188,83.4654312133789,176.58999633789062
2023-08-16 00:00:00+00:00,355.947509765625,25.012248992919922,83.14508056640625,175.57000732421875
2023-08-17 00:00:00+00:00,352.0594787597656,25.003549575805664,83.03829956054688,175.3000030517578
2023-08-18 00:00:00+00:00,351.6177062988281,25.020944595336914,83.28743743896484,175.3300018310547
2023-08-21 00:00:00+00:00,357.2828063964844,24.994853973388672,82.77134704589844,175.80999755859375
2023-08-22 00:00:00+00:00,356.7722473144531,25.081823348999023,82.80694580078125,176.10000610351562
2023-08-23 00:00:00+00:00,362.39801025390625,24.994853973388672,83.70568084716797,177.88999938964844
2023-08-24 00:00:00+00:00,354.65142822265625,25.194881439208984,83.39423370361328,177.85000610351562
2023-08-25 00:00:00+00:00,357.4006042480469,25.229671478271484,83.36754608154297,177.6199951171875
2023-08-28 00:00:00+00:00,360.0908203125,25.18618392944336,83.59890747070312,178.1300048828125
2023-08-29 00:00:00+00:00,367.9551086425781,25.047035217285156,84.19508361816406,179.8699951171875
2023-08-30 00:00:00+00:00,370.00714111328125,25.003549575805664,84.18616485595703,180.32000732421875
2023-08-31 00:00:00+00:00,371.1165771484375,25.125307083129883,84.35525512695312,180.02000427246094
2023-09-01 00:00:00+00:00,370.72381591796875,25.281850814819336,83.8396224975586,180.11000061035156
2023-09-05 00:00:00+00:00,371.195068359375,25.412302017211914,83.33112335205078,178.63999938964844
2023-09-06 00:00:00+00:00,367.9256286621094,25.421001434326172,83.11698913574219,177.8300018310547
2023-09-07 00:00:00+00:00,365.2943420410156,25.48187828063965,83.40247344970703,178.02000427246094
2023-09-08 00:00:00+00:00,365.8049011230469,25.507970809936523,83.42031860351562,178.0800018310547
2023-09-11 00:00:00+00:00,370.1151428222656,25.386213302612305,83.27758026123047,178.41000366210938
2023-09-12 00:00:00+00:00,366.0111083984375,25.429698944091797,83.39356994628906,177.49000549316406
2023-09-13 00:00:00+00:00,367.4053039550781,25.447092056274414,83.4916763305664,177.0800018310547
2023-09-14 00:00:00+00:00,370.40966796875,25.603635787963867,83.30435180664062,177.1699981689453
2023-09-15 00:00:00+00:00,364.0671081542969,25.58624267578125,83.04566955566406,178.33999633789062
2023-09-18 00:00:00+00:00,364.44671630859375,25.54275894165039,83.12593078613281,179.38999938964844
2023-09-19 00:00:00+00:00,363.66986083984375,25.560150146484375,82.82262420654297,179.22000122070312
2023-09-20 00:00:00+00:00,358.42919921875,25.603635787963867,82.76016998291016,179.35000610351562
2023-09-21 00:00:00+00:00,351.8611755371094,25.621028900146484,82.14462280273438,178.0500030517578
2023-09-22 00:00:00+00:00,351.9103698730469,25.681907653808594,82.46578979492188,178.6199951171875
2023-09-25 00:00:00+00:00,353.5818786621094,25.77757453918457,81.85913848876953,177.6999969482422
2023-09-26 00:00:00+00:00,348.2723693847656,25.855846405029297,81.83238983154297,176.27999877929688
2023-09-27 00:00:00+00:00,349.0885009765625,25.977602005004883,81.46660614013672,174.10000610351562
2023-09-28 00:00:00+00:00,352.0086975097656,25.838449478149414,81.68964385986328,173.22999572753906
2023-09-29 00:00:00+00:00,352.26434326171875,25.855846405029297,81.70748138427734,171.4499969482422
2023-10-02 00:00:00+00:00,355.2042236328125,26.055871963500977,81.04473114013672,169.64999389648438
2023-10-03 00:00:00+00:00,348.97052001953125,26.08196449279785,80.37388610839844,169.16000366210938
2023-10-04 00:00:00+00:00,353.71954345703125,26.003692626953125,80.88373565673828,169.13999938964844
2023-10-05 00:00:00+00:00,352.6772766113281,25.916723251342773,81.03577423095703,168.8300018310547
2023-10-06 00:00:00+00:00,358.58660888671875,25.86454200744629,80.56173706054688,169.6999969482422
2023-10-09 00:00:00+00:00,360.4153747558594,25.855846405029297,81.59028625488281,172.82000732421875
2023-10-10 00:00:00+00:00,362.411376953125,25.794965744018555,81.42931365966797,172.52999877929688
2023-10-11 00:00:00+00:00,364.9972839355469,25.794965744018555,81.87654113769531,173.7899932861328
2023-10-12 00:00:00+00:00,363.7288513183594,26.012388229370117,81.08942413330078,173.25999450683594
2023-10-13 00:00:00+00:00,359.1568298339844,26.029783248901367,81.60821533203125,178.8300018310547
2023-10-16 00:00:00+00:00,363.2176208496094,25.916723251342773,81.12520599365234,177.9600067138672
2023-10-17 00:00:00+00:00,362.02789306640625,25.9254207611084,80.32917022705078,178.2899932861328
2023-10-18 00:00:00+00:00,357.27880859375,26.021085739135742,79.95349884033203,180.8699951171875
2023-10-19 00:00:00+00:00,353.93585205078125,25.942813873291016,79.55994415283203,183.08999633789062
2023-10-20 00:00:00+00:00,348.6558532714844,25.951509475708008,80.02506256103516,183.58999633789062
2023-10-23 00:00:00+00:00,349.70794677734375,25.82105827331543,80.40071868896484,182.97000122070312
2023-10-24 00:00:00+00:00,353.10992431640625,25.96890640258789,80.54383850097656,182.9499969482422
2023-10-25 00:00:00+00:00,344.4672546386719,26.038480758666992,79.83721923828125,183.72000122070312
2023-10-26 00:00:00+00:00,337.89923095703125,26.09935760498047,80.44542694091797,184.00999450683594
2023-10-27 00:00:00+00:00,339.52154541015625,26.0645694732666,80.57066345214844,186.14999389648438
2023-10-30 00:00:00+00:00,343.3463439941406,25.960208892822266,80.30236053466797,185.10000610351562
2023-10-31 00:00:00+00:00,344.9883728027344,26.11675262451172,80.13241577148438,184.08999633789062
2023-11-01 00:00:00+00:00,350.97625732421875,26.12544822692871,81.0553207397461,183.50999450683594
2023-11-02 00:00:00+00:00,357.34765625,25.994997024536133,81.55760192871094,184.1199951171875
2023-11-03 00:00:00+00:00,361.5461120605469,25.751483917236328,82.18545532226562,184.7899932861328
2023-11-06 00:00:00+00:00,363.0209655761719,25.77757453918457,81.7100830078125,183.35000610351562
2023-11-07 00:00:00+00:00,366.4524841308594,25.86454200744629,82.17648315429688,182.58999633789062
2023-11-08 00:00:00+00:00,366.6884460449219,25.855846405029297,82.50833129882812,180.77000427246094
2023-11-09 00:00:00+00:00,363.8665771484375,25.96890640258789,81.69215393066406,181.49000549316406
2023-11-10 00:00:00+00:00,372.047119140625,25.951509475708008,81.78182983398438,179.50999450683594
2023-11-13 00:00:00+00:00,370.8868408203125,25.916723251342773,81.73699188232422,180.50999450683594
2023-11-14 00:00:00+00:00,378.8706970214844,25.507970809936523,82.9657974243164,182.1199951171875
2023-11-15 00:00:00+00:00,379.1558837890625,25.603635787963867,82.31997680664062,181.63999938964844
2023-11-16 00:00:00+00:00,379.4803466796875,25.621028900146484,82.93888092041016,183.69000244140625
2023-11-17 00:00:00+00:00,379.5688171386719,25.48187828063965,82.99266052246094,183.6699981689453
2023-11-20 00:00:00+00:00,384.19000244140625,25.403606414794922,83.10929107666016,183.3699951171875
2023-11-21 00:00:00+00:00,381.95806884765625,25.429698944091797,83.2169418334961,185.35000610351562
2023-11-22 00:00:00+00:00,383.5215148925781,25.516666412353516,83.18999481201172,184.55999755859375
2023-11-24 00:00:00+00:00,382.98065185546875,25.403606414794922,82.75949096679688,185.52000427246094
2023-11-27 00:00:00+00:00,382.6463317871094,25.351425170898438,83.38733673095703,186.77000427246094
2023-11-28 00:00:00+00:00,383.6492919921875,25.26445770263672,83.75508117675781,189.25999450683594
2023-11-29 00:00:00+00:00,383.275634765625,25.29054832458496,84.19456481933594,189.5399932861328
2023-11-30 00:00:00+00:00,382.31207275390625,25.47318458557129,83.78199005126953,188.75
2023-12-01 00:00:00+00:00,383.4035339355469,25.394912719726562,84.57247924804688,192.00999450683594
2023-12-04 00:00:00+00:00,379.84417724609375,25.507970809936523,84.22174835205078,187.86000061035156
2023-12-05 00:00:00+00:00,380.7978820800781,25.603635787963867,84.81529235839844,187.14999389648438
2023-12-06 00:00:00+00:00,378.59539794921875,25.664514541625977,85.1660385131836,187.83999633789062
2023-12-07 00:00:00+00:00,383.8852233886719,25.525362014770508,85.0401382446289,188.14999389648438
2023-12-08 00:00:00+00:00,385.5960693359375,25.621028900146484,84.49153900146484,185.63999938964844
2023-12-11 00:00:00+00:00,388.889892578125,25.65581703186035,84.50053405761719,183.58999633789062
2023-12-12 00:00:00+00:00,391.9871826171875,25.58624267578125,84.68038940429688,183.49000549316406
2023-12-13 00:00:00+00:00,396.9721374511719,25.368820190429688,85.93946075439453,187.6300048828125
2023-12-14 00:00:00+00:00,396.62799072265625,25.134002685546875,86.6538314819336,188.72999572753906
2023-12-15 00:00:00+00:00,398.5452880859375,25.299243927001953,86.58168029785156,187.0
2023-12-18 00:00:00+00:00,401.0556335449219,25.295543670654297,86.39226531982422,187.85000610351562
2023-12-19 00:00:00+00:00,403.10479736328125,25.18451690673828,86.55461883544922,189.1300048828125
2023-12-20 00:00:00+00:00,397.11474609375,25.295543670654297,86.97854614257812,188.10000610351562
2023-12-21 00:00:00+00:00,401.73541259765625,25.129003524780273,86.84324645996094,189.42999267578125
2023-12-22 00:00:00+00:00,402.33636474609375,25.1197509765625,86.76209259033203,190.27000427246094
2023-12-26 00:00:00+00:00,404.7994079589844,25.064239501953125,86.81620025634766,191.72000122070312
2023-12-27 00:00:00+00:00,405.6234436035156,24.934709548950195,87.49268341064453,192.58999633789062
2023-12-28 00:00:00+00:00,405.4262390136719,25.017976760864258,87.1589584350586,191.47000122070312
2023-12-29 00:00:00+00:00,403.6716613769531,25.064239501953125,86.94245910644531,191.1699981689453
2024-01-02 00:00:00+00:00,396.8406066894531,25.27703857421875,86.61775970458984,190.72000122070312
2024-01-03 00:00:00+00:00,392.6415100097656,25.360309600830078,86.8251953125,189.1300048828125
2024-01-04 00:00:00+00:00,390.6207580566406,25.360309600830078,86.30207061767578,189.32000732421875
2024-01-05 00:00:00+00:00,391.0840759277344,25.360309600830078,85.9863510131836,189.35000610351562
2024-01-08 00:00:00+00:00,399.1669921875,25.314048767089844,86.2750015258789,187.8699951171875
2024-01-09 00:00:00+00:00,399.95556640625,25.397319793701172,86.23892211914062,187.92999267578125
2024-01-10 00:00:00+00:00,402.66632080078125,25.351057052612305,86.10360717773438,187.5
2024-01-11 00:00:00+00:00,403.5041198730469,25.36956214904785,86.56363677978516,187.8699951171875
2024-01-12 00:00:00+00:00,403.7111511230469,25.397319793701172,86.79815673828125,189.7100067138672
2024-01-16 00:00:00+00:00,403.6716613769531,25.61937141418457,86.09459686279297,187.91000366210938
2024-01-17 00:00:00+00:00,401.3946533203125,25.637874603271484,85.81499481201172,185.83999633789062
2024-01-18 00:00:00+00:00,407.0921630859375,25.665630340576172,85.62555694580078,187.3699951171875
2024-01-19 00:00:00+00:00,415.1651611328125,25.628623962402344,85.63459777832031,187.92999267578125
2024-01-22 00:00:00+00:00,415.7073669433594,25.637874603271484,85.89615631103516,187.22000122070312
2024-01-23 00:00:00+00:00,417.43231201171875,25.7026424407959,85.67967224121094,187.9499969482422
2024-01-24 00:00:00+00:00,419.748779296875,25.628623962402344,85.43614959716797,186.39999389648438
2024-01-25 00:00:00+00:00,420.2613830566406,25.7026424407959,85.80596923828125,187.13999938964844
2024-01-26 00:00:00+00:00,417.7575988769531,25.7026424407959,85.65263366699219,187.00999450683594
2024-01-29 00:00:00+00:00,422.0356140136719,25.7026424407959,86.16677856445312,188.3300018310547
2024-01-30 00:00:00+00:00,419.22637939453125,25.68413734436035,86.28402709960938,188.58999633789062
2024-01-31 00:00:00+00:00,411.01531982421875,25.7489013671875,87.00562286376953,188.4499969482422
2024-02-01 00:00:00+00:00,415.855224609375,25.61937141418457,87.54450225830078,190.41000366210938
2024-02-02 00:00:00+00:00,422.8833923339844,25.850675582885742,86.40521240234375,188.61000061035156
2024-02-05 00:00:00+00:00,422.3314208984375,25.989459991455078,85.56433868408203,187.57000732421875
2024-02-06 00:00:00+00:00,421.4836730957031,25.915441513061523,86.02546691894531,188.5500030517578
2024-02-07 00:00:00+00:00,425.82080078125,25.887685775756836,85.87175750732422,188.5
2024-02-08 00:00:00+00:00,426.60943603515625,25.915441513061523,85.5914306640625,188.3300018310547
2024-02-09 00:00:00+00:00,430.8085021972656,25.89693832397461,85.4377212524414,187.60000610351562
2024-02-12 00:00:00+00:00,429.1229553222656,25.924694061279297,85.51909637451172,187.11000061035156
2024-02-13 00:00:00+00:00,422.429931640625,26.12824249267578,84.57875061035156,184.52999877929688
2024-02-14 00:00:00+00:00,427.0332336425781,26.081981658935547,84.89521026611328,184.4199981689453
2024-02-15 00:00:00+00:00,428.30487060546875,25.980205535888672,85.13028717041016,185.66000366210938
2024-02-16 00:00:00+00:00,424.421142578125,25.989459991455078,84.75957489013672,186.33999633789062
2024-02-20 00:00:00+00:00,421.2174987792969,25.952449798583984,84.90425109863281,187.47000122070312
2024-02-21 00:00:00+00:00,419.5318908691406,25.924694061279297,84.6329574584961,187.47999572753906
2024-02-22 00:00:00+00:00,431.8139953613281,25.924694061279297,84.64202880859375,187.55999755859375
2024-02-23 00:00:00+00:00,430.54241943359375,25.943199157714844,85.03083801269531,188.6199951171875
2024-02-26 00:00:00+00:00,430.3156433105469,25.89693832397461,84.90425109863281,188.1999969482422
2024-02-27 00:00:00+00:00,431.3506774902344,25.915441513061523,84.71437072753906,188.0
2024-02-28 00:00:00+00:00,429.0539855957031,25.93394660949707,85.02180480957031,188.33999633789062
2024-02-29 00:00:00+00:00,432.7306823730469,25.989459991455078,85.1935806274414,189.30999755859375
2024-03-01 00:00:00+00:00,439.2463073730469,25.943199157714844,85.58251953125,192.88999938964844
2024-03-04 00:00:00+00:00,437.6790466308594,25.943199157714844,85.39212799072266,196.00999450683594
2024-03-05 00:00:00+00:00,429.82281494140625,25.915441513061523,85.91796112060547,197.19000244140625
2024-03-06 00:00:00+00:00,432.52374267578125,25.822919845581055,86.1264877319336,198.80999755859375
2024-03-07 00:00:00+00:00,439.08856201171875,25.693389892578125,86.27153015136719,199.94000244140625
2024-03-08 00:00:00+00:00,432.7503967285156,25.7026424407959,86.33499145507812,201.6300048828125
2024-03-11 00:00:00+00:00,431.1437072753906,25.730396270751953,86.2262191772461,202.0
2024-03-12 00:00:00+00:00,437.32421875,25.7489013671875,85.87264251708984,199.7899932861328
2024-03-13 00:00:00+00:00,433.962890625,25.721145629882812,85.6822509765625,201.19000244140625
2024-03-14 00:00:00+00:00,432.8687438964844,25.859928131103516,85.0476303100586,200.35000610351562
2024-03-15 00:00:00+00:00,427.7232971191406,25.887685775756836,84.90257263183594,199.7100067138672
2024-03-18 00:00:00+00:00,431.80267333984375,25.943199157714844,84.8028564453125,200.02999877929688
2024-03-19 00:00:00+00:00,432.8785095214844,26.007965087890625,85.0476303100586,199.8000030517578
2024-03-20 00:00:00+00:00,438.01092529296875,25.887685775756836,85.2470932006836,202.17999267578125
2024-03-21 00:00:00+00:00,440.083740234375,26.0634765625,85.25615692138672,201.97000122070312
2024-03-22 00:00:00+00:00,440.5871276855469,26.202260971069336,85.67317199707031,200.35000610351562
2024-03-25 00:00:00+00:00,438.9881591796875,26.137495040893555,85.44652557373047,200.99000549316406
2024-03-26 00:00:00+00:00,437.5668029785156,26.1560001373291,85.5734634399414,201.63999938964844
2024-03-27 00:00:00+00:00,439.0572509765625,26.174503326416016,85.89983367919922,203.10000610351562
2024-03-28 00:00:00+00:00,438.2478942871094,26.24852180480957,85.8182373046875,205.72000122070312
2024-04-01 00:00:00+00:00,439.1757507324219,26.350296020507812,85.04173278808594,207.82000732421875
2024-04-02 00:00:00+00:00,435.3855285644531,26.31328773498535,84.85990905761719,210.88999938964844
2024-04-03 00:00:00+00:00,436.3626708984375,26.19300651550293,84.95989990234375,212.74000549316406
2024-04-04 00:00:00+00:00,429.6903991699219,26.19300651550293,85.25086212158203,211.52000427246094
2024-04-05 00:00:00+00:00,434.75384521484375,26.220766067504883,84.68712615966797,215.13999938964844
2024-04-08 00:00:00+00:00,434.88214111328125,26.183753967285156,84.4961929321289,216.47999572753906
2024-04-09 00:00:00+00:00,436.49102783203125,26.174503326416016,84.83263397216797,217.6699981689453
2024-04-10 00:00:00+00:00,432.68109130859375,26.452070236206055,83.70513153076172,215.61000061035156
2024-04-11 00:00:00+00:00,439.59027099609375,26.4705753326416,83.5869369506836,219.8000030517578
2024-04-12 00:00:00+00:00,432.5823669433594,26.68337631225586,83.93245697021484,216.88999938964844
2024-04-15 00:00:00+00:00,425.4659423828125,26.72963523864746,83.39600372314453,220.9499969482422
2024-04-16 00:00:00+00:00,425.50543212890625,26.766645431518555,83.06867980957031,221.22000122070312
2024-04-17 00:00:00+00:00,420.3136901855469,26.68337631225586,83.5960464477539,219.58999633789062
2024-04-18 00:00:00+00:00,417.9152526855469,26.738889694213867,83.3050765991211,220.33999633789062
2024-04-19 00:00:00+00:00,409.2688903808594,26.738889694213867,83.41417694091797,221.02999877929688
2024-04-22 00:00:00+00:00,413.3847961425781,26.74814224243164,83.42327117919922,215.57000732421875
2024-04-23 00:00:00+00:00,419.5537109375,26.637115478515625,83.53240966796875,215.0399932861328
2024-04-24 00:00:00+00:00,420.9750061035156,26.664871215820312,83.27779388427734,214.63999938964844
2024-04-25 00:00:00+00:00,418.9416809082031,26.609357833862305,82.95955657958984,215.9199981689453
2024-04-26 00:00:00+00:00,425.4067687988281,26.72963523864746,83.18688201904297,216.6199951171875
2024-04-29 00:00:00+00:00,427.134033203125,26.646366119384766,83.52330017089844,216.17999267578125
2024-04-30 00:00:00+00:00,419.07989501953125,26.81290626525879,83.13233184814453,211.8699951171875
2024-05-01 00:00:00+00:00,416.0497131347656,26.7851505279541,83.46154022216797,213.7899932861328
2024-05-02 00:00:00+00:00,421.3598937988281,26.581600189208984,83.85368347167969,213.1300048828125
2024-05-03 00:00:00+00:00,429.82861328125,26.50758171081543,84.31877899169922,212.9600067138672
2024-05-06 00:00:00+00:00,434.53668212890625,26.535341262817383,84.3917236328125,215.1999969482422
2024-05-07 00:00:00+00:00,434.6058044433594,26.609357833862305,84.61058807373047,214.2100067138672
2024-05-08 00:00:00+00:00,434.34912109375,26.646366119384766,84.37348937988281,213.5800018310547
2024-05-09 00:00:00+00:00,435.29669189453125,26.55384635925293,84.62882995605469,216.9499969482422
2024-05-10 00:00:00+00:00,436.32318115234375,26.590852737426758,84.35526275634766,218.7100067138672
2024-05-13 00:00:00+00:00,437.3299560546875,26.581600189208984,84.45556640625,216.25999450683594
2024-05-14 00:00:00+00:00,440.1429748535156,26.52608871459961,84.7017822265625,218.08999633789062
2024-05-15 00:00:00+00:00,447.0224914550781,26.359548568725586,85.34014892578125,220.88999938964844
2024-05-16 00:00:00+00:00,446.1144714355469,26.424314498901367,85.17597961425781,220.02999877929688
2024-05-17 00:00:00+00:00,445.89727783203125,26.424314498901367,84.91152954101562,223.66000366210938
2024-05-20 00:00:00+00:00,449.0064697265625,26.461322784423828,84.78385925292969,224.55999755859375
2024-05-21 00:00:00+00:00,449.8848876953125,26.461322784423828,85.00273132324219,224.22999572753906
2024-05-22 00:00:00+00:00,449.7960205078125,26.544593811035156,84.89330291748047,220.11000061035156
2024-05-23 00:00:00+00:00,447.772705078125,26.60010528564453,84.59236907958984,215.72000122070312
2024-05-24 00:00:00+00:00,452.0069885253906,26.516834259033203,84.7017822265625,215.9199981689453
2024-05-28 00:00:00+00:00,453.71453857421875,26.479827880859375,84.2275619506836,218.19000244140625
2024-05-29 00:00:00+00:00,450.5165710449219,26.62786293029785,83.81722259521484,216.16000366210938
2024-05-30 00:00:00+00:00,445.69000244140625,26.544593811035156,84.23670959472656,216.57000732421875
2024-05-31 00:00:00+00:00,444.8609313964844,26.52608871459961,84.62882995605469,215.3000030517578
2024-06-03 00:00:00+00:00,447.24957275390625,26.387304306030273,85.18311309814453,217.22000122070312
2024-06-04 00:00:00+00:00,448.473388671875,26.396556854248047,85.64962768554688,215.27000427246094
2024-06-05 00:00:00+00:00,457.5145263671875,26.433565139770508,85.96060943603516,217.82000732421875
2024-06-06 00:00:00+00:00,457.3566589355469,26.396556854248047,85.92399597167969,219.42999267578125
2024-06-07 00:00:00+00:00,456.9519958496094,26.618610382080078,85.01847839355469,211.60000610351562
2024-06-10 00:00:00+00:00,458.79766845703125,26.68337631225586,84.83554077148438,213.5399932861328
2024-06-11 00:00:00+00:00,461.9463195800781,26.720382690429688,85.28374481201172,214.14999389648438
2024-06-12 00:00:00+00:00,467.9967346191406,26.60010528564453,85.75936889648438,214.72000122070312
2024-06-13 00:00:00+00:00,470.5333557128906,26.701879501342773,86.32645416259766,212.97000122070312
2024-06-14 00:00:00+00:00,472.97137451171875,26.82215690612793,86.5277099609375,215.72999572753906
2024-06-17 00:00:00+00:00,478.76513671875,26.75739288330078,86.12522888183594,214.61000061035156
2024-06-18 00:00:00+00:00,478.9132080078125,26.74814224243164,86.50025177001953,215.47000122070312
2024-06-20 00:00:00+00:00,475.22174072265625,26.859169006347656,86.28072357177734,218.16000366210938
2024-06-21 00:00:00+00:00,473.948486328125,26.923933029174805,86.29901885986328,214.77999877929688
2024-06-24 00:00:00+00:00,468.552734375,26.831409454345703,86.3722152709961,215.6300048828125
2024-06-25 00:00:00+00:00,473.9109191894531,26.859169006347656,86.44536590576172,214.55999755859375
2024-06-26 00:00:00+00:00,474.8896484375,26.988698959350586,85.92399597167969,212.5800018310547
2024-06-27 00:00:00+00:00,476.115478515625,26.951688766479492,86.1160888671875,214.99000549316406
2024-06-28 00:00:00+00:00,473.6440124511719,26.951688766479492,85.65874481201172,215.00999450683594
2024-07-01 00:00:00+00:00,476.42193603515625,26.960941314697266,85.02112579345703,215.57000732421875
2024-07-02 00:00:00+00:00,481.4242248535156,26.923933029174805,85.34221649169922,215.55999755859375
2024-07-03 00:00:00+00:00,485.43792724609375,26.81290626525879,85.91107177734375,217.99000549316406
2024-07-05 00:00:00+00:00,490.49951171875,26.720382690429688,86.38813781738281,220.92999267578125
2024-07-08 00:00:00+00:00,491.6660461425781,26.766645431518555,86.41563415527344,218.19000244140625
2024-07-09 00:00:00+00:00,492.0910949707031,26.803653717041016,86.29637145996094,218.55999755859375
2024-07-10 00:00:00+00:00,497.22186279296875,26.775897979736328,86.37895202636719,219.36000061035156
2024-07-11 00:00:00+00:00,486.3177490234375,26.637115478515625,86.9294204711914,223.25
2024-07-12 00:00:00+00:00,489.1748352050781,26.544593811035156,87.1128921508789,223.11000061035156
2024-07-15 00:00:00+00:00,490.4895935058594,26.590852737426758,86.83769226074219,223.8300018310547
2024-07-16 00:00:00+00:00,490.6774597167969,26.590852737426758,87.2230224609375,228.2899932861328
2024-07-17 00:00:00+00:00,476.273681640625,26.4705753326416,87.29642486572266,227.22999572753906
2024-07-18 00:00:00+00:00,474.0196838378906,26.590852737426758,87.0487060546875,225.77999877929688
2024-07-19 00:00:00+00:00,469.818115234375,26.664871215820312,86.77348327636719,221.72999572753906
2024-07-22 00:00:00+00:00,476.8173828125,26.646366119384766,86.69088745117188,221.8000030517578
2024-07-23 00:00:00+00:00,475.1367492675781,26.692626953125,86.75509643554688,222.5800018310547
2024-07-24 00:00:00+00:00,458.09344482421875,26.68337631225586,86.56243896484375,221.8000030517578
2024-07-25 00:00:00+00:00,453.041748046875,26.68337631225586,86.75509643554688,218.3300018310547
2024-07-26 00:00:00+00:00,457.6881103515625,26.664871215820312,87.16797637939453,220.6300048828125
2024-07-29 00:00:00+00:00,458.6075134277344,26.738889694213867,87.31478118896484,220.32000732421875
2024-07-30 00:00:00+00:00,452.3101806640625,26.75739288330078,87.49824523925781,222.52000427246094
2024-07-31 00:00:00+00:00,465.69573974609375,26.609357833862305,88.1404800415039,226.5500030517578
2024-08-01 00:00:00+00:00,454.4159240722656,26.701879501342773,88.51685333251953,225.77000427246094
2024-08-02 00:00:00+00:00,443.6304016113281,26.433565139770508,89.88800811767578,225.33999633789062
2024-08-05 00:00:00+00:00,430.40301513671875,26.28553009033203,89.98001098632812,222.47999572753906
2024-08-06 00:00:00+00:00,434.5155944824219,26.368799209594727,89.17942810058594,220.6999969482422
2024-08-07 00:00:00+00:00,429.80987548828125,26.424314498901367,88.85733032226562,220.5500030517578
2024-08-08 00:00:00+00:00,442.9581604003906,26.461322784423828,88.59046173095703,224.00999450683594
2024-08-09 00:00:00+00:00,445.271484375,26.433565139770508,88.94938659667969,224.55999755859375
2024-08-12 00:00:00+00:00,446.23040771484375,26.433565139770508,89.19783020019531,228.41000366210938
2024-08-13 00:00:00+00:00,457.3025817871094,26.294782638549805,89.5935287475586,228.05999755859375
2024-08-14 00:00:00+00:00,457.450927734375,26.322540283203125,89.71315002441406,226.1999969482422
2024-08-15 00:00:00+00:00,469.0075378417969,26.415061950683594,89.15182495117188,226.91000366210938
2024-08-16 00:00:00+00:00,469.61053466796875,26.28553009033203,89.32665252685547,231.99000549316406
2024-08-19 00:00:00+00:00,475.77935791015625,26.146747589111328,89.44628143310547,231.61000061035156
2024-08-20 00:00:00+00:00,474.7809143066406,26.054224014282227,89.80518341064453,232.4600067138672
2024-08-21 00:00:00+00:00,476.9953308105469,25.97095489501953,89.98924255371094,232.14999389648438
2024-08-22 00:00:00+00:00,469.4326171875,26.09123420715332,89.57512664794922,229.3699951171875
2024-08-23 00:00:00+00:00,474.5238342285156,25.869178771972656,89.98924255371094,232.02000427246094
2024-08-26 00:00:00+00:00,469.9170227050781,25.924694061279297,89.87879943847656,232.75999450683594
2024-08-27 00:00:00+00:00,471.32080078125,25.8414249420166,89.84199523925781,233.38999938964844
2024-08-28 00:00:00+00:00,465.9725036621094,25.989459991455078,89.79596710205078,231.75
2024-08-29 00:00:00+00:00,465.2904357910156,26.081981658935547,89.63953399658203,232.9499969482422
2024-08-30 00:00:00+00:00,470.83636474609375,26.1560001373291,89.32665252685547,231.2899932861328
2024-09-03 00:00:00+00:00,456.5413818359375,26.202260971069336,89.91551208496094,230.2899932861328
2024-09-04 00:00:00+00:00,455.3550720214844,26.072729110717773,90.44160461425781,230.42999267578125
2024-09-05 00:00:00+00:00,455.7801818847656,26.035720825195312,90.65389251708984,232.35000610351562
2024-09-06 00:00:00+00:00,443.5710144042969,26.072729110717773,90.78309631347656,230.6300048828125
2024-09-09 00:00:00+00:00,449.2752380371094,26.183753967285156,90.91232299804688,231.60000610351562
2024-09-10 00:00:00+00:00,453.4273376464844,26.19300651550293,91.29995727539062,232.6199951171875
2024-09-11 00:00:00+00:00,463.273681640625,26.220766067504883,91.23535919189453,232.25
2024-09-12 00:00:00+00:00,467.82122802734375,26.109737396240234,91.0876693725586,236.3300018310547
2024-09-13 00:00:00+00:00,469.9170227050781,26.072729110717773,91.26303100585938,238.67999267578125
2024-09-16 00:00:00+00:00,467.8409729003906,25.989459991455078,91.50300598144531,238.66000366210938
2024-09-17 00:00:00+00:00,468.088134765625,26.072729110717773,91.33688354492188,237.33999633789062
2024-09-18 00:00:00+00:00,466.0615234375,26.100486755371094,90.94001770019531,235.50999450683594
2024-09-19 00:00:00+00:00,477.8455810546875,25.989459991455078,90.86614990234375,239.1699981689453
2024-09-20 00:00:00+00:00,476.9360046386719,26.035720825195312,90.83848571777344,242.2100067138672
2024-09-23 00:00:00+00:00,478.2002258300781,26.072729110717773,90.78309631347656,242.67999267578125
2024-09-24 00:00:00+00:00,480.5068664550781,25.924694061279297,90.88462829589844,246.07000732421875
2024-09-25 00:00:00+00:00,480.95233154296875,26.100486755371094,90.51545715332031,245.72999572753906
2024-09-26 00:00:00+00:00,484.5657653808594,25.980205535888672,90.45084381103516,246.97999572753906
2024-09-27 00:00:00+00:00,481.8730163574219,25.97095489501953,90.810791015625,245.02000427246094
2024-09-30 00:00:00+00:00,483.1798095703125,26.072729110717773,90.56159210205078,243.05999755859375
2024-10-01 00:00:00+00:00,476.4479675292969,26.183753967285156,90.8911361694336,245.61000061035156
2024-10-02 00:00:00+00:00,477.1211242675781,26.294782638549805,90.63194274902344,245.66000366210938
2024-10-03 00:00:00+00:00,476.7647399902344,26.3780517578125,90.16911315917969,245.49000549316406
2024-10-04 00:00:00+00:00,482.4373474121094,26.52608871459961,89.29898071289062,245.0
2024-10-07 00:00:00+00:00,477.2696838378906,26.544593811035156,88.97501373291016,244.1699981689453
2024-10-08 00:00:00+00:00,484.3974914550781,26.544593811035156,89.04905700683594,242.3699951171875
2024-10-09 00:00:00+00:00,488.20892333984375,26.664871215820312,88.71580505371094,241.0500030517578
2024-10-10 00:00:00+00:00,487.6545104980469,26.65561866760254,88.70654296875,242.82000732421875
2024-10-11 00:00:00+00:00,488.4167785644531,26.674123764038086,88.73432922363281,245.47000122070312
2024-10-14 00:00:00+00:00,492.5153503417969,26.75739288330078,88.57697296142578,245.07000732421875
2024-10-15 00:00:00+00:00,485.9320068359375,26.775897979736328,89.03054809570312,245.9199981689453
2024-10-16 00:00:00+00:00,485.9913635253906,26.849916458129883,89.16940307617188,247.14999389648438
2024-10-17 00:00:00+00:00,486.3279724121094,26.933185577392578,88.70654296875,248.6300048828125
2024-10-18 00:00:00+00:00,489.51568603515625,26.859169006347656,88.80838012695312,251.27000427246094
2024-10-21 00:00:00+00:00,490.4561767578125,26.979446411132812,88.12338256835938,251.22000122070312
2024-10-22 00:00:00+00:00,490.9908142089844,27.0072021484375,88.04008483886719,253.92999267578125
2024-10-23 00:00:00+00:00,483.46685791015625,27.0997257232666,87.83643341064453,250.8699951171875
2024-10-24 00:00:00+00:00,487.3872375488281,26.99795150756836,88.03082275390625,252.8000030517578
2024-10-25 00:00:00+00:00,490.3572082519531,27.090473175048828,87.83643341064453,253.32000732421875
2024-10-28 00:00:00+00:00,490.4363708496094,27.090473175048828,87.63277435302734,253.3300018310547
2024-10-29 00:00:00+00:00,495.1487121582031,27.0997257232666,87.66981506347656,256.0899963378906
2024-10-30 00:00:00+00:00,491.40655517578125,27.034957885742188,87.54020690917969,257.5
2024-10-31 00:00:00+00:00,479.0021057128906,27.016454696655273,87.49394226074219,253.50999450683594
2024-11-01 00:00:00+00:00,482.54620361328125,27.12748146057129,86.975830078125,252.47000122070312
2024-11-04 00:00:00+00:00,481.14044189453125,27.025705337524414,87.44009399414062,252.8300018310547
2024-11-05 00:00:00+00:00,487.2783508300781,26.91468048095703,87.48650360107422,253.39999389648438
2024-11-06 00:00:00+00:00,500.51434326171875,27.349533081054688,86.58583068847656,245.6999969482422
2024-11-07 00:00:00+00:00,508.39459228515625,27.12748146057129,87.28223419189453,249.64999389648438
2024-11-08 00:00:00+00:00,508.9886474609375,27.31252670288086,87.46793365478516,247.9600067138672
2024-11-11 00:00:00+00:00,508.691650390625,27.469812393188477,87.22652435302734,242.13999938964844
2024-11-12 00:00:00+00:00,507.77093505859375,27.590091705322266,86.6786880493164,240.0500030517578
2024-11-13 00:00:00+00:00,507.1175842285156,27.747379302978516,86.62297058105469,237.6300048828125
2024-11-14 00:00:00+00:00,503.5932312011719,27.85840606689453,86.61368560791016,237.00999450683594
2024-11-15 00:00:00+00:00,491.5946350097656,27.830650329589844,86.65081787109375,236.58999633789062
2024-11-18 00:00:00+00:00,495.0101013183594,27.69186782836914,86.84580993652344,241.08999633789062
2024-11-19 00:00:00+00:00,498.4156188964844,27.682613372802734,87.0315170288086,243.25
2024-11-20 00:00:00+00:00,498.1285400390625,27.82139778137207,86.9015121459961,244.6199951171875
2024-11-21 00:00:00+00:00,499.9204406738281,27.91391944885254,86.85509490966797,246.66000366210938
2024-11-22 00:00:00+00:00,500.7222595214844,28.061954498291016,86.91081237792969,249.83999633789062
2024-11-25 00:00:00+00:00,501.5142517089844,27.867658615112305,87.84862518310547,242.47999572753906
2024-11-26 00:00:00+00:00,504.2070007324219,27.9046688079834,87.66291809082031,242.9499969482422
2024-11-27 00:00:00+00:00,500.2371826171875,27.664108276367188,88.01578521728516,243.49000549316406
2024-11-29 00:00:00+00:00,504.6327209472656,27.617849349975586,88.38717651367188,245.58999633789062
2024-12-02 00:00:00+00:00,510.1271057128906,27.784387588500977,88.3797378540039,243.44000244140625
2024-12-03 00:00:00+00:00,511.6913146972656,27.775136947631836,88.12825775146484,243.92999267578125
2024-12-04 00:00:00+00:00,518.0172729492188,27.765884399414062,88.46354675292969,244.6699981689453
2024-12-05 00:00:00+00:00,516.5817260742188,27.617849349975586,88.45426177978516,242.86000061035156
2024-12-06 00:00:00+00:00,521.2048950195312,27.69186782836914,88.73365783691406,242.9499969482422
2024-12-09 00:00:00+00:00,517.1461181640625,27.738126754760742,88.42631530761719,245.36000061035156
2024-12-10 00:00:00+00:00,515.3837890625,27.802892684936523,88.26795959472656,248.58999633789062
2024-12-11 00:00:00+00:00,524.6104736328125,27.895414352416992,88.00719451904297,250.9600067138672
2024-12-12 00:00:00+00:00,521.2247924804688,27.98793601989746,87.671875,247.27999877929688
2024-12-13 00:00:00+00:00,525.2144165039062,27.997188568115234,87.2620620727539,244.2899932861328
2024-12-16 00:00:00+00:00,532.77783203125,27.950927734375,87.29002380371094,244.8800048828125
2024-12-17 00:00:00+00:00,530.4315795898438,27.978683471679688,87.29002380371094,243.94000244140625
2024-12-18 00:00:00+00:00,511.29522705078125,28.30251121520996,86.61531829833984,239.25999450683594
2024-12-19 00:00:00+00:00,509.018310546875,28.35802459716797,86.22284698486328,239.60000610351562
2024-12-20 00:00:00+00:00,513.4633178710938,28.219242095947266,86.5405502319336,242.10000610351562
2024-12-23 00:00:00+00:00,518.4658813476562,28.322710037231445,86.1574478149414,240.9600067138672
2024-12-24 00:00:00+00:00,525.49609375,28.400068283081055,86.20415496826172,241.44000244140625
2024-12-26 00:00:00+00:00,525.13916015625,28.34204864501953,86.26956939697266,243.07000732421875
2024-12-27 00:00:00+00:00,518.158447265625,28.293699264526367,86.04532623291016,241.39999389648438
2024-12-30 00:00:00+00:00,511.26702880859375,28.322710037231445,86.54991149902344,240.6300048828125
2024-12-31 00:00:00+00:00,506.9238586425781,28.448415756225586,86.39104461669922,242.1300048828125
2025-01-02 00:00:00+00:00,505.9322814941406,28.690160751342773,86.43777465820312,245.4199981689453
2025-01-03 00:00:00+00:00,514.2120361328125,28.603132247924805,86.29761505126953,243.49000549316406
2025-01-06 00:00:00+00:00,520.1217651367188,28.41940689086914,86.21349334716797,243.19000244140625
2025-01-07 00:00:00+00:00,510.84063720703125,28.525774002075195,85.82101440429688,244.55999755859375
2025-01-08 00:00:00+00:00,510.9298400878906,28.63214111328125,85.97055053710938,245.86000061035156
2025-01-10 00:00:00+00:00,502.91790771484375,28.77718734741211,85.34445190429688,248.2100067138672
2025-01-13 00:00:00+00:00,501.3016662597656,28.864215850830078,85.19493865966797,245.74000549316406
2025-01-14 00:00:00+00:00,500.8256530761719,28.680490493774414,85.22296142578125,247.02999877929688
2025-01-15 00:00:00+00:00,512.3477783203125,28.63214111328125,86.12006378173828,248.8800048828125
2025-01-16 00:00:00+00:00,508.7583312988281,28.63214111328125,86.32564544677734,250.60000610351562
2025-01-17 00:00:00+00:00,517.3453979492188,28.738508224487305,86.39104461669922,249.27000427246094
2025-01-21 00:00:00+00:00,520.3795776367188,28.371057510375977,86.68071746826172,253.1300048828125
2025-01-22 00:00:00+00:00,527.0330810546875,28.41940689086914,86.45645141601562,254.42999267578125
2025-01-23 00:00:00+00:00,528.153564453125,28.40973663330078,86.23220825195312,254.07000732421875
2025-01-24 00:00:00+00:00,525.1688842773438,28.235681533813477,86.40974426269531,255.64999389648438
2025-01-27 00:00:00+00:00,509.8787536621094,28.245349884033203,86.97042083740234,252.99000549316406
2025-01-28 00:00:00+00:00,517.4147338867188,28.361387252807617,86.9797592163086,255.17999267578125
2025-01-29 00:00:00+00:00,516.4429931640625,28.41940689086914,86.87696838378906,254.1999969482422
2025-01-30 00:00:00+00:00,518.644287109375,28.41940689086914,87.06385803222656,258.04998779296875
2025-01-31 00:00:00+00:00,517.8905639648438,28.535444259643555,86.92369079589844,258.55999755859375
2025-02-03 00:00:00+00:00,513.745849609375,28.661149978637695,86.98558044433594,259.94000244140625
2025-02-04 00:00:00+00:00,520.0523071289062,28.400068283081055,87.20118713378906,262.5
2025-02-05 00:00:00+00:00,522.412353515625,28.35171890258789,87.70738220214844,264.1300048828125
2025-02-06 00:00:00+00:00,525.13916015625,28.332378387451172,87.60426330566406,263.42999267578125
2025-02-07 00:00:00+00:00,518.5154418945312,28.458086013793945,87.31367492675781,263.8999938964844
2025-02-10 00:00:00+00:00,524.7920532226562,28.545114517211914,87.29492950439453,268.3699951171875
2025-02-11 00:00:00+00:00,523.5427856445312,28.448415756225586,87.06993103027344,267.3900146484375
2025-02-12 00:00:00+00:00,523.8501586914062,28.467756271362305,86.46996307373047,267.6700134277344
2025-02-13 00:00:00+00:00,531.3860473632812,28.235681533813477,87.11683654785156,270.30999755859375
2025-02-14 00:00:00+00:00,533.6171875,28.158323287963867,87.48240661621094,266.2900085449219
2025-02-18 00:00:00+00:00,534.8267822265625,28.21634292602539,87.0136947631836,270.70001220703125
2025-02-19 00:00:00+00:00,534.9755859375,28.245349884033203,87.15430450439453,270.8500061035156
2025-02-20 00:00:00+00:00,532.704833984375,28.022947311401367,87.3324203491211,270.989990234375
2025-02-21 00:00:00+00:00,521.6488647460938,28.119644165039062,87.84803009033203,270.739990234375
2025-02-24 00:00:00+00:00,515.4910278320312,28.13898468017578,88.03551483154297,272.2099914550781
2025-02-25 00:00:00+00:00,508.99627685546875,28.032615661621094,88.72920989990234,268.6199951171875
2025-02-26 00:00:00+00:00,510.22576904296875,28.090635299682617,88.97296142578125,269.0299987792969
2025-02-27 00:00:00+00:00,496.05615234375,28.293699264526367,88.86982727050781,264.92999267578125
2025-02-28 00:00:00+00:00,503.8896484375,28.41940689086914,89.35729217529297,263.2699890136719
2025-03-03 00:00:00+00:00,492.86334228515625,28.14865493774414,89.68165588378906,266.739990234375
2025-03-04 00:00:00+00:00,491.3759765625,27.897239685058594,89.39959716796875,269.05999755859375
2025-03-05 00:00:00+00:00,497.78155517578125,27.55879783630371,88.90132904052734,269.6199951171875
2025-03-06 00:00:00+00:00,484.087890625,27.539459228515625,88.85432434082031,268.25
2025-03-07 00:00:00+00:00,487.64764404296875,27.452430725097656,88.74150085449219,268.3900146484375
2025-03-10 00:00:00+00:00,468.7481994628906,27.471771240234375,89.36199951171875,266.0400085449219
2025-03-11 00:00:00+00:00,467.627685546875,27.317054748535156,89.0423583984375,269.1600036621094
2025-03-12 00:00:00+00:00,472.9029235839844,27.384742736816406,88.77911376953125,270.3299865722656
2025-03-13 00:00:00+00:00,464.3951110839844,27.481441497802734,89.13636779785156,275.1300048828125
2025-03-14 00:00:00+00:00,475.61981201171875,27.452430725097656,88.82613372802734,275.239990234375
2025-03-17 00:00:00+00:00,478.7035827636719,27.346065521240234,88.90132904052734,276.7300109863281
2025-03-18 00:00:00+00:00,470.5429382324219,27.326725006103516,89.00474548339844,279.9599914550781
2025-03-19 00:00:00+00:00,476.8394470214844,27.394412994384766,89.27738189697266,281.1099853515625
2025-03-20 00:00:00+00:00,475.22320556640625,27.471771240234375,89.40900421142578,280.75
2025-03-21 00:00:00+00:00,476.7898254394531,27.55879783630371,89.33380126953125,278.489990234375
2025-03-24 00:00:00+00:00,487.252685546875,27.607147216796875,88.81671142578125,277.25
2025-03-25 00:00:00+00:00,490.03326416015625,27.57813835144043,88.96713256835938,278.4700012207031
2025-03-26 00:00:00+00:00,481.01629638671875,27.70384407043457,88.76030731201172,278.239990234375
2025-03-27 00:00:00+00:00,478.27545166015625,27.616817474365234,88.6850814819336,281.9700012207031
2025-03-28 00:00:00+00:00,465.6835021972656,27.56846809387207,89.39959716796875,284.05999755859375
2025-03-31 00:00:00+00:00,465.6636657714844,27.59747886657715,89.66287231445312,288.1400146484375
2025-04-01 00:00:00+00:00,469.41741943359375,27.62648582458496,89.97785186767578,287.57000732421875
2025-04-02 00:00:00+00:00,472.84344482421875,27.51045036315918,89.89300537109375,288.1600036621094
2025-04-03 00:00:00+00:00,447.53045654296875,27.026962280273438,90.81729125976562,286.4200134277344
2025-04-04 00:00:00+00:00,419.7348327636719,27.326725006103516,91.07193756103516,279.7200012207031
2025-04-07 00:00:00+00:00,420.74774169921875,27.442760467529297,89.98731231689453,273.7099914550781
2025-04-08 00:00:00+00:00,413.17071533203125,27.317054748535156,89.53459167480469,275.20001220703125
2025-04-09 00:00:00+00:00,462.7639465332031,27.35573387145996,89.25163269042969,285.3800048828125
2025-04-10 00:00:00+00:00,443.08160400390625,26.785219192504883,88.6951904296875,292.3500061035156
2025-04-11 00:00:00+00:00,451.2444763183594,26.543476104736328,88.1952896118164,297.92999267578125
2025-04-14 00:00:00+00:00,454.3031311035156,26.45644760131836,88.90267944335938,296.2300109863281
2025-04-15 00:00:00+00:00,454.8095397949219,26.60149383544922,89.16676330566406,297.7799987792969
2025-04-16 00:00:00+00:00,441.0954284667969,26.37908935546875,89.55343627929688,307.4700012207031
2025-04-17 00:00:00+00:00,441.0160217285156,26.398427963256836,89.29879760742188,306.1199951171875
2025-04-21 00:00:00+00:00,430.1023254394531,26.147014617919922,88.81779479980469,315.5899963378906
2025-04-22 00:00:00+00:00,441.39337158203125,26.29206085205078,88.88380432128906,311.1099853515625
2025-04-23 00:00:00+00:00,451.40338134765625,26.53380584716797,88.97811126708984,303.6499938964844
2025-04-24 00:00:00+00:00,464.10455322265625,26.417766571044922,89.45913696289062,308.07000732421875
2025-04-25 00:00:00+00:00,469.2784118652344,26.485454559326172,89.7986831665039,304.7300109863281
2025-04-28 00:00:00+00:00,469.12939453125,26.321069717407227,90.15706634521484,309.07000732421875
2025-04-29 00:00:00+00:00,472.227783203125,26.408098220825195,90.46830749511719,306.05999755859375
2025-04-30 00:00:00+00:00,472.1681823730469,26.50479507446289,90.60980224609375,303.7699890136719
2025-05-01 00:00:00+00:00,478.33502197265625,26.65951156616211,90.2152099609375,297.4599914550781
2025-05-02 00:00:00+00:00,485.4353942871094,26.620832443237305,89.60961151123047,297.9800109863281
2025-05-05 00:00:00+00:00,482.5555114746094,26.57248306274414,89.44873809814453,306.8800048828125
2025-05-06 00:00:00+00:00,478.0669250488281,26.408098220825195,89.67583465576172,315.4800109863281
2025-05-07 00:00:00+00:00,479.9437561035156,26.60149383544922,89.91242218017578,310.75
2025-05-08 00:00:00+00:00,484.899169921875,26.823896408081055,89.21217346191406,304.6300048828125
2025-05-09 00:00:00+00:00,484.58135986328125,26.746540069580078,89.27843475341797,306.8399963378906
2025-05-12 00:00:00+00:00,504.3233337402344,27.123659133911133,88.71067810058594,298.19000244140625
2025-05-13 00:00:00+00:00,512.0095825195312,26.891584396362305,88.64445495605469,299.4599914550781
2025-05-14 00:00:00+00:00,515.078125,26.949604034423828,88.3132553100586,293.1600036621094
2025-05-15 00:00:00+00:00,515.6441650390625,26.881916046142578,88.89047241210938,297.8399963378906
2025-05-16 00:00:00+00:00,517.888427734375,26.959272384643555,88.91886901855469,294.239990234375
2025-05-19 00:00:00+00:00,518.385009765625,26.775548934936523,88.87154388427734,298.0299987792969
2025-05-20 00:00:00+00:00,516.6570434570312,26.698190689086914,88.75799560546875,303.5799865722656
2025-05-21 00:00:00+00:00,509.4772033691406,26.5821533203125,88.14293670654297,305.82000732421875
2025-05-22 00:00:00+00:00,510.4306335449219,26.65951156616211,88.47411346435547,303.1099853515625
2025-05-23 00:00:00+00:00,505.7036437988281,26.46611785888672,88.72959899902344,309.75
2025-05-27 00:00:00+00:00,517.6004028320312,26.611164093017578,89.0986328125,304.5
2025-05-28 00:00:00+00:00,515.3064575195312,26.698190689086914,88.85260009765625,303.80999755859375
2025-05-29 00:00:00+00:00,516.3193969726562,26.553142547607422,89.22166442871094,305.6099853515625
2025-05-30 00:00:00+00:00,515.5050659179688,26.543476104736328,89.48660278320312,303.6000061035156
2025-06-02 00:00:00+00:00,519.57666015625,26.35974884033203,89.18281555175781,311.6700134277344
2025-06-03 00:00:00+00:00,523.63818359375,26.53380584716797,89.09736633300781,308.9100036621094
2025-06-04 00:00:00+00:00,525.0980224609375,26.417766571044922,89.75241088867188,310.8999938964844
2025-06-05 00:00:00+00:00,521.1456298828125,26.398427963256836,89.48661041259766,309.3299865722656
2025-06-06 00:00:00+00:00,526.2400512695312,26.53380584716797,88.77456665039062,305.17999267578125
2025-06-09 00:00:00+00:00,527.0147705078125,26.46611785888672,88.93598937988281,306.6199951171875
2025-06-10 00:00:00+00:00,530.500244140625,26.49512481689453,89.08787536621094,306.7099914550781
2025-06-11 00:00:00+00:00,528.7127075195312,26.398427963256836,89.45813751220703,308.3699951171875
2025-06-12 00:00:00+00:00,529.9540405273438,26.205034255981445,89.84735870361328,312.20001220703125
2025-06-13 00:00:00+00:00,523.3005981445312,26.272722244262695,89.51509857177734,316.2900085449219
2025-06-16 00:00:00+00:00,530.5797119140625,26.30173110961914,89.25873565673828,311.7799987792969
2025-06-17 00:00:00+00:00,525.4059448242188,26.475786209106445,89.69547271728516,311.94000244140625
2025-06-18 00:00:00+00:00,525.3165893554688,26.52413558959961,89.75241088867188,310.260009765625
2025-06-20 00:00:00+00:00,523.1715087890625,26.49512481689453,89.80937957763672,310.1300048828125
2025-06-23 00:00:00+00:00,528.5509643554688,26.38875961303711,90.1226806640625,311.0799865722656
2025-06-24 00:00:00+00:00,536.6336059570312,26.253381729125977,90.43596649169922,306.19000244140625
2025-06-25 00:00:00+00:00,538.0055541992188,26.185693740844727,90.47393798828125,307.1199951171875
2025-06-26 00:00:00+00:00,543.0360107421875,26.07932472229004,90.79672241210938,306.7799987792969
2025-06-27 00:00:00+00:00,544.8951416015625,26.127676010131836,90.55937957763672,301.2200012207031
2025-06-30 00:00:00+00:00,548.4244995117188,25.992298126220703,90.92012786865234,304.8299865722656
2025-07-01 00:00:00+00:00,543.801513671875,25.982629776000977,90.75155639648438,307.54998779296875
2025-07-02 00:00:00+00:00,547.58935546875,25.963289260864258,90.56106567382812,309.25
2025-07-03 00:00:00+00:00,552.9777221679688,26.0889949798584,90.24681091308594,307.1400146484375
2025-07-07 00:00:00+00:00,548.8121948242188,26.176023483276367,89.96109771728516,307.3699951171875
2025-07-08 00:00:00+00:00,549.120361328125,26.195363998413086,89.82776641845703,304.1600036621094
2025-07-09 00:00:00+00:00,553.007568359375,26.195363998413086,90.29441833496094,305.5199890136719
2025-07-10 00:00:00+00:00,552.2122802734375,26.243711471557617,90.24681091308594,306.20001220703125
2025-07-11 00:00:00+00:00,550.9696044921875,26.321069717407227,89.82776641845703,309.1400146484375
2025-07-14 00:00:00+00:00,552.9677734375,26.38875961303711,89.78968048095703,308.010009765625
2025-07-15 00:00:00+00:00,553.474853515625,26.53380584716797,89.43728637695312,306.7300109863281
2025-07-16 00:00:00+00:00,554.04150390625,26.43710708618164,89.68490600585938,308.260009765625
2025-07-17 00:00:00+00:00,558.5252685546875,26.553142547607422,89.65632629394531,307.5899963378906
2025-07-18 00:00:00+00:00,557.9884033203125,26.51446533203125,89.9039535522461,308.3900146484375
2025-07-21 00:00:00+00:00,560.88134765625,26.340410232543945,90.21823120117188,313.1300048828125
2025-07-22 00:00:00+00:00,557.9784545898438,26.205034255981445,90.47538757324219,316.1000061035156
2025-07-23 00:00:00+00:00,560.5235595703125,26.166353225708008,90.15158081054688,312.17999267578125
2025-07-24 00:00:00+00:00,561.716552734375,26.234041213989258,90.01824188232422,310.2699890136719
2025-07-25 00:00:00+00:00,563.068603515625,26.29206085205078,90.22775268554688,307.3999938964844
2025-07-28 00:00:00+00:00,564.828369140625,26.59182357788086,90.02774810791016,305.4100036621094
2025-07-29 00:00:00+00:00,563.9534301757812,26.65951156616211,90.61821746826172,306.25
2025-07-30 00:00:00+00:00,564.708984375,26.920595169067383,90.30394744873047,300.9599914550781
2025-07-31 00:00:00+00:00,561.716552734375,26.978612899780273,90.38014221191406,302.9599914550781
2025-08-01 00:00:00+00:00,550.6513671875,26.65951156616211,91.4206771850586,309.1099853515625
2025-08-04 00:00:00+00:00,560.8118286132812,26.64984130859375,91.54486083984375,310.9100036621094
2025-08-05 00:00:00+00:00,557.004150390625,26.64984130859375,91.47798919677734,311.1600036621094
2025-08-06 00:00:00+00:00,564.0130615234375,26.49512481689453,91.41110229492188,310.5
2025-08-07 00:00:00+00:00,565.9218139648438,26.475786209106445,91.3442153930664,313.1199951171875
2025-08-08 00:00:00+00:00,571.200927734375,26.52413558959961,91.1340103149414,313.04998779296875
2025-08-11 00:00:00+00:00,569.5108032226562,26.630502700805664,91.1626968383789,308.54998779296875
2025-08-12 00:00:00+00:00,576.6688842773438,26.49512481689453,91.1435775756836,308.2699890136719
2025-08-13 00:00:00+00:00,576.9571533203125,26.42743682861328,91.46843719482422,309.2099914550781
2025-08-14 00:00:00+00:00,576.5098266601562,26.52413558959961,91.1722412109375,307.25
2025-08-15 00:00:00+00:00,573.9746704101562,26.43710708618164,90.9906997680664,307.42999267578125
2025-08-18 00:00:00+00:00,573.7459716796875,26.50479507446289,90.90470123291016,306.95001220703125
2025-08-19 00:00:00+00:00,565.961669921875,26.57248306274414,91.1340103149414,305.2699890136719
2025-08-20 00:00:00+00:00,562.6013793945312,26.553142547607422,91.26778411865234,308.3599853515625
2025-08-21 00:00:00+00:00,559.9966430664062,26.688520431518555,91.000244140625,307.2900085449219
2025-08-22 00:00:00+00:00,568.6359252929688,26.42743682861328,91.50665283203125,310.5799865722656
2025-08-25 00:00:00+00:00,566.99560546875,26.64017105102539,91.32511901855469,309.8299865722656
2025-08-26 00:00:00+00:00,569.2721557617188,26.57248306274414,91.56399536132812,312.0799865722656
2025-08-27 00:00:00+00:00,570.1470947265625,26.5821533203125,91.7359848022461,312.7099914550781
2025-08-28 00:00:00+00:00,573.7161865234375,26.485454559326172,91.9461669921875,315.0299987792969
2025-08-29 00:00:00+00:00,567.0751342773438,26.46611785888672,91.86974334716797,318.07000732421875
2025-09-02 00:00:00+00:00,562.3229370117188,26.64017105102539,91.59556579589844,325.5899963378906
2025-09-03 00:00:00+00:00,566.7470092773438,26.59182357788086,91.91191101074219,328.1400146484375
2025-09-04 00:00:00+00:00,571.876953125,26.630502700805664,92.32411193847656,326.69000244140625
2025-09-05 00:00:00+00:00,572.7021484375,26.49512481689453,92.77467346191406,331.04998779296875
2025-09-08 00:00:00+00:00,575.4957885742188,26.408098220825195,93.06226348876953,334.82000732421875
2025-09-09 00:00:00+00:00,577.1261596679688,26.51446533203125,92.84175872802734,334.05999755859375
2025-09-10 00:00:00+00:00,577.3150634765625,26.53380584716797,93.09102630615234,335.260009765625
2025-09-11 00:00:00+00:00,580.6753540039062,26.44677734375,93.23482513427734,334.760009765625
2025-09-12 00:00:00+00:00,583.2403564453125,26.485454559326172,92.96639251708984,335.4200134277344
2025-09-15 00:00:00+00:00,588.2310180664062,26.398427963256836,93.11976623535156,338.9100036621094
2025-09-16 00:00:00+00:00,587.73388671875,26.234041213989258,93.17727661132812,339.5899963378906
2025-09-17 00:00:00+00:00,586.5608520507812,26.321069717407227,92.97595977783203,336.9700012207031
2025-09-18 00:00:00+00:00,591.849853515625,26.44677734375,92.66922760009766,335.6199951171875
2025-09-19 00:00:00+00:00,595.8562622070312,26.52413558959961,92.6308822631836,339.17999267578125
2025-09-22 00:00:00+00:00,599.3837890625,26.42743682861328,92.47750091552734,345.04998779296875
2025-09-23 00:00:00+00:00,595.4025268554688,26.408098220825195,92.73631286621094,346.4599914550781
2025-09-24 00:00:00+00:00,593.3123168945312,26.60149383544922,92.4870834350586,343.32000732421875
2025-09-25 00:00:00+00:00,590.7543334960938,26.785219192504883,92.28578186035156,344.75
2025-09-26 00:00:00+00:00,593.1829223632812,26.688520431518555,92.23784637451172,346.739990234375
2025-09-29 00:00:00+00:00,595.9299926757812,26.630502700805664,92.5062484741211,352.4599914550781
2025-09-30 00:00:00+00:00,597.5623168945312,26.60149383544922,92.4679183959961,355.4700012207031
2025-10-01 00:00:00+00:00,600.4288330078125,26.59182357788086,92.7794418334961,356.0299987792969
2025-10-02 00:00:00+00:00,602.8972778320312,26.630502700805664,92.87560272216797,354.7900085449219
2025-10-03 00:00:00+00:00,600.3591918945312,26.5821533203125,92.69292449951172,357.6400146484375
2025-10-06 00:00:00+00:00,604.8679809570312,26.707860946655273,92.4236831665039,364.3800048828125
2025-10-07 00:00:00+00:00,601.6830444335938,26.862577438354492,92.65446472167969,366.260009765625
2025-10-08 00:00:00+00:00,608.58056640625,26.920595169067383,92.67367553710938,372.29998779296875
2025-10-09 00:00:00+00:00,607.8440551757812,27.104320526123047,92.60637664794922,365.42999267578125
2025-10-10 00:00:00+00:00,586.7432250976562,26.968942642211914,93.18331146240234,369.1199951171875
2025-10-13 00:00:00+00:00,599.1946411132812,27.065641403198242,93.23137664794922,378.0899963378906
2025-10-14 00:00:00+00:00,595.2034301757812,26.988283157348633,93.47177124023438,380.7900085449219
2025-10-15 00:00:00+00:00,599.4036865234375,26.910924911499023,93.36598205566406,387.3900146484375
2025-10-16 00:00:00+00:00,597.1841430664062,26.80455780029297,93.79869079589844,396.45001220703125
2025-10-17 00:00:00+00:00,601.105712890625,26.833566665649414,93.64485168457031,388.989990234375
2025-10-20 00:00:00+00:00,608.6800537109375,26.901254653930664,93.76985168457031,403.1499938964844
2025-10-21 00:00:00+00:00,608.5208740234375,27.00762367248535,93.94293212890625,377.239990234375
2025-10-22 00:00:00+00:00,602.6583862304688,26.978612899780273,93.962158203125,377.2799987792969
2025-10-23 00:00:00+00:00,607.7246704101562,26.988283157348633,93.65445709228516,378.7900085449219
2025-10-24 00:00:00+00:00,614.214111328125,26.988283157348633,93.7409896850586,377.5199890136719
2025-10-27 00:00:00+00:00,625.1527709960938,26.959272384643555,93.7409896850586,367.010009765625
2025-10-28 00:00:00+00:00,629.9600830078125,26.9399356842041,93.82752990722656,364.3800048828125
2025-10-29 00:00:00+00:00,632.7968139648438,27.094650268554688,93.22176361083984,363.0
2025-10-30 00:00:00+00:00,623.1222534179688,27.201017379760742,93.0871353149414,370.1300048828125
2025-10-31 00:00:00+00:00,626.1280517578125,27.27837562561035,93.1256103515625,368.1199951171875
2025-11-03 00:00:00+00:00,629.1240234375,27.297714233398438,93.08125305175781,368.7799987792969
2025-11-04 00:00:00+00:00,616.3540649414062,27.384742736816406,93.1969985961914,362.32000732421875
2025-11-05 00:00:00+00:00,620.365234375,27.394412994384766,92.75328826904297,366.510009765625
2025-11-06 00:00:00+00:00,608.8095092773438,27.249366760253906,93.2259292602539,366.07000732421875
2025-11-07 00:00:00+00:00,606.8885498046875,27.230026245117188,93.26451110839844,368.30999755859375
2025-11-10 00:00:00+00:00,620.3154296875,27.249366760253906,93.13911437988281,378.3800048828125
2025-11-11 00:00:00+00:00,618.6632080078125,27.2106876373291,93.4284896850586,379.8699951171875
2025-11-12 00:00:00+00:00,618.175537109375,27.220355987548828,93.4477767944336,385.989990234375
2025-11-13 00:00:00+00:00,605.5548706054688,27.14299964904785,93.17769622802734,382.8699951171875
2025-11-14 00:00:00+00:00,606.0125732421875,27.181678771972656,93.02336883544922,375.9599914550781
2025-11-17 00:00:00+00:00,600.8369140625,27.249366760253906,93.12947845458984,371.6499938964844
2025-11-18 00:00:00+00:00,593.5213012695312,27.27837562561035,93.28380584716797,374.3500061035156
2025-11-19 00:00:00+00:00,597.0646362304688,27.452430725097656,93.2162857055664,374.9599914550781
2025-11-20 00:00:00+00:00,582.9310913085938,27.471771240234375,93.43814086914062,374.8500061035156
2025-11-21 00:00:00+00:00,587.3104858398438,27.452430725097656,93.7468032836914,374.2699890136719
2025-11-24 00:00:00+00:00,602.3299560546875,27.452430725097656,93.89148712158203,380.20001220703125
2025-11-25 00:00:00+00:00,606.04248046875,27.375072479248047,94.13261413574219,380.0799865722656
2025-11-26 00:00:00+00:00,611.3973388671875,27.297714233398438,94.20978546142578,383.1199951171875
2025-11-28 00:00:00+00:00,616.3540649414062,27.27837562561035,94.04580688476562,387.8800048828125
2025-12-01 00:00:00+00:00,614.2837524414062,27.268707275390625,93.54080963134766,389.75
2025-12-02 00:00:00+00:00,619.0911865234375,27.259037017822266,93.61820220947266,387.239990234375
2025-12-03 00:00:00+00:00,620.6041259765625,27.123659133911133,93.81169128417969,386.8800048828125
2025-12-04 00:00:00+00:00,620.02685546875,27.181678771972656,93.52146911621094,387.1300048828125
2025-12-05 00:00:00+00:00,622.5548706054688,27.152667999267578,93.32799530029297,386.44000244140625
2025-12-08 00:00:00+00:00,621.3605346679688,27.191349029541016,93.13449096679688,385.4200134277344
2025-12-09 00:00:00+00:00,622.1268920898438,27.230026245117188,92.99905395507812,387.3999938964844
2025-12-10 00:00:00+00:00,624.6749267578125,27.084980010986328,93.29895782470703,389.04998779296875
2025-12-11 00:00:00+00:00,622.6544799804688,26.988283157348633,93.3086166381836,393.239990234375
2025-12-12 00:00:00+00:00,610.7503662109375,27.026962280273438,93.05711364746094,395.44000244140625
2025-12-15 00:00:00+00:00,607.6847534179688,27.00762367248535,93.13449096679688,395.79998779296875
2025-12-16 00:00:00+00:00,608.8890991210938,26.978612899780273,93.39569854736328,395.8900146484375
2025-12-17 00:00:00+00:00,597.60205078125,27.036630630493164,93.37635040283203,399.2900085449219
2025-12-18 00:00:00+00:00,606.261474609375,27.055971145629883,93.61820220947266,398.57000732421875
2025-12-19 00:00:00+00:00,614.1643676757812,27.14299964904785,93.4075927734375,399.0199890136719
2025-12-22 00:00:00+00:00,617.1082763671875,27.030000686645508,93.31053161621094,408.2300109863281
2025-12-23 00:00:00+00:00,619.9984130859375,26.940000534057617,93.27171325683594,413.6400146484375
2025-12-24 00:00:00+00:00,621.812255859375,26.950000762939453,93.51435852050781,411.92999267578125
2025-12-26 00:00:00+00:00,621.7724609375,26.969999313354492,93.6017074584961,416.739990234375
2025-12-29 00:00:00+00:00,618.7626342773438,26.979999542236328,93.73759460449219,398.6000061035156
2025-12-30 00:00:00+00:00,617.3275146484375,27.049999237060547,93.6405258178711,398.8900146484375
2025-12-31 00:00:00+00:00,612.2249145507812,27.030000686645508,93.32994842529297,396.30999755859375
2026-01-02 00:00:00+00:00,611.0389404296875,27.110000610351562,93.25230407714844,398.2799987792969
2026-01-05 00:00:00+00:00,615.8923950195312,27.06999969482422,93.53377532958984,408.760009765625
2026-01-06 00:00:00+00:00,621.3040161132812,27.15999984741211,93.46583557128906,413.17999267578125
2026-01-07 00:00:00+00:00,621.9020385742188,27.200000762939453,93.6405258178711,409.2300109863281
2026-01-08 00:00:00+00:00,618.364013671875,27.270000457763672,93.35907745361328,411.489990234375
2026-01-09 00:00:00+00:00,624.5230712890625,27.329999923706055,93.46583557128906,414.4700012207031
2026-01-12 00:00:00+00:00,625.041259765625,27.280000686645508,93.34935760498047,422.2300109863281
2026-01-13 00:00:00+00:00,624.1144409179688,27.350000381469727,93.46583557128906,421.6300048828125
2026-01-14 00:00:00+00:00,617.4471435546875,27.329999923706055,93.65995025634766,425.94000244140625
2026-01-15 00:00:00+00:00,619.6696166992188,27.43000030517578,93.46583557128906,423.3299865722656
2026-01-16 00:00:00+00:00,619.1513671875,27.43000030517578,93.10671997070312,421.2900085449219
2026-01-20 00:00:00+00:00,605.9961547851562,27.209999084472656,92.7378921508789,437.2300109863281
2026-01-21 00:00:00+00:00,614.188232421875,27.270000457763672,92.98054504394531,443.6000061035156
2026-01-22 00:00:00+00:00,618.6530151367188,27.149999618530273,92.9708480834961,451.7900085449219
2026-01-23 00:00:00+00:00,620.6063842773438,26.90999984741211,93.12612915039062,458.0
2026-01-26 00:00:00+00:00,623.3370971679688,26.780000686645508,93.26200103759766,464.70001220703125
2026-01-27 00:00:00+00:00,628.9878540039062,26.469999313354492,93.1552505493164,476.1000061035156
2026-01-28 00:00:00+00:00,631.0706787109375,26.6299991607666,93.07760620117188,494.55999755859375
2026-01-29 00:00:00+00:00,627.2935791015625,26.59000015258789,93.1746597290039,495.8999938964844
2026-01-30 00:00:00+00:00,619.7592163085938,26.850000381469727,93.11642456054688,444.95001220703125
2026-02-02 00:00:00+00:00,624.0148315429688,26.989999771118164,92.93335723876953,427.1300048828125
2026-02-03 00:00:00+00:00,614.4274291992188,26.920000076293945,93.02098846435547,454.2900085449219
2026-02-04 00:00:00+00:00,603.6939086914062,27.010000228881836,93.00152587890625,453.9700012207031
2026-02-05 00:00:00+00:00,595.0036010742188,27.09000015258789,93.54680633544922,441.8800048828125
2026-02-06 00:00:00+00:00,607.5807495117188,27.010000228881836,93.54680633544922,455.4599914550781
2026-02-09 00:00:00+00:00,612.2349243164062,26.790000915527344,93.56629180908203,467.0299987792969
2026-02-10 00:00:00+00:00,609.39453125,26.799999237060547,93.97525787353516,462.3999938964844
2026-02-11 00:00:00+00:00,611.0289916992188,26.829999923706055,93.71234893798828,467.6300048828125
2026-02-12 00:00:00+00:00,598.601318359375,26.81999969482422,94.28685760498047,451.3900146484375
2026-02-13 00:00:00+00:00,599.876953125,26.81999969482422,94.65686798095703,462.6199951171875
2026-02-17 00:00:00+00:00,599.259033203125,26.90999984741211,94.64714050292969,448.20001220703125
2026-02-18 00:00:00+00:00,603.73388671875,27.079999923706055,94.452392578125,458.2799987792969
2026-02-19 00:00:00+00:00,601.421630859375,27.1200008392334,94.54003143310547,459.55999755859375
2026-02-20 00:00:00+00:00,606.7435302734375,27.09000015258789,94.54003143310547,468.6199951171875
2026-02-23 00:00:00+00:00,599.36865234375,27.09000015258789,94.88082885742188,481.2799987792969
2026-02-24 00:00:00+00:00,605.8067626953125,27.110000610351562,94.86136627197266,474.6099853515625
2026-02-25 00:00:00+00:00,614.5868530273438,27.079999923706055,94.78345489501953,473.4200134277344
2026-02-26 00:00:00+00:00,607.172119140625,27.100000381469727,95.03663635253906,477.4800109863281
2026-02-27 00:00:00+00:00,605.228759765625,27.079999923706055,95.41638946533203,483.75
2026-03-02 00:00:00+00:00,606.0260620117188,27.329999923706055,94.8431625366211,490.0
2026-03-03 00:00:00+00:00,599.5380859375,27.459999084472656,94.73572540283203,468.1400146484375
2026-03-04 00:00:00+00:00,608.6769409179688,27.40999984741211,94.5404052734375,471.79998779296875
2026-03-05 00:00:00+00:00,606.84326171875,27.479999542236328,94.24745178222656,466.1300048828125
2026-03-06 00:00:00+00:00,597.71435546875,27.469999313354492,94.18883514404297,473.510009765625
2026-03-09 00:00:00+00:00,605.6971435546875,27.459999084472656,94.4818115234375,472.5299987792969
2026-03-10 00:00:00+00:00,605.7071533203125,27.450000762939453,94.1791000366211,477.8599853515625
2026-03-11 00:00:00+00:00,605.6273193359375,27.549999237060547,93.74939727783203,476.239990234375
2026-03-12 00:00:00+00:00,595.2327880859375,27.68000030517578,93.44667053222656,466.8800048828125
2026-03-13 00:00:00+00:00,591.7047729492188,27.889999389648438,93.34901428222656,460.8399963378906
2026-03-16 00:00:00+00:00,598.3422241210938,27.729999542236328,93.76893615722656,460.42999267578125
2026-03-17 00:00:00+00:00,601.2622680664062,27.68000030517578,93.9349594116211,459.2699890136719
2026-03-18 00:00:00+00:00,592.880859375,27.850000381469727,93.50526428222656,444.739990234375
2026-03-19 00:00:00+00:00,591.0072021484375,27.579999923706055,93.4954833984375,426.4100036621094
2026-03-20 00:00:00+00:00,580.0844116210938,27.68000030517578,92.65567016601562,413.3800048828125
2026-03-23 00:00:00+00:00,586.7431640625,27.559999465942383,92.94862365722656,404.0400085449219
2026-03-24 00:00:00+00:00,582.731689453125,27.649999618530273,92.6361312866211,404.1300048828125
2026-03-25 00:00:00+00:00,586.5635375976562,27.700000762939453,93.12439727783203,416.2900085449219
2026-03-26 00:00:00+00:00,572.5634765625,27.809999465942383,92.3724594116211,400.6400146484375
2026-03-27 00:00:00+00:00,561.3775024414062,27.84000015258789,92.3822250366211,414.70001220703125
2026-03-30 00:00:00+00:00,557.086669921875,27.979999542236328,93.03651428222656,414.5799865722656
2026-03-31 00:00:00+00:00,575.9462280273438,27.780000686645508,93.20252990722656,430.2900085449219
2026-04-01 00:00:00+00:00,583.06103515625,27.729999542236328,93.1212158203125,437.82000732421875
2026-04-02 00:00:00+00:00,583.7295532226562,27.860000610351562,93.33676147460938,429.4100036621094
2026-04-06 00:00:00+00:00,587.2420654296875,27.829999923706055,93.0918197631836,427.6499938964844
2026-04-07 00:00:00+00:00,587.3319091796875,27.75,93.32696533203125,431.80999755859375
2026-04-08 00:00:00+00:00,604.7944946289062,27.530000686645508,93.53273010253906,434.5299987792969
2026-04-09 00:00:00+00:00,608.8857421875,27.479999542236328,93.50334167480469,437.9100036621094
2026-04-10 00:00:00+00:00,609.7638549804688,27.440000534057617,93.34656524658203,437.1300048828125
2026-04-13 00:00:00+00:00,616.0703125,27.3799991607666,93.55233001708984,435.3599853515625
2026-04-14 00:00:00+00:00,627.2562866210938,27.31999969482422,93.85607147216797,445.0899963378906
2026-04-15 00:00:00+00:00,636.0375366210938,27.290000915527344,93.65029907226562,440.4599914550781
2026-04-16 00:00:00+00:00,639.1009521484375,27.3700008392334,93.4837417602539,440.0799865722656
2026-04-17 00:00:00+00:00,647.4630126953125,27.360000610351562,93.99324035644531,445.92999267578125
2026-04-20 00:00:00+00:00,645.4074096679688,27.31999969482422,93.90505981445312,442.0899963378906
2026-04-21 00:00:00+00:00,642.9526977539062,27.469999313354492,93.4935302734375,429.57000732421875
2026-04-22 00:00:00+00:00,653.709716796875,27.479999542236328,93.59151458740234,435.260009765625
2026-04-23 00:00:00+00:00,650.0275268554688,27.530000686645508,93.44454193115234,431.0400085449219
2026-04-24 00:00:00+00:00,662.4609375,27.479999542236328,93.6307144165039,433.25
2026-04-27 00:00:00+00:00,662.8101806640625,27.450000762939453,93.41514587402344,429.8900146484375
2026-04-28 00:00:00+00:00,656.1444702148438,27.530000686645508,93.32696533203125,421.9100036621094
2026-04-29 00:00:00+00:00,660.1558837890625,27.610000610351562,92.88604736328125,417.4100036621094
2026-04-30 00:00:00+00:00,666.3126220703125,27.360000610351562,93.06242370605469,423.6600036621094
2026-05-01 00:00:00+00:00,672.708984375,27.40999984741211,93.1332015991211,423.17999267578125
2026-05-04 00:00:00+00:00,671.4417114257812,27.479999542236328,92.78913879394531,414.7099914550781
2026-05-05 00:00:00+00:00,680.1530151367188,27.5,92.9267578125,418.2699890136719
2026-05-06 00:00:00+00:00,694.2827758789062,27.350000381469727,93.3887939453125,430.9599914550781
2026-05-07 00:00:00+00:00,693.4545288085938,27.40999984741211,93.10371398925781,431.67999267578125
2026-05-08 00:00:00+00:00,709.709716796875,27.34000015258789,93.3494644165039,433.7699890136719
2026-05-11 00:00:00+00:00,711.7652587890625,27.350000381469727,93.0348892211914,434.6499938964844
2026-05-12 00:00:00+00:00,705.7282104492188,27.450000762939453,92.72032165527344,432.92999267578125
2026-05-13 00:00:00+00:00,713.1823120117188,27.510000228881836,92.72032165527344,430.5
2026-05-14 00:00:00+00:00,718.2514038085938,27.6200008392334,92.66133880615234,427.2099914550781
2026-05-15 00:00:00+00:00,707.4146728515625,27.770000457763672,91.92406463623047,417.2900085449219
2026-05-18 00:00:00+00:00,704.3711547851562,27.700000762939453,91.88473510742188,418.42999267578125
2026-05-19 00:00:00+00:00,700.030517578125,27.790000915527344,91.53083801269531,411.5
2026-05-20 00:00:00+00:00,711.6256713867188,27.729999542236328,92.15016174316406,417.3999938964844
2026-05-21 00:00:00+00:00,712.9827270507812,27.729999542236328,92.20915222167969,416.989990234375
2026-05-22 00:00:00+00:00,716.0062255859375,27.770000457763672,92.28778076171875,413.82000732421875
2026-05-26 00:00:00+00:00,728.7190551757812,27.75,92.68099975585938,414.0
2026-05-27 00:00:00+00:00,727.8908081054688,27.75,92.72032165527344,408.489990234375
2026-05-28 00:00:00+00:00,734.027587890625,27.700000762939453,92.93659210205078,412.7699890136719
2026-05-29 00:00:00+00:00,736.7318115234375,27.65999984741211,93.04473114013672,417.1199951171875
2026-06-01 00:00:00+00:00,741.1524047851562,27.760000228881836,92.88394927978516,411.260009765625
2026-06-02 00:00:00+00:00,744.5650024414062,27.760000228881836,92.95299530029297,411.95001220703125
2026-06-03 00:00:00+00:00,742.6192626953125,27.860000610351562,92.71627807617188,407.8699951171875
2026-06-04 00:00:00+00:00,739.0269165039062,27.84000015258789,92.83464050292969,411.2699890136719
2026-06-05 00:00:00+00:00,703.5529174804688,28.020000457763672,92.34146881103516,396.239990234375
2026-06-08 00:00:00+00:00,714.5393676757812,28.030000686645508,92.24282836914062,397.2699890136719
2026-06-09 00:00:00+00:00,706.3169555664062,28.010000228881836,92.49928283691406,390.7799987792969
2026-06-10 00:00:00+00:00,692.2072143554688,28.049999237060547,92.41050720214844,374.5799865722656
2026-06-11 00:00:00+00:00,715.5870971679688,27.950000762939453,93.05162811279297,386.32000732421875
2026-06-12 00:00:00+00:00,719.798095703125,27.950000762939453,92.89381408691406,386.5400085449219
2026-06-15 00:00:00+00:00,742.40966796875,27.969999313354492,92.99244689941406,396.54998779296875
2026-06-16 00:00:00+00:00,728.2998657226562,27.93000030517578,93.22917175292969,397.6300048828125
2026-06-17 00:00:00+00:00,720.965576171875,28.18000030517578,92.73599243164062,388.6000061035156
2026-06-18 00:00:00+00:00,739.0369262695312,28.299999237060547,93.07135772705078,387.1199951171875
2026-06-22 00:00:00+00:00,737.1818237304688,28.360000610351562,92.71627807617188,384.5899963378906
2026-06-23 00:00:00+00:00,712.9071655273438,28.450000762939453,92.83464050292969,377.32000732421875
2026-06-24 00:00:00+00:00,709.8803100585938,28.530000686645508,93.43630981445312,365.9200134277344
2026-06-25 00:00:00+00:00,715.63427734375,28.479999542236328,93.4954833984375,369.4599914550781
2026-06-26 00:00:00+00:00,705.7846069335938,28.459999084472656,93.73220825195312,373.6300048828125
2026-06-29 00:00:00+00:00,723.3262939453125,28.3700008392334,93.76179504394531,368.5799865722656
2026-06-30 00:00:00+00:00,735.6334838867188,28.40999984741211,93.27849578857422,368.3800048828125
2026-07-01 00:00:00+00:00,724.4151000976562,28.489999771118164,93.05187225341797,370.6000061035156
2026-07-02 00:00:00+00:00,711.8582153320312,28.34000015258789,93.14093780517578,378.1300048828125
2026-07-06 00:00:00+00:00,722.067626953125,28.31999969482422,93.20030975341797,382.1300048828125
2026-07-07 00:00:00+00:00,708.6915283203125,28.399999618530273,92.72529602050781,377.489990234375
2026-07-08 00:00:00+00:00,710.699462890625,28.360000610351562,92.53728485107422,374.45001220703125
2026-07-09 00:00:00+00:00,722.5271606445312,28.360000610351562,92.7352066040039,378.17999267578125
2026-07-10 00:00:00+00:00,724.7548217773438,28.389999389648438,92.6560287475586,377.010009765625
2026-07-13 00:00:00+00:00,710.9990844726562,28.5,92.31957244873047,367.1300048828125
2026-07-14 00:00:00+00:00,718.9408569335938,28.389999389648438,92.57686614990234,372.1499938964844
2026-07-15 00:00:00+00:00,716.9928588867188,28.25,92.80447387695312,372.3500061035156
2026-07-16 00:00:00+00:00,705.2051391601562,28.34000015258789,92.7450942993164,364.9599914550781
2026-07-17 00:00:00+00:00,694.606201171875,28.329999923706055,92.86384582519531,368.4100036621094
2026-07-20 00:00:00+00:00,695.33544921875,28.389999389648438,92.56697845458984,367.6000061035156
2026-07-21 00:00:00+00:00,708.2319946289062,28.479999542236328,92.33936309814453,374.80999755859375
2026-07-22 00:00:00+00:00,704.61572265625,28.450000762939453,92.13154602050781,379.1199951171875
2026-07-23 00:00:00+00:00,691.23974609375,28.559999465942383,91.88414001464844,371.5199890136719
2026-07-24 00:00:00+00:00,683.5177612304688,28.579999923706055,92.0622787475586,371.8999938964844
2026-07-27 00:00:00+00:00,681.4099731445312,28.600000381469727,92.30967712402344,374.6300048828125
2026-07-28 00:00:00+00:00,674.786865234375,28.579999923706055,92.58676147460938,369.3699951171875
2026-07-29 00:00:00+00:00,661.0411376953125,28.420000076293945,92.20081329345703,371.0799865722656
2026-07-30 00:00:00+00:00,682.8384399414062,28.139999389648438,92.24039459228516,377.1600036621094
2026-07-31 00:00:00+00:00,687.2738647460938,28.170000076293945,91.98310089111328,371.5400085449219
2026-08-03 00:00:00+00:00,699.34130859375,28.170000076293945,92.16978454589844,371.7099914550781
2026-08-04 00:00:00+00:00,723.0964965820312,28.15999984741211,92.5967788696289,374.1600036621094
2026-08-05 00:00:00+00:00,716.5533447265625,28.09000015258789,92.6563491821289,389.6400146484375
2026-08-06 00:00:00+00:00,713.9061279296875,28.190000534057617,92.29887390136719,389.6700134277344
2026-08-07 00:00:00+00:00,722.2774047851562,28.06999969482422,92.517333984375,398.4700012207031
2026-08-10 00:00:00+00:00,720.11962890625,28.139999389648438,92.11021423339844,402.5400085449219
2026-08-11 00:00:00+00:00,717.7021484375,28.139999389648438,92.21944427490234,400.9599914550781
2026-08-12 00:00:00+00:00,722.9467163085938,28.200000762939453,92.30880737304688,404.9200134277344
2026-08-13 00:00:00+00:00,731.3079833984375,28.18000030517578,92.64643096923828,398.9599914550781
2026-08-14 00:00:00+00:00,730.3090209960938,28.110000610351562,92.38824462890625,401.4800109863281
2026-08-17 00:00:00+00:00,729.1102294921875,28.100000381469727,92.18964385986328,405.489990234375
2026-08-18 00:00:00+00:00,716.7631225585938,28.139999389648438,92.27902221679688,398.54998779296875
2026-08-19 00:00:00+00:00,715.3345947265625,27.8799991607666,92.72586822509766,413.8399963378906
2026-08-20 00:00:00+00:00,710.18994140625,27.90999984741211,92.34852600097656,415.260009765625
2026-08-21 00:00:00+00:00,712.6973876953125,27.899999618530273,92.16978454589844,423.3599853515625
2026-08-24 00:00:00+00:00,705.5847778320312,27.959999084472656,92.35845947265625,426.69000244140625
2026-08-25 00:00:00+00:00,709.9801635742188,27.940000534057617,92.8549575805664,428.07000732421875
2026-08-26 00:00:00+00:00,710.6295166015625,28.020000457763672,92.66629028320312,421.32000732421875
2026-08-27 00:00:00+00:00,720.359375,28.020000457763672,92.57691955566406,422.6000061035156
2026-08-28 00:00:00+00:00,715.6842651367188,28.18000030517578,92.19957733154297,408.8900146484375
2026-08-31 00:00:00+00:00,716.013916015625,28.1200008392334,92.09034729003906,408.4200134277344
2026-09-01 00:00:00+00:00,706.9033813476562,28.209999084472656,91.78340911865234,396.75
2026-09-02 00:00:00+00:00,708.501708984375,28.170000076293945,91.8631362915039,402.7799987792969
2026-09-03 00:00:00+00:00,716.9229125976562,28.010000228881836,91.9627914428711,410.2200012207031
2026-09-04 00:00:00+00:00,718.2116088867188,28.079999923706055,91.93289184570312,406.7699890136719
2026-09-08 00:00:00+00:00,717.6122436523438,27.989999771118164,91.84320831298828,399.7200012207031
2026-09-09 00:00:00+00:00,715.5643920898438,27.979999542236328,91.58409881591797,403.3500061035156
2026-09-10 00:00:00+00:00,707.9523315429688,28.030000686645508,90.86656951904297,396.3599853515625
2026-09-11 00:00:00+00:00,714.1358642578125,28.06999969482422,90.69715881347656,398.7699890136719
2026-09-14 00:00:00+00:00,708.4417724609375,28.170000076293945,90.617431640625,392.8399963378906
2026-09-15 00:00:00+00:00,703.8065795898438,28.219999313354492,90.5078125,394.1499938964844
2026-09-16 00:00:00+00:00,703.9863891601562,28.399999618530273,90.41812133789062,391.739990234375
2026-09-17 00:00:00+00:00,716.1737060546875,28.3799991607666,90.93633270263672,398.3599853515625
2026-09-18 00:00:00+00:00,720.6990356445312,28.389999389648438,90.48788452148438,401.1700134277344
2026-09-21 00:00:00+00:00,741.469970703125,28.479999542236328,90.83667755126953,398.3800048828125
2026-09-22 00:00:00+00:00,747.4600219726562,28.479999542236328,90.84664154052734,400.07000732421875
2026-09-23 00:00:00+00:00,741.2100219726562,28.649999618530273,89.87997436523438,392.8800048828125
2026-09-24 00:00:00+00:00,741.0999755859375,28.690000534057617,89.38169860839844,391.69000244140625
2026-09-25 00:00:00+00:00,744.5,28.6200008392334,89.69062805175781,393.4100036621094
2026-09-28 00:00:00+00:00,736.530029296875,28.700000762939453,89.22224426269531,377.9100036621094
2026-09-29 00:00:00+00:00,737.9299926757812,28.75,89.14251708984375,382.8900146484375
2026-09-30 00:00:00+00:00,739.77001953125,28.770000457763672,89.00299835205078,380.8399963378906
2026-10-01 00:00:00+00:00,742.030029296875,28.959999084472656,89.30000305175781,382.760009765625
