,AdrActCnt,TxCnt,HashRate,CapMVRVCur,FlowInExUSD,FlowOutExUSD
2017-01-01 00:00:00+00:00,466889.0,178054.0,2463610.66220954,2.30193946,33093155.270190734,26423301.142006237
2017-01-02 00:00:00+00:00,695006.0,289705.0,2510987.79032895,2.33524167,52117235.30418339,44414426.31929614
2017-01-03 00:00:00+00:00,665048.0,309610.0,2589949.67052797,2.35770988,69789793.02834487,56288047.97345499
2017-01-04 00:00:00+00:00,695057.0,326406.0,2416233.53409012,2.55770131,116665519.66476703,88839505.88100393
2017-01-05 00:00:00+00:00,652932.0,290836.0,2210932.64557266,2.23704042,120589998.56243508,120521999.36987442
2017-01-06 00:00:00+00:00,718728.0,344354.0,2542572.54240856,2.00164999,79323492.84828167,105387331.62757005
2017-01-07 00:00:00+00:00,641049.0,281650.0,2179347.89349305,2.0252978,61587116.64965389,60604807.622810334
2017-01-08 00:00:00+00:00,594176.0,256747.0,2637326.79864739,2.04304794,41403488.84521764,41576374.45415802
2017-01-09 00:00:00+00:00,615967.0,274558.0,2147763.14141344,2.02053011,50962311.70636029,51593499.409621924
2017-01-10 00:00:00+00:00,698656.0,321863.0,2545880.37552233,2.02492109,56441239.03969318,64418364.742033295
2017-01-11 00:00:00+00:00,639505.0,305027.0,2562350.134115,1.76845775,112121185.31397863,101318392.87251948
2017-01-12 00:00:00+00:00,607660.0,287002.0,2880550.47756719,1.81077416,66800841.945509546,73788951.62407362
2017-01-13 00:00:00+00:00,601486.0,279226.0,2512107.97462255,1.85366729,44722373.517599076,62991964.73636224
2017-01-14 00:00:00+00:00,595768.0,244189.0,2880550.47756719,1.83889611,31619839.20749202,37642312.01772677
2017-01-15 00:00:00+00:00,540189.0,228460.0,2796813.54507977,1.84823542,28021553.064967345,26890210.602123145
2017-01-16 00:00:00+00:00,642798.0,273717.0,2830308.31807474,1.86155157,38854436.22450081,44330564.344494455
2017-01-17 00:00:00+00:00,652459.0,287927.0,2646087.06660242,2.0228738,59521791.06346417,58636521.0529895
2017-01-18 00:00:00+00:00,651983.0,300621.0,2512107.97462255,1.96641888,49248142.46611085,56945587.32158417
2017-01-19 00:00:00+00:00,687454.0,301202.0,2914045.25056216,2.01003826,45157540.46998133,52017049.24994593
2017-01-20 00:00:00+00:00,659337.0,297795.0,3165256.04802441,1.99263298,51161204.447207555,57765126.40936745
2017-01-21 00:00:00+00:00,629947.0,259231.0,3031276.95604454,2.05421871,32230042.682758827,33706611.985196374
2017-01-22 00:00:00+00:00,572531.0,238139.0,2950275.25252868,2.04635127,31259793.09374965,36979673.612809114
2017-01-23 00:00:00+00:00,619539.0,232043.0,2695734.74214349,2.03609568,45925831.32679767,45460621.45692355
2017-01-24 00:00:00+00:00,724707.0,281463.0,2910612.14912595,1.96451725,41032443.59406734,43584147.73239239
2017-01-25 00:00:00+00:00,707539.0,307727.0,2910612.14912595,1.97868447,39454419.460521705,54081817.18257213
2017-01-26 00:00:00+00:00,719958.0,311685.0,3027818.00748001,2.02100235,36536205.24548519,39790790.5110441
2017-01-27 00:00:00+00:00,660526.0,261285.0,3320832.65336517,2.02710253,34010767.66948914,35913438.39645771
2017-01-28 00:00:00+00:00,669387.0,247025.0,2969215.07830298,2.03067894,21094024.15355898,19120891.96303769
2017-01-29 00:00:00+00:00,636175.0,240802.0,3262229.72418814,2.00928142,17674355.773757037,20252545.640006546
2017-01-30 00:00:00+00:00,649149.0,252820.0,2812940.60049756,2.01726706,26147050.501365054,26949102.98010785
2017-01-31 00:00:00+00:00,686217.0,310555.0,2832474.91022324,2.11732767,39395161.56059978,36396026.047241874
2017-02-01 00:00:00+00:00,780918.0,344963.0,3750587.46733008,2.1532295,45959704.018199176,45846043.69927019
2017-02-02 00:00:00+00:00,637933.0,258254.0,3066886.62693136,2.19051199,38445775.282427765,40341113.52519966
2017-02-03 00:00:00+00:00,713302.0,323167.0,2910612.14912595,2.19895326,51960200.12255736,51293275.68645855
2017-02-04 00:00:00+00:00,655245.0,285173.0,2824555.82436805,2.23392412,34547012.210882366,41661496.872170314
2017-02-05 00:00:00+00:00,694185.0,293960.0,3336807.82080876,2.18915215,27407457.64297641,32703010.841575023
2017-02-06 00:00:00+00:00,612564.0,227270.0,2623276.58868614,2.20253705,40635260.836479254,40050100.20737459
2017-02-07 00:00:00+00:00,721269.0,329143.0,3168918.11913285,2.25911131,47749996.83830171,48200954.46584314
2017-02-08 00:00:00+00:00,668157.0,308637.0,3063987.05558541,2.25075614,46005448.789591976,54546689.99405801
2017-02-09 00:00:00+00:00,753077.0,342842.0,3546669.94790366,2.10032332,87439743.79307559,68671205.11999488
2017-02-10 00:00:00+00:00,659353.0,304305.0,3084973.26829489,2.12395089,43203565.55939007,53473500.77747361
2017-02-11 00:00:00+00:00,623589.0,259144.0,2917083.56661898,2.15345527,31777626.55118638,27142407.996751964
2017-02-12 00:00:00+00:00,562366.0,233606.0,2938069.77932847,2.14002159,14432819.111757342,21076375.04532647
2017-02-13 00:00:00+00:00,674942.0,292905.0,3420752.67164672,2.12270941,36367645.18724792,36405240.280190475
2017-02-14 00:00:00+00:00,676693.0,315969.0,3546669.94790366,2.14502476,37856099.757630855,38881016.22757966
2017-02-15 00:00:00+00:00,630353.0,288117.0,2917083.56661898,2.14664641,29862575.452876907,32335054.866864573
2017-02-16 00:00:00+00:00,677760.0,291591.0,3168918.11913285,2.19057597,43380224.139313765,38220357.901574105
2017-02-17 00:00:00+00:00,697160.0,320136.0,3168918.11913285,2.22822443,35948908.664725624,29121042.00955371
2017-02-18 00:00:00+00:00,688930.0,282844.0,3254025.02653876,2.22851853,21319520.197464306,24482643.465475626
2017-02-19 00:00:00+00:00,592596.0,251635.0,2936112.56385841,2.22135058,18303023.529407233,40306953.733297884
2017-02-20 00:00:00+00:00,656025.0,282397.0,3242870.59291824,2.27876692,28645925.13109556,27012631.089076214
2017-02-21 00:00:00+00:00,644640.0,279162.0,3023757.71501836,2.35331243,46411799.81894809,37079267.315431364
2017-02-22 00:00:00+00:00,627239.0,279252.0,3023757.71501836,2.3431243,36936249.3964151,33405798.138835438
2017-02-23 00:00:00+00:00,702266.0,328502.0,3286693.16849821,2.45151251,57451784.88549463,44481431.40453497
2017-02-24 00:00:00+00:00,763642.0,343931.0,3571539.90976806,2.42731203,60336693.95875303,62425566.179795444
2017-02-25 00:00:00+00:00,741893.0,321609.0,3659185.06092801,2.35507801,32105447.383309577,30148567.56309529
2017-02-26 00:00:00+00:00,663264.0,271193.0,3900209.22661788,2.41199874,23705882.405556716,28387869.19242485
2017-02-27 00:00:00+00:00,661526.0,283200.0,3155225.44175829,2.42985611,36576519.79993702,33347555.66053414
2017-02-28 00:00:00+00:00,704366.0,327840.0,3352427.03186818,2.41245373,46547051.8800348,40264021.06155722
2017-03-01 00:00:00+00:00,680418.0,313728.0,3155225.44175829,2.48115883,49463029.83285678,46295902.84481941
2017-03-02 00:00:00+00:00,735015.0,330853.0,3440072.18302813,2.53571034,86275539.53491133,71011416.4375931
2017-03-03 00:00:00+00:00,732359.0,335165.0,3349345.38703688,2.57132568,86438358.05276701,71400270.13720632
2017-03-04 00:00:00+00:00,626694.0,267483.0,3023455.91166441,2.52422599,63612618.167711236,30497328.280500963
2017-03-05 00:00:00+00:00,695966.0,278466.0,3367030.44708082,2.53213829,34125851.86828513,35799807.17737252
2017-03-06 00:00:00+00:00,675606.0,287019.0,3252505.60194202,2.53275359,51023100.30961044,42640758.37148792
2017-03-07 00:00:00+00:00,738688.0,327507.0,3504460.26124739,2.43376828,56120529.78785726,52872701.53933996
2017-03-08 00:00:00+00:00,686030.0,298430.0,3252505.60194202,2.27006537,60715072.941064626,51023355.87975381
2017-03-09 00:00:00+00:00,705017.0,304802.0,3389935.41610858,2.34691879,48875112.29056041,41790276.81753158
2017-03-10 00:00:00+00:00,747049.0,307987.0,3573175.16833067,2.16260738,63622556.71627622,57367526.33537228
2017-03-11 00:00:00+00:00,690924.0,278371.0,3412840.38513634,2.31121876,50518635.32470038,60933271.64529425
2017-03-12 00:00:00+00:00,598360.0,221735.0,3550270.19930291,2.41252703,43021002.63682481,37018418.731291726
2017-03-13 00:00:00+00:00,681914.0,270973.0,3321220.5090253,2.41079093,63033577.37094768,72982662.71640405
2017-03-14 00:00:00+00:00,747825.0,313365.0,3573175.16833067,2.41809563,60326533.93439136,60672841.44272777
2017-03-15 00:00:00+00:00,673841.0,291717.0,3252505.60194202,2.43048179,72565650.72145104,63804792.62998297
2017-03-16 00:00:00+00:00,729304.0,323892.0,3504460.26124739,2.27079494,132399498.66210453,113099358.06036305
2017-03-17 00:00:00+00:00,711639.0,294408.0,3600869.26330221,2.07020764,133245793.67176516,108287801.53208348
2017-03-18 00:00:00+00:00,689478.0,263681.0,3712647.13922961,1.86260387,105371707.58219355,69159661.65009832
2017-03-19 00:00:00+00:00,664913.0,265099.0,3901826.61129226,1.97134108,62032372.762905054,55371669.97182182
2017-03-20 00:00:00+00:00,658172.0,281905.0,3216051.02506514,2.00477708,62625616.57250202,70211929.63111351
2017-03-21 00:00:00+00:00,686680.0,285044.0,3357935.62911213,2.1395375,71161097.23231412,72955672.95221232
2017-03-22 00:00:00+00:00,742361.0,316577.0,3759942.00724527,1.99485875,78125289.6802239,83895269.31279849
2017-03-23 00:00:00+00:00,680140.0,288453.0,3499820.23315912,1.97800188,63392556.307688795,66152128.97875286
2017-03-24 00:00:00+00:00,702675.0,287687.0,4161948.38537841,1.8009221,159295413.91771308,145935189.22105685
2017-03-25 00:00:00+00:00,622498.0,245888.0,3145108.72304164,1.86294639,71370910.89846598,76548072.12283777
2017-03-26 00:00:00+00:00,573816.0,214093.0,3925474.04530009,1.85054884,52079161.21757651,49890271.16635844
2017-03-27 00:00:00+00:00,610984.0,239466.0,3121461.28903381,1.99869446,83558876.28402023,87621974.30360863
2017-03-28 00:00:00+00:00,738882.0,294201.0,3665352.27121395,1.9993941,61803481.742614366,60550153.84812768
2017-03-29 00:00:00+00:00,677629.0,281428.0,3263345.8930808,1.98727297,55028088.496895395,69273591.73399183
2017-03-30 00:00:00+00:00,689337.0,286076.0,3942417.72740472,1.98163667,81842385.31055093,86425896.07469389
2017-03-31 00:00:00+00:00,634568.0,264354.0,3352999.96635802,2.0572416,100608137.42533773,91369794.97855015
2017-04-01 00:00:00+00:00,642373.0,255318.0,3278488.85599451,2.06862352,53614840.25991888,65620631.276581675
2017-04-02 00:00:00+00:00,648586.0,239768.0,3924251.81247828,2.09581972,72739367.4674186,72575442.18332216
2017-04-03 00:00:00+00:00,736529.0,291271.0,4371318.47465935,2.16252803,72327523.7036959,71205450.14004883
2017-04-04 00:00:00+00:00,634031.0,255190.0,3104629.59847965,2.15325451,65271996.92493643,87446216.33079351
2017-04-05 00:00:00+00:00,739640.0,318285.0,4023599.95962963,2.13735782,63761694.29436889,70280041.6888087
2017-04-06 00:00:00+00:00,700828.0,288456.0,3651044.40781207,2.23959041,73094955.76276594,75137221.44666156
2017-04-07 00:00:00+00:00,717479.0,295790.0,4023599.95962963,2.22647362,80319493.0852133,70214762.34249932
2017-04-08 00:00:00+00:00,599739.0,228220.0,3402674.03993369,2.21001181,31327573.51311433,37651960.65771312
2017-04-09 00:00:00+00:00,654193.0,235725.0,3949088.84926612,2.2586269,46562499.749972746,42592044.48574378
2017-04-10 00:00:00+00:00,691112.0,275186.0,3651044.40781207,2.24975256,50875660.60308425,60330411.90503751
2017-04-11 00:00:00+00:00,754368.0,308804.0,4147785.14356882,2.27711178,63913221.97925103,56512259.650516935
2017-04-12 00:00:00+00:00,687363.0,276453.0,3526859.22387288,2.24625621,51045835.90612953,59934906.174111515
2017-04-13 00:00:00+00:00,611405.0,228734.0,3274289.42119579,2.16504122,64883419.100089535,67359181.81653848
2017-04-14 00:00:00+00:00,696528.0,286708.0,3598646.52693503,2.16522828,85248225.01885413,76267508.03476834
2017-04-15 00:00:00+00:00,681237.0,268816.0,3883431.50388672,2.1659084,67663913.43293361,56969728.16569776
2017-04-16 00:00:00+00:00,589650.0,212360.0,3779873.33044974,2.16125164,37711727.43756837,40463405.874424316
2017-04-17 00:00:00+00:00,613136.0,249157.0,3572756.98357579,2.18766073,45140986.91911504,55255456.282129996
2017-04-18 00:00:00+00:00,713650.0,306095.0,3779873.33044974,2.20166725,55776031.87945087,66977622.58140188
2017-04-19 00:00:00+00:00,718648.0,309186.0,3702204.70037201,2.21134437,63228958.016997255,79926759.61862479
2017-04-20 00:00:00+00:00,687821.0,266967.0,3572756.98357579,2.25276621,63256582.309942804,78503354.02129446
2017-04-21 00:00:00+00:00,782123.0,323583.0,4323553.74099389,2.26940479,59375780.52989806,66653440.06372299
2017-04-22 00:00:00+00:00,691453.0,272882.0,3753983.7870905,2.26016436,44049238.623692825,43556523.442656174
2017-04-23 00:00:00+00:00,637701.0,241154.0,3961100.13396446,2.26874872,42226334.772692226,40983996.44788399
2017-04-24 00:00:00+00:00,616696.0,228745.0,3210303.37654636,2.27570599,46552205.89234583,59046590.67098312
2017-04-25 00:00:00+00:00,740074.0,323754.0,3831652.41716823,2.3093693,67861949.66583663,62202739.62648063
2017-04-26 00:00:00+00:00,769382.0,333528.0,3961100.13396446,2.33216845,72408840.29071857,76140805.61773296
2017-04-27 00:00:00+00:00,718553.0,298425.0,3813586.2247299,2.4099622,81001961.30706538,72027734.13063483
2017-04-28 00:00:00+00:00,726149.0,305139.0,3528859.19852578,2.40107994,98933584.9997171,79999948.00978391
2017-04-29 00:00:00+00:00,827017.0,342279.0,4488916.48047764,2.41223986,71603733.8776726,73522484.28522855
2017-04-30 00:00:00+00:00,726257.0,277080.0,3918071.61012788,2.44637619,64953996.55413591,52303285.52911584
2017-05-01 00:00:00+00:00,713866.0,298563.0,3892124.11602107,2.52560356,110816875.08586816,91387541.32845803
2017-05-02 00:00:00+00:00,782531.0,331695.0,4099704.06887553,2.55708418,103856539.4721746,91906380.93594252
2017-05-03 00:00:00+00:00,691453.0,295724.0,3425069.22209855,2.6373993,96585839.3275754,109092724.38925795
2017-05-04 00:00:00+00:00,851617.0,355309.0,4359179.0099436,2.64748386,150547316.48837173,127103297.57315028
2017-05-05 00:00:00+00:00,660727.0,267934.0,3347226.73977813,2.61101197,125852839.501535,131885625.48134841
2017-05-06 00:00:00+00:00,867643.0,359458.0,4359179.0099436,2.6710611,107653872.11459318,107626193.21201701
2017-05-07 00:00:00+00:00,790638.0,318416.0,4333231.5158368,2.58516798,103741108.18103364,97364532.4464824
2017-05-08 00:00:00+00:00,887445.0,364313.0,4670548.93922529,2.82026827,188140931.35359997,160107213.58792245
2017-05-09 00:00:00+00:00,805373.0,333631.0,4021861.58655511,2.8500152,163795255.46963313,166488391.8229506
2017-05-10 00:00:00+00:00,730268.0,310417.0,4093329.66292194,2.92992045,162752296.24695593,188782264.72532177
2017-05-11 00:00:00+00:00,703146.0,295913.0,3757901.04949698,2.98180004,156798361.32618135,147140266.50274906
2017-05-12 00:00:00+00:00,742648.0,314538.0,4286790.8268336,2.75847679,124675651.88945726,152813413.82293978
2017-05-13 00:00:00+00:00,793427.0,330132.0,4398136.04311499,2.86505128,93973205.53105877,95637014.67836627
2017-05-14 00:00:00+00:00,894445.0,369462.0,4565153.86753708,2.87984317,72924390.80785264,74231682.03649932
2017-05-15 00:00:00+00:00,824667.0,329004.0,4732171.69195917,2.77569902,122118465.02230732,124447011.60223396
2017-05-16 00:00:00+00:00,653146.0,231042.0,3674392.13728594,2.7951762,174662899.14545015,188414764.56409758
2017-05-17 00:00:00+00:00,765393.0,320079.0,4314627.13090395,2.85141326,242433755.8511167,250136198.31581774
2017-05-18 00:00:00+00:00,742869.0,291987.0,3952755.17798942,2.96696988,190771173.6962126,160725965.9852281
2017-05-19 00:00:00+00:00,805861.0,316411.0,4565153.86753708,3.05210147,211184634.4192879,228779342.80057523
2017-05-20 00:00:00+00:00,854533.0,354493.0,4592990.17160743,3.14988555,173532351.78900772,161981074.54891312
2017-05-21 00:00:00+00:00,778746.0,320625.0,4091936.69834116,3.12275546,159453005.3903272,116643084.40568562
2017-05-22 00:00:00+00:00,781440.0,331686.0,4064100.39427081,3.12461059,251754769.06418386,238842006.01637718
2017-05-23 00:00:00+00:00,872972.0,368715.0,4887381.02634698,3.32739524,237066415.41138417,236998627.15752456
2017-05-24 00:00:00+00:00,811722.0,337146.0,4562009.63318436,3.49513899,319575366.1015603,281941390.78839785
2017-05-25 00:00:00+00:00,847501.0,350534.0,4828620.58577306,3.29706174,362024279.16730756,274920727.6756304
2017-05-26 00:00:00+00:00,814316.0,333093.0,4532386.19400784,3.20703848,244437106.9776872,237780674.2512595
2017-05-27 00:00:00+00:00,892105.0,330950.0,4976737.78165567,2.87538901,186362948.54166356,152756385.79007593
2017-05-28 00:00:00+00:00,848084.0,303645.0,4887867.46412611,3.1100624,126728508.8143185,132152540.21693042
2017-05-29 00:00:00+00:00,771791.0,326916.0,4473139.3156548,3.1715195,121589111.51210393,155342176.4801394
2017-05-30 00:00:00+00:00,851137.0,348103.0,5302595.61259742,2.99605054,222588240.39857775,227302518.28868386
2017-05-31 00:00:00+00:00,818815.0,320406.0,4858244.02494958,3.14282004,194434472.81149155,242121917.68024352
2017-06-01 00:00:00+00:00,837922.0,319348.0,5035984.66000872,3.24185226,248408087.47721797,279769412.30468374
2017-06-02 00:00:00+00:00,723130.0,263831.0,4325022.11977219,3.32189022,176439551.06869897,172324510.8024125
2017-06-03 00:00:00+00:00,879242.0,306209.0,5687700.3218922,3.38499502,204800449.21652824,231162880.8355487
2017-06-04 00:00:00+00:00,739511.0,271578.0,5049391.51326877,3.33016911,151469203.8185291,144385415.19381526
2017-06-05 00:00:00+00:00,767010.0,289269.0,5533581.08611424,3.49837338,219850631.92768076,204049583.232455
2017-06-06 00:00:00+00:00,802549.0,299724.0,5094943.56099544,3.68734337,231294751.27532285,202034165.83096296
2017-06-07 00:00:00+00:00,877184.0,338421.0,5567322.43420031,3.45563714,199953652.921628,224108277.79440632
2017-06-08 00:00:00+00:00,823165.0,307355.0,5567322.43420031,3.54000799,192394402.1933137,214645897.90471542
2017-06-09 00:00:00+00:00,762294.0,280990.0,5094943.56099544,3.50908106,166848674.1738499,173345842.43622738
2017-06-10 00:00:00+00:00,696034.0,252722.0,4757530.08013481,3.60375711,193946798.699536,148130589.13753906
2017-06-11 00:00:00+00:00,670073.0,225018.0,4926236.82056512,3.64019441,201096330.77654707,173534370.18815747
2017-06-12 00:00:00+00:00,726296.0,270146.0,4959978.16865119,3.22800548,233187907.2683772,191499111.29566708
2017-06-13 00:00:00+00:00,768501.0,291856.0,4757530.08013481,3.24114582,226553639.19825533,232150220.19383496
2017-06-14 00:00:00+00:00,740847.0,284904.0,4723788.73204875,2.919798,213588475.6154341,184877460.54009265
2017-06-15 00:00:00+00:00,797366.0,293498.0,5162426.25716756,2.87371971,213648593.04075342,244632110.6052185
2017-06-16 00:00:00+00:00,730161.0,271022.0,4993719.51673725,2.93413098,189600675.92282978,173725388.9198403
2017-06-17 00:00:00+00:00,659616.0,233555.0,4907231.27624732,3.1272984,154972660.3006814,137602242.8030024
2017-06-18 00:00:00+00:00,628753.0,209445.0,5129905.64430105,2.93677553,145780936.89926288,174141986.36577374
2017-06-19 00:00:00+00:00,725338.0,268231.0,5342177.60199627,3.00723619,160673597.81725076,154447418.80713704
2017-06-20 00:00:00+00:00,745087.0,272588.0,4882255.02698997,3.14552423,226978769.4837418,161079391.6152817
2017-06-21 00:00:00+00:00,755305.0,279662.0,4953012.34622171,3.02520974,206263552.96381247,212187400.0491319
2017-06-22 00:00:00+00:00,728948.0,267507.0,4917633.68660584,3.0574306,146046214.43124527,171011322.97135252
2017-06-23 00:00:00+00:00,718091.0,263398.0,5660585.53853909,3.04158628,127222720.2726845,141836937.88643494
2017-06-24 00:00:00+00:00,638287.0,220439.0,5165284.30391692,2.89910643,120395182.2272116,107565400.91659115
2017-06-25 00:00:00+00:00,537762.0,185434.0,4316196.47313606,2.82389576,143590796.50062296,124524858.26975073
2017-06-26 00:00:00+00:00,705488.0,261094.0,5023769.66545344,2.74177101,200181416.30370206,185707426.40660244
2017-06-27 00:00:00+00:00,696698.0,261113.0,4634604.40967888,2.84709982,192212227.03347862,188177690.6013664
2017-06-28 00:00:00+00:00,738521.0,277158.0,5554449.55969148,2.86973355,164198288.22861767,208437316.95079908
2017-06-29 00:00:00+00:00,628876.0,232122.0,4245439.15390432,2.83338619,140304428.6465988,131916673.89851394
2017-06-30 00:00:00+00:00,715545.0,266457.0,5448313.58084387,2.7235698,155183041.63382974,198917255.27849284
2017-07-01 00:00:00+00:00,641147.0,220267.0,5801798.16405462,2.67604439,121711025.40492749,134412033.85114577
2017-07-02 00:00:00+00:00,604820.0,196813.0,6622798.79067703,2.78455696,111703116.94451155,108815157.27484253
2017-07-03 00:00:00+00:00,660964.0,250562.0,5988701.03412285,2.8067694,141613643.75337943,179346788.01377904
2017-07-04 00:00:00+00:00,718284.0,256743.0,5389830.93071056,2.84851858,156611795.2833174,138845725.42034322
2017-07-05 00:00:00+00:00,649605.0,235034.0,5248920.31814296,2.84213614,146787328.23109162,152626371.0827753
2017-07-06 00:00:00+00:00,637761.0,229220.0,5002326.74614967,2.82784137,123120726.7819567,146729947.8361245
2017-07-07 00:00:00+00:00,733315.0,243553.0,5213692.66500107,2.70091753,156687114.77759957,167948533.69536668
2017-07-08 00:00:00+00:00,630307.0,217777.0,5812562.76841335,2.7563821,123174938.21358435,147051571.6020424
2017-07-09 00:00:00+00:00,547682.0,185614.0,4861416.13358208,2.70314378,148108629.1296793,111729551.86331485
2017-07-10 00:00:00+00:00,778061.0,254337.0,6939847.66895412,2.50667922,168315607.98584378,147537757.63486525
2017-07-11 00:00:00+00:00,773747.0,269057.0,6094383.99354854,2.5040635,183155189.64195323,164391335.5586806
2017-07-12 00:00:00+00:00,746872.0,255592.0,6235294.60611614,2.5607933,136001510.8662602,149805333.55379406
2017-07-13 00:00:00+00:00,675427.0,243905.0,5530741.54327816,2.52324473,111359293.24587224,152258696.98674294
2017-07-14 00:00:00+00:00,647312.0,231329.0,5287415.70544483,2.38547763,166741713.19396126,125360036.29165289
2017-07-15 00:00:00+00:00,624607.0,216276.0,5079131.87191812,2.15162881,131239962.9296114,103425632.29385018
2017-07-16 00:00:00+00:00,617297.0,205409.0,6518885.78836735,2.0725336,144135598.5138678,113672044.62099653
2017-07-17 00:00:00+00:00,690739.0,232141.0,5918988.32318017,2.38704005,163742814.01488128,169000340.74768546
2017-07-18 00:00:00+00:00,809612.0,260132.0,6598872.11705897,2.47286929,186468901.65639037,176030195.4390297
2017-07-19 00:00:00+00:00,713341.0,253602.0,5958981.48752598,2.41800668,153256993.45123598,184011342.92706934
2017-07-20 00:00:00+00:00,660126.0,230755.0,6478892.62402153,2.98008325,276303625.21931475,211524898.34964222
2017-07-21 00:00:00+00:00,744868.0,269668.0,6158947.30925504,2.80324324,177080808.29822618,192017226.18565825
2017-07-22 00:00:00+00:00,633583.0,214900.0,6398906.29532991,2.956705,144205687.02463633,145971603.792946
2017-07-23 00:00:00+00:00,536910.0,183120.0,6878824.26747965,2.86830102,103762671.57782033,161286160.66244638
2017-07-24 00:00:00+00:00,681339.0,243957.0,7118783.25355452,2.8571688,153729365.63668776,147271255.2497146
2017-07-25 00:00:00+00:00,702031.0,242360.0,5918988.32318017,2.63175728,203673094.79539204,235334081.74212533
2017-07-26 00:00:00+00:00,652653.0,236393.0,5878995.15883436,2.58755545,145102857.58880165,225090519.79842514
2017-07-27 00:00:00+00:00,686889.0,225488.0,6416436.63634687,2.70895213,201341243.92352363,242309415.13294142
2017-07-28 00:00:00+00:00,683771.0,249112.0,6414280.01814893,2.77596935,370451677.74122775,350093089.9439583
2017-07-29 00:00:00+00:00,634637.0,207797.0,6713613.08566255,2.65045335,179497658.45775032,163735169.3427328
2017-07-30 00:00:00+00:00,583526.0,193936.0,6285994.41778595,2.63429117,286880552.57334095,520121716.2206519
2017-07-31 00:00:00+00:00,692282.0,220968.0,6200470.68421063,2.66440296,361962427.70775366,394311775.09005046
2017-08-01 00:00:00+00:00,473639.0,131368.0,6371518.15136127,2.51234417,246279045.8780698,264317621.3578948
2017-08-02 00:00:00+00:00,599118.0,214635.0,6499803.75172425,2.45667542,328017850.08469445,283347762.75606424
2017-08-03 00:00:00+00:00,592805.0,212356.0,5901137.61669702,2.51633659,346660059.07240105,327796049.5006732
2017-08-04 00:00:00+00:00,668144.0,234256.0,7654374.15499106,2.52690325,277008628.3545266,258982687.5729715
2017-08-05 00:00:00+00:00,642015.0,235105.0,7568850.42141574,2.8058202,280135067.1426526,269857960.9043775
2017-08-06 00:00:00+00:00,547079.0,203085.0,5986661.35027234,2.74360243,201057106.6753255,231102466.90382358
2017-08-07 00:00:00+00:00,692078.0,250307.0,6542565.61851191,2.8173808,368008559.8760871,492192387.69477785
2017-08-08 00:00:00+00:00,786340.0,275494.0,7012946.15317617,2.79701154,435285551.6889957,232449889.54444683
2017-08-09 00:00:00+00:00,711839.0,257449.0,6107869.28310813,2.70304955,293714621.2878593,257646832.3691736
2017-08-10 00:00:00+00:00,730801.0,262413.0,6149818.07832045,2.74911842,358609884.6948387,307303133.7096087
2017-08-11 00:00:00+00:00,729508.0,278906.0,6608759.7259563,2.89608699,390845963.0693256,432804363.576995
2017-08-12 00:00:00+00:00,695821.0,261652.0,6195712.24308403,3.02040239,395070816.1506234,364764441.4579446
2017-08-13 00:00:00+00:00,717839.0,263937.0,6792336.38501064,3.12865374,369970493.3970816,305323850.13848376
2017-08-14 00:00:00+00:00,681161.0,258450.0,5966241.41926611,3.25544228,439753531.4410934,369129167.45122015
2017-08-15 00:00:00+00:00,817719.0,309155.0,6975913.04406499,3.11536106,438971731.7982237,439381878.350161
2017-08-16 00:00:00+00:00,688962.0,276520.0,5966241.41926611,3.22936466,495440917.3171433,459529258.7011621
2017-08-17 00:00:00+00:00,863099.0,348484.0,8215055.49268179,3.14349195,296837077.5656606,310171790.6717652
2017-08-18 00:00:00+00:00,727394.0,306485.0,6838230.54977423,2.97541172,492086700.9227778,415456768.6065471
2017-08-19 00:00:00+00:00,708914.0,264904.0,6930018.8793014,2.97749577,388623527.3493852,430630465.2473773
2017-08-20 00:00:00+00:00,627940.0,215808.0,5966241.41926611,2.88932289,356002659.502353,315546720.9254726
2017-08-21 00:00:00+00:00,632318.0,238146.0,5277828.94781232,2.8086644,416980789.5408097,412876805.68199784
2017-08-22 00:00:00+00:00,530992.0,196446.0,4084580.6639591,2.84203031,437806617.9864899,435986117.9442571
2017-08-23 00:00:00+00:00,839588.0,313788.0,7297172.19741008,2.86484514,408508037.1339948,326158881.447875
2017-08-24 00:00:00+00:00,542527.0,201411.0,4467992.01920994,2.96780825,268904097.66262615,386534913.9768035
2017-08-25 00:00:00+00:00,587663.0,212865.0,4459277.50765201,2.96751747,247968656.3598256,249104706.74215356
2017-08-26 00:00:00+00:00,617917.0,224662.0,4635882.55746001,2.94348577,224435800.37441105,175828309.74601814
2017-08-27 00:00:00+00:00,753881.0,257198.0,6843445.68006004,2.93116239,245297794.279746,275179418.4950613
2017-08-28 00:00:00+00:00,661017.0,227603.0,5695512.85630802,2.93365297,365191721.9203193,454148418.5784056
2017-08-29 00:00:00+00:00,789243.0,276967.0,6578538.10534803,3.03875355,436519359.10490257,343003509.2113334
2017-08-30 00:00:00+00:00,805068.0,275731.0,7417412.09193603,3.00669499,331539227.8514928,310107071.6385676
2017-08-31 00:00:00+00:00,797023.0,281321.0,7196655.77967604,3.06677185,263576804.35229883,298489583.1645338
2017-09-01 00:00:00+00:00,767441.0,275267.0,7682319.66664803,3.14249768,318207937.45340407,279675683.3286351
2017-09-02 00:00:00+00:00,709832.0,241028.0,7240807.04212804,2.91990917,207394454.5534842,201921879.1485854
2017-09-03 00:00:00+00:00,587110.0,195123.0,6799294.41760804,2.92473488,199856458.1022725,227040683.0014998
2017-09-04 00:00:00+00:00,760792.0,270702.0,7726470.92910003,2.75162247,421936993.0224712,397126540.4537853
2017-09-05 00:00:00+00:00,780357.0,277339.0,8697798.70304403,2.78742564,364462926.01777047,407751131.24321884
2017-09-06 00:00:00+00:00,777010.0,277211.0,7283044.48578657,2.86204183,358090542.63278466,359443408.8836597
2017-09-07 00:00:00+00:00,767722.0,256625.0,8072925.27664423,2.84583752,271375553.61904234,293342942.8054774
2017-09-08 00:00:00+00:00,809056.0,271237.0,8027056.38302694,2.66619471,401425057.36006206,345834677.9580121
2017-09-09 00:00:00+00:00,625612.0,218820.0,7751843.02132316,2.65540041,205568606.7217401,222869889.6656985
2017-09-10 00:00:00+00:00,581564.0,199466.0,6329907.31918695,2.59879339,347796497.80389076,279476737.22816604
2017-09-11 00:00:00+00:00,724503.0,249732.0,7981187.48940964,2.56454296,259306726.15773264,262999986.8383202
2017-09-12 00:00:00+00:00,700869.0,254127.0,8623352.0000518,2.53102364,272696777.47571135,278457350.38807636
2017-09-13 00:00:00+00:00,715683.0,261808.0,8715089.78728639,2.36797159,290428818.422838,296145660.8499895
2017-09-14 00:00:00+00:00,786448.0,274235.0,7981187.48940964,1.99521056,330071457.4344704,279080582.8887773
2017-09-15 00:00:00+00:00,831698.0,291839.0,8256400.85111342,2.26320938,495777784.66815585,453914907.9102974
2017-09-16 00:00:00+00:00,637532.0,224435.0,7751843.02132316,2.26588756,177950377.32923624,234270348.05354464
2017-09-17 00:00:00+00:00,582453.0,195890.0,8072925.27664423,2.26478555,136845085.23080274,177987120.03505003
2017-09-18 00:00:00+00:00,694432.0,224367.0,6687570.05931123,2.47915064,288661662.8967572,306213233.5904367
2017-09-19 00:00:00+00:00,784159.0,283774.0,8556655.83040941,2.38109715,218068953.76666468,251133016.80584073
2017-09-20 00:00:00+00:00,619406.0,234110.0,6417491.87280707,2.3596557,164314278.07886785,165838426.80573547
2017-09-21 00:00:00+00:00,684987.0,253479.0,9653662.9881542,2.19309389,145843162.08325273,161311480.88780126
2017-09-22 00:00:00+00:00,642171.0,224128.0,7624199.74632635,2.19168978,146865583.1940174,143934867.93856817
2017-09-23 00:00:00+00:00,571954.0,203754.0,9105159.4092818,2.28253357,124477052.34301735,141950137.00594354
2017-09-24 00:00:00+00:00,549507.0,190216.0,7953301.89364978,2.22242941,112351463.38646814,92270293.7210698
2017-09-25 00:00:00+00:00,655510.0,226331.0,6856294.73590499,2.34287282,177800852.7436999,170822496.50319248
2017-09-26 00:00:00+00:00,722077.0,258284.0,7569349.3884391,2.32052467,145436081.9084895,197471587.51807973
2017-09-27 00:00:00+00:00,702387.0,265442.0,8063002.60942426,2.4968666,199936002.06148872,234611556.99960485
2017-09-28 00:00:00+00:00,753933.0,270458.0,9708513.34604144,2.47501585,266615249.64513385,231453072.31247336
2017-09-29 00:00:00+00:00,741184.0,255919.0,9269710.48294352,2.44954557,201910214.61428994,186035405.6076786
2017-09-30 00:00:00+00:00,631821.0,211916.0,7569349.3884391,2.54204123,131487983.7616986,148233692.2434522
2017-10-01 00:00:00+00:00,628817.0,205006.0,7133598.09247187,2.56194858,119131363.60368122,112949322.57234977
2017-10-02 00:00:00+00:00,800519.0,289356.0,8380132.03962018,2.55136556,184626490.88527846,198222644.4708408
2017-10-03 00:00:00+00:00,787242.0,283080.0,10223761.0883366,2.49742904,218913858.76805052,175910583.75266063
2017-10-04 00:00:00+00:00,655363.0,239021.0,7486251.28872736,2.44055834,175071434.23416927,196392088.57904494
2017-10-05 00:00:00+00:00,725883.0,272044.0,6983443.36635015,2.48286744,174194420.42943305,172220920.29803294
2017-10-06 00:00:00+00:00,818384.0,284714.0,8882939.96199739,2.50112549,173094059.60524932,155184368.96075433
2017-10-07 00:00:00+00:00,651679.0,223629.0,8827072.41506659,2.535902,124415285.35050873,139137688.85432255
2017-10-08 00:00:00+00:00,699283.0,243087.0,10167893.5414058,2.61523452,156897572.5266188,140875738.0115855
2017-10-09 00:00:00+00:00,797851.0,296123.0,8994675.05585899,2.68982061,324364022.53819835,227613142.96851584
2017-10-10 00:00:00+00:00,833834.0,304468.0,8938807.50892819,2.65170924,229789481.9827225,209976832.22738254
2017-10-11 00:00:00+00:00,778349.0,294651.0,7765589.02338137,2.68235621,209519810.04241362,178278852.14872748
2017-10-12 00:00:00+00:00,784446.0,293950.0,8547734.68041258,2.9735157,301540856.6618421,218497000.13779792
2017-10-13 00:00:00+00:00,818187.0,307306.0,7597986.38258896,3.05039678,366549991.09193945,299239176.5441756
2017-10-14 00:00:00+00:00,789672.0,291820.0,7877324.11724297,3.12159957,210789003.34713507,198484381.36187837
2017-10-15 00:00:00+00:00,825816.0,285265.0,11485102.1666364,3.05072713,169313608.03600794,165230579.2979051
2017-10-16 00:00:00+00:00,844162.0,312096.0,10351762.4275094,3.05813234,186366621.79515097,182608806.85069245
2017-10-17 00:00:00+00:00,878509.0,337105.0,9756833.55236517,2.95026635,188859204.80512685,223659990.57408485
2017-10-18 00:00:00+00:00,824566.0,330289.0,8983426.0146777,2.93164856,216655513.77744913,240128174.65353453
2017-10-19 00:00:00+00:00,906491.0,354271.0,10589733.9775671,2.96891932,199360383.76422393,190884558.18956366
2017-10-20 00:00:00+00:00,850614.0,313394.0,10649226.8650815,3.09805688,291948479.02963334,247976231.97882864
2017-10-21 00:00:00+00:00,800937.0,309587.0,9102411.78970654,3.09579617,232182036.8272275,216483206.3306175
2017-10-22 00:00:00+00:00,907439.0,290846.0,10827705.5276248,3.04834116,245142204.4005601,241537667.92847183
2017-10-23 00:00:00+00:00,880240.0,316323.0,10173283.7649661,2.93951363,671876662.6005801,780288612.1319658
2017-10-24 00:00:00+00:00,955565.0,346088.0,9935312.21490844,2.73999189,522465903.77979845,591892777.6719915
2017-10-25 00:00:00+00:00,911228.0,310122.0,11006184.190168,2.83167233,237880443.74670047,293427345.0530839
2017-10-26 00:00:00+00:00,742163.0,272615.0,11103293.0112987,2.89701261,213767138.17364624,198692368.53302485
2017-10-27 00:00:00+00:00,668740.0,246216.0,7510989.9435995,2.82258819,154223117.40053162,243220419.75980824
2017-10-28 00:00:00+00:00,555227.0,208616.0,6138789.8577496,2.81072114,147078880.4345475,159637631.9021741
2017-10-29 00:00:00+00:00,905041.0,330193.0,11122042.8010992,2.99284618,308722274.3284527,237679326.3255593
2017-10-30 00:00:00+00:00,894901.0,316082.0,10616495.4010493,2.94639905,279955726.71234125,263358671.44769385
2017-10-31 00:00:00+00:00,827896.0,280319.0,9966505.88669932,3.07051562,307276731.39255226,281301119.8101051
2017-11-01 00:00:00+00:00,961473.0,351487.0,11266484.9153992,3.17194342,357111200.4619996,345905232.9654919
2017-11-02 00:00:00+00:00,916882.0,341608.0,10833158.5724993,3.26783421,540773707.3469964,515024083.0048973
2017-11-03 00:00:00+00:00,820113.0,277903.0,8594305.80084942,3.2996631,341457265.2783473,344766110.68082243
2017-11-04 00:00:00+00:00,800708.0,290835.0,9388737.42949936,3.37458714,286885863.4888944,210481323.84870088
2017-11-05 00:00:00+00:00,805781.0,251752.0,10183169.0581493,3.31955857,255993209.63999134,203001878.0807301
2017-11-06 00:00:00+00:00,831790.0,273071.0,9605400.60094935,3.12842422,336081372.46706146,349758643.44593054
2017-11-07 00:00:00+00:00,937089.0,332632.0,11266484.9153992,3.16064437,425467979.9036717,486237218.108968
2017-11-08 00:00:00+00:00,871573.0,303382.0,10399832.2295993,3.2777098,613239424.136968,453893722.43248737
2017-11-09 00:00:00+00:00,948030.0,339565.0,11049821.7439492,3.10220792,525259725.31266695,554269311.64908
2017-11-10 00:00:00+00:00,786879.0,274118.0,8468739.81561046,2.86889448,523176817.49917454,462451714.41903627
2017-11-11 00:00:00+00:00,579558.0,192216.0,5426063.16330811,2.7353594,444943073.1534413,370595371.6502654
2017-11-12 00:00:00+00:00,586355.0,187788.0,5426063.16330811,2.4696982,917404455.5539873,461448204.6747216
2017-11-13 00:00:00+00:00,920515.0,308819.0,9495610.5357892,2.72664306,1391276345.2554328,1388752726.7563365
2017-11-14 00:00:00+00:00,819127.0,272441.0,8681701.06129298,2.74071229,912876084.0103981,926534619.7510296
2017-11-15 00:00:00+00:00,944172.0,319586.0,10309520.0102854,2.97614814,1062987814.2327249,1097752608.8542705
2017-11-16 00:00:00+00:00,907472.0,311127.0,10309520.0102854,3.15562228,1208265359.9613686,1113565607.2945957
2017-11-17 00:00:00+00:00,982559.0,305425.0,11326906.8534057,3.06551771,1257010244.07315,1290221957.8578637
2017-11-18 00:00:00+00:00,843076.0,268902.0,9224307.3776238,3.06748215,696579007.522861,682488559.2636578
2017-11-19 00:00:00+00:00,913898.0,267096.0,10852126.3266162,3.12664738,744638613.760158,762457901.04476
2017-11-20 00:00:00+00:00,979917.0,332821.0,11869513.1697365,3.18401839,757160506.3444967,767199841.56387
2017-11-21 00:00:00+00:00,981593.0,373326.0,11733861.5906538,3.07693153,781924378.8433536,912158826.656322
2017-11-22 00:00:00+00:00,869698.0,311835.0,10038216.85212,3.11368282,891163304.3956103,941416243.4332522
2017-11-23 00:00:00+00:00,959240.0,352980.0,10648648.9579922,3.0255203,815454331.2022783,816110521.9248908
2017-11-24 00:00:00+00:00,905792.0,307294.0,10083527.0255049,3.04932356,724904939.4394554,701559958.6687738
2017-11-25 00:00:00+00:00,922777.0,332515.0,10445729.4715118,3.19796528,516804755.995724,510718612.6942795
2017-11-26 00:00:00+00:00,941512.0,330936.0,10244850.0585982,3.34857257,535795546.6749239,575793259.1302731
2017-11-27 00:00:00+00:00,1061044.0,381576.0,11383166.7317757,3.43189779,816408086.1263742,767009273.769047
2017-11-28 00:00:00+00:00,1025283.0,365153.0,10445729.4715118,3.42405668,858097581.0509744,805276990.2462958
2017-11-29 00:00:00+00:00,1132724.0,398873.0,11584046.1446894,3.31618599,963879600.3233371,891825047.9746916
2017-11-30 00:00:00+00:00,1086490.0,383941.0,11182287.318862,3.33958212,870564413.953114,894942931.9631066
2017-12-01 00:00:00+00:00,1115596.0,412472.0,12253644.187735,3.55287307,736617368.3445371,678620200.2072723
2017-12-02 00:00:00+00:00,943132.0,325296.0,10780528.4930347,3.54526509,478291421.5281212,393768440.9421473
2017-12-03 00:00:00+00:00,1008744.0,347132.0,11784925.5576031,3.59996863,527451086.04866767,495653191.5750173
2017-12-04 00:00:00+00:00,1155119.0,407287.0,12119724.5791259,3.65371219,767254502.019591,623640016.1113137
2017-12-05 00:00:00+00:00,1146460.0,404804.0,11918845.1662122,3.65310274,765761579.3580055,776058733.6883024
2017-12-06 00:00:00+00:00,1228561.0,442897.0,13218896.9761819,4.21096815,1127740925.096436,1194852075.374947
2017-12-07 00:00:00+00:00,1065803.0,374945.0,12020755.1114562,4.7166582,2058512413.2233417,1936954915.4563713
2017-12-08 00:00:00+00:00,1126652.0,385493.0,12337090.772284,4.34686442,1627482642.6227517,1225694377.4089255
2017-12-09 00:00:00+00:00,1182172.0,401509.0,13760601.2460091,3.96460494,998936164.5331461,891296543.7805008
2017-12-10 00:00:00+00:00,1073634.0,336561.0,12969762.0939396,4.00840979,894742885.6979926,726366408.5896097
2017-12-11 00:00:00+00:00,1163072.0,376572.0,13523349.5003882,4.25607302,1212359104.2500925,1101158339.5894241
2017-12-12 00:00:00+00:00,1099485.0,372599.0,12337090.772284,4.23927385,1321949758.7468503,1080651667.8284655
2017-12-13 00:00:00+00:00,1251052.0,417596.0,14709608.2284925,3.93575963,1062033551.3882476,890150352.964136
2017-12-14 00:00:00+00:00,1290363.0,498142.0,14630524.3132855,3.8994793,1089698959.9916902,1170101220.6087005
2017-12-15 00:00:00+00:00,1179313.0,400877.0,13365181.6699743,4.07868942,1225349324.5449548,1173709482.8487198
2017-12-16 00:00:00+00:00,1132973.0,366938.0,13523349.5003882,4.43076633,1002224693.3977512,682992023.4530592
2017-12-17 00:00:00+00:00,1175732.0,389211.0,14630524.3132855,4.25193445,859462242.85905,682028819.2676164
2017-12-18 00:00:00+00:00,1204183.0,398048.0,15613766.2496263,4.12995773,1124808197.3909261,1128611014.3391352
2017-12-19 00:00:00+00:00,1046267.0,378510.0,13035760.9505203,3.80550806,1179990615.0807915,1174649451.922827
2017-12-20 00:00:00+00:00,1027644.0,370374.0,12663310.6376483,3.49226172,1468165576.4891555,1373836387.060537
2017-12-21 00:00:00+00:00,998866.0,334454.0,12290860.3247763,3.30154348,1055061536.1217493,1016701070.184071
2017-12-22 00:00:00+00:00,1110734.0,380012.0,14432449.6237903,3.01016272,1497003257.9693065,1054805399.3005648
2017-12-23 00:00:00+00:00,979504.0,307204.0,12942648.3723023,3.11960008,809955711.0722952,738124318.2504721
2017-12-24 00:00:00+00:00,1020552.0,274389.0,14153111.8891363,2.92511724,646291116.1458585,483300018.721153
2017-12-25 00:00:00+00:00,878323.0,229330.0,12570198.0594303,2.92950297,585521839.4382247,528331037.97768724
2017-12-26 00:00:00+00:00,911656.0,247416.0,13221986.1069563,3.23788307,833830271.8089614,683284844.5496211
2017-12-27 00:00:00+00:00,1037747.0,311934.0,14525562.2020083,3.13118795,1021560587.4255489,1017362224.1393168
2017-12-28 00:00:00+00:00,999488.0,303032.0,13873774.1544823,2.90015736,871580212.3630074,910803801.0520848
2017-12-29 00:00:00+00:00,1096215.0,356789.0,15363575.4059704,2.94080172,1203942827.3584714,1011410362.4397702
2017-12-30 00:00:00+00:00,998615.0,338045.0,13687548.9980463,2.60242905,879562883.0491557,827361224.648506
2017-12-31 00:00:00+00:00,1007208.0,292987.0,15177350.2495343,2.78726716,679120223.033355,589223187.2109766
2018-01-01 00:00:00+00:00,972783.0,241625.0,14923655.7184224,2.69423548,514637259.28255504,651068817.5894074
2018-01-02 00:00:00+00:00,1142721.0,343664.0,16415540.6673567,2.92544313,1087287089.4340847,853285196.0312343
2018-01-03 00:00:00+00:00,1130917.0,396942.0,15071578.273538,2.96026687,856870938.450919,784562950.5189376
2018-01-04 00:00:00+00:00,1253986.0,424762.0,16127548.7258241,2.94402195,1169130615.5571733,1212149254.4642382
2018-01-05 00:00:00+00:00,1069525.0,339441.0,13727615.8797194,3.26196426,1344461164.5159948,1322273072.7196736
2018-01-06 00:00:00+00:00,1163503.0,356470.0,16127548.7258241,3.24692954,1041043104.3574992,1032963011.4113543
2018-01-07 00:00:00+00:00,1130388.0,372566.0,15551564.842759,3.04278121,969053823.8644581,807499093.4349067
2018-01-08 00:00:00+00:00,1157303.0,345855.0,15935554.0981357,2.80152545,1054089851.201588,1040191788.6536239
2018-01-09 00:00:00+00:00,1145338.0,354874.0,15743559.4704474,2.69017079,884845764.2944739,895353099.6962368
2018-01-10 00:00:00+00:00,1118949.0,347701.0,15935554.0981357,2.73334467,1103577176.5683851,1002244661.3430992
2018-01-11 00:00:00+00:00,1222969.0,334581.0,18527481.5719289,2.45400706,781132435.7520157,813900835.6436706
2018-01-12 00:00:00+00:00,1153290.0,304727.0,17087521.864266,2.55762013,840205844.1924909,792343923.7953416
2018-01-13 00:00:00+00:00,939348.0,264304.0,15881806.2094572,2.63127775,676359184.6522584,558484881.0828563
2018-01-14 00:00:00+00:00,971840.0,236042.0,17165770.5545811,2.52606465,510548191.6211641,595632151.6557773
2018-01-15 00:00:00+00:00,949563.0,272139.0,16612036.0205623,2.50804935,806640399.6055477,700426132.088735
2018-01-16 00:00:00+00:00,1001819.0,306170.0,17608758.1817961,2.12079726,1072374318.782401,908689496.3065708
2018-01-17 00:00:00+00:00,1090483.0,314242.0,18494733.4362261,2.07376393,1059791876.9431425,907947198.300922
2018-01-18 00:00:00+00:00,1050790.0,307893.0,19159214.8770486,2.09352287,867373205.0353237,746312722.6620315
2018-01-19 00:00:00+00:00,1027992.0,242661.0,18273239.6226186,2.129939,759250486.6800847,843555272.56698
2018-01-20 00:00:00+00:00,970060.0,236313.0,19712949.4110673,2.37080852,701403633.2044291,483833318.1227708
2018-01-21 00:00:00+00:00,988506.0,217475.0,20709671.572301,2.12617327,380911884.9389242,437148858.20956373
2018-01-22 00:00:00+00:00,946599.0,250083.0,18494733.4362261,2.00268788,529663234.3206776,510311748.22705716
2018-01-23 00:00:00+00:00,893416.0,266082.0,19602202.5042636,2.02766184,511901739.27192515,519198797.0355512
2018-01-24 00:00:00+00:00,940167.0,251628.0,19491455.5974598,2.09753554,529807594.9745795,572462702.6246288
2018-01-25 00:00:00+00:00,854029.0,238459.0,19419246.3436515,2.08000559,518746563.60996205,429903949.92791283
2018-01-26 00:00:00+00:00,807029.0,218851.0,20056949.5413983,2.05791562,683814094.9652146,703410313.5266594
2018-01-27 00:00:00+00:00,860840.0,192395.0,20315748.8903196,2.10883443,290301510.74084365,305577436.38827044
2018-01-28 00:00:00+00:00,765711.0,213698.0,20445148.5647802,2.15410037,429651751.69066143,403835402.0235786
2018-01-29 00:00:00+00:00,775230.0,230013.0,19151151.8201739,2.06552658,435309997.4722261,448431527.3494764
2018-01-30 00:00:00+00:00,845185.0,239554.0,21609745.6349259,1.85916763,484275195.470653,480088748.32589453
2018-01-31 00:00:00+00:00,685452.0,208360.0,15139761.9118942,1.87794381,432285360.4792237,481517985.73159325
2018-02-01 00:00:00+00:00,833934.0,252498.0,20703947.9137015,1.69691999,814568732.1386025,551255078.714563
2018-02-02 00:00:00+00:00,853582.0,237739.0,21739145.3093865,1.66151934,899032218.7506742,652792683.9635729
2018-02-03 00:00:00+00:00,714800.0,190833.0,20445148.5647802,1.72878243,334982935.94114715,358543279.35642767
2018-02-04 00:00:00+00:00,711645.0,172621.0,23033142.0539929,1.56184746,455620992.1302299,258474119.9881397
2018-02-05 00:00:00+00:00,915758.0,221421.0,23938939.7752173,1.30831891,598296787.251486,518740548.01651645
2018-02-06 00:00:00+00:00,999753.0,245035.0,22105953.9129441,1.48101152,768959923.9362289,578094615.8447789
2018-02-07 00:00:00+00:00,804119.0,207672.0,20149017.2119133,1.46484643,312221527.67825145,382323669.2424469
2018-02-08 00:00:00+00:00,753618.0,177469.0,18720008.8990117,1.58085047,400191288.0393103,292452616.13108057
2018-02-09 00:00:00+00:00,781921.0,178845.0,19291612.2241723,1.6660923,396526846.5048368,563354943.6543307
2018-02-10 00:00:00+00:00,737187.0,176305.0,20434818.8744937,1.64139497,390311442.76227355,378447004.8530926
2018-02-11 00:00:00+00:00,814528.0,147871.0,21578025.524815,1.55971533,244171476.781965,474590986.4663244
2018-02-12 00:00:00+00:00,912131.0,185649.0,23721537.9941675,1.71364615,268453576.6857514,309308111.2981397
2018-02-13 00:00:00+00:00,868109.0,188299.0,23435736.3315871,1.64241903,305762066.7100469,281931308.72516865
2018-02-14 00:00:00+00:00,937769.0,197735.0,25579248.8009396,1.81957973,328337339.40996593,398743716.12876767
2018-02-15 00:00:00+00:00,779005.0,195903.0,18720008.8990117,1.93482187,374511202.47102046,381939974.4994596
2018-02-16 00:00:00+00:00,773561.0,185173.0,22435430.512556,1.9474862,387619499.6300004,423071810.5055452
2018-02-17 00:00:00+00:00,765638.0,172015.0,21292223.8622346,2.11360732,261419327.55254084,236652770.75092357
2018-02-18 00:00:00+00:00,730130.0,160325.0,23149934.6690068,1.99108492,479559145.73387456,465250076.4602151
2018-02-19 00:00:00+00:00,857787.0,191633.0,23149934.6690068,2.11485368,325442448.52359325,400779318.53615546
2018-02-20 00:00:00+00:00,703065.0,194005.0,20835108.4972582,2.12780635,443242054.2493684,376518885.1217358
2018-02-21 00:00:00+00:00,713740.0,208330.0,25265138.8267234,1.97827013,462057887.8763311,362803048.8994959
2018-02-22 00:00:00+00:00,719848.0,182712.0,22275181.569123,1.84607258,361813906.91494405,279595233.00453854
2018-02-23 00:00:00+00:00,732287.0,180733.0,22125683.706243,1.89577059,449614266.67200094,394879058.66975653
2018-02-24 00:00:00+00:00,690001.0,153121.0,21677190.1176029,1.8093287,238717130.96875185,195242872.87648728
2018-02-25 00:00:00+00:00,526879.0,143945.0,25564134.5524835,1.7940982,208856266.40731007,165816788.86873952
2018-02-26 00:00:00+00:00,688379.0,191999.0,21079198.6660828,1.92409125,365294886.2091636,311321334.1487718
2018-02-27 00:00:00+00:00,699046.0,215369.0,23919658.0608032,1.98459986,384269790.29502743,398907626.3125302
2018-02-28 00:00:00+00:00,817155.0,190181.0,23172168.7464031,1.91774992,415731179.63849235,417861808.7471641
2018-03-01 00:00:00+00:00,821011.0,236700.0,24667147.3752033,2.0275908,468725841.1745499,325240357.8972499
2018-03-02 00:00:00+00:00,752300.0,192887.0,23321666.6092831,2.0411051,353525024.49320936,299029942.3042144
2018-03-03 00:00:00+00:00,934083.0,179832.0,26909615.3184037,2.11464502,237405445.61979222,274380921.8200225
2018-03-04 00:00:00+00:00,792569.0,154847.0,22125683.706243,2.11715719,222571953.39594507,212085828.77739468
2018-03-05 00:00:00+00:00,857168.0,205776.0,24020983.5292903,2.124487,379198298.8512198,363220226.74090266
2018-03-06 00:00:00+00:00,834323.0,208778.0,25517998.1075581,1.96727059,331562292.8625684,307146360.29203284
2018-03-07 00:00:00+00:00,922143.0,212833.0,25681575.018504,1.82720774,397143368.1185474,372727044.53740066
2018-03-08 00:00:00+00:00,903578.0,189879.0,26499459.5732334,1.72480924,298074798.03181034,432603420.5434648
2018-03-09 00:00:00+00:00,888997.0,202179.0,23882228.9980992,1.72471755,452613349.0101342,450872120.953577
2018-03-10 00:00:00+00:00,803717.0,149505.0,22900767.5324239,1.6363096,158121911.69177267,192153908.8694072
2018-03-11 00:00:00+00:00,889324.0,157234.0,25027267.3747204,1.76958222,235717418.78500986,203659315.19398448
2018-03-12 00:00:00+00:00,828676.0,185230.0,26335882.6622875,1.70331347,244354671.63836822,263973607.62850198
2018-03-13 00:00:00+00:00,773506.0,199201.0,25845151.9294498,1.70702426,313496125.4595159,308218077.3847916
2018-03-14 00:00:00+00:00,580666.0,193089.0,23555075.1762074,1.53691592,310065227.81192005,268271382.16777182
2018-03-15 00:00:00+00:00,602746.0,201087.0,23555075.1762074,1.54749227,364627794.1379298,312427057.34138167
2018-03-16 00:00:00+00:00,601517.0,188256.0,25517998.1075581,1.56958433,234478822.7612444,248012429.73152757
2018-03-17 00:00:00+00:00,452543.0,151432.0,24372959.7309369,1.47896206,149371875.03498217,156780866.20561826
2018-03-18 00:00:00+00:00,535510.0,164511.0,25426608.9713916,1.5372127,336981774.0013053,177571683.63299936
2018-03-19 00:00:00+00:00,587514.0,193494.0,26679206.959874,1.60262445,358205183.873441,262485184.97583672
2018-03-20 00:00:00+00:00,567891.0,193222.0,21859737.3155097,1.66984764,288599867.4952208,286172918.7172437
2018-03-21 00:00:00+00:00,586910.0,199262.0,26162835.2122636,1.66685407,287927951.0199551,263716371.79475585
2018-03-22 00:00:00+00:00,577941.0,180421.0,24613719.9694322,1.6366036,237099639.8683543,269129423.11772203
2018-03-23 00:00:00+00:00,619608.0,177341.0,22892480.8107306,1.64830412,246413640.01904547,250182968.01040056
2018-03-24 00:00:00+00:00,543804.0,159401.0,26851330.8757442,1.61787156,185779873.1132208,180307759.2249772
2018-03-25 00:00:00+00:00,454187.0,137632.0,23236728.6424709,1.58785272,127657946.25733061,141742941.5335101
2018-03-26 00:00:00+00:00,582295.0,187477.0,25818587.3805233,1.54056226,298738392.9815425,296797844.3440481
2018-03-27 00:00:00+00:00,598612.0,185428.0,26162835.2122636,1.47972397,196984506.9722158,197928434.78443128
2018-03-28 00:00:00+00:00,552755.0,181035.0,23236728.6424709,1.49995286,206785435.81096566,199026619.3635449
2018-03-29 00:00:00+00:00,559619.0,189556.0,26162835.2122636,1.34902071,325533887.72343034,232884130.59065086
2018-03-30 00:00:00+00:00,571020.0,183947.0,27884074.3709651,1.30076662,359458773.1453312,296330869.9903939
2018-03-31 00:00:00+00:00,475498.0,149294.0,22031861.2313799,1.31875342,206446185.72807312,234848527.14212584
2018-04-01 00:00:00+00:00,425276.0,133901.0,28151789.8209148,1.29804435,170228636.2912395,156937664.6528203
2018-04-02 00:00:00+00:00,485666.0,167141.0,27227579.616214,1.34269917,226155692.93076164,202526404.50663263
2018-04-03 00:00:00+00:00,605514.0,203600.0,28449329.9836082,1.41752889,491127617.7914822,425600951.5040403
2018-04-04 00:00:00+00:00,565002.0,183926.0,25656757.7152785,1.29795987,267484755.30043614,254248403.67276672
2018-04-05 00:00:00+00:00,534893.0,181407.0,27227579.616214,1.30312944,347347830.0429455,330055177.24194944
2018-04-06 00:00:00+00:00,631476.0,169899.0,24085935.8143431,1.26963243,162681960.27286327,267601617.84408516
2018-04-07 00:00:00+00:00,502038.0,155865.0,31416438.0187084,1.32349168,154840742.20273,163707108.9382307
2018-04-08 00:00:00+00:00,414992.0,139770.0,28100258.450067,1.34758367,114656578.77273718,98093984.1247789
2018-04-09 00:00:00+00:00,535496.0,174115.0,25656757.7152785,1.29733763,182573586.95407104,231186880.14149985
2018-04-10 00:00:00+00:00,569509.0,188256.0,28623865.7503788,1.3143587,195431488.74466282,209165538.9682347
2018-04-11 00:00:00+00:00,533732.0,179955.0,28100258.450067,1.33919481,275790836.8574547,232710163.87387234
2018-04-12 00:00:00+00:00,629328.0,216526.0,26878508.0826727,1.52215846,462769445.3752592,337364684.46517736
2018-04-13 00:00:00+00:00,638968.0,213311.0,28798401.5171494,1.52369622,348657175.71554047,413927270.86815923
2018-04-14 00:00:00+00:00,502546.0,165043.0,25934796.2703183,1.54037773,211278944.8592489,150478813.9939359
2018-04-15 00:00:00+00:00,590187.0,170677.0,31109116.9538305,1.60406337,175650743.93909037,156109047.43343747
2018-04-16 00:00:00+00:00,721332.0,194303.0,26910340.4324546,1.54777167,214461985.12270582,247660272.92915687
2018-04-17 00:00:00+00:00,614295.0,204094.0,30918263.4755861,1.51791712,559570638.0644559,645784629.9479498
2018-04-18 00:00:00+00:00,588686.0,200441.0,30536556.5190974,1.57002305,297389266.4623798,262699875.5839491
2018-04-19 00:00:00+00:00,657714.0,215282.0,33971919.1274958,1.58612722,358177292.2746543,385680725.6749769
2018-04-20 00:00:00+00:00,661833.0,210669.0,26146926.5194772,1.69131108,568648224.4752288,576396662.2626545
2018-04-21 00:00:00+00:00,602722.0,191121.0,30345703.0408531,1.69378446,382837284.7104001,469026855.1218511
2018-04-22 00:00:00+00:00,502665.0,168980.0,30536556.5190974,1.68092587,266672687.54962885,281223463.7015362
2018-04-23 00:00:00+00:00,642298.0,227377.0,29200582.1713869,1.70339486,350525780.1175337,345948693.59124476
2018-04-24 00:00:00+00:00,776436.0,253956.0,30345703.0408531,1.83531084,895535193.5493377,890258411.7077726
2018-04-25 00:00:00+00:00,701507.0,217684.0,23474977.8240562,1.68455575,447941627.51446384,576838725.0056622
2018-04-26 00:00:00+00:00,661663.0,217258.0,26910340.4324546,1.75708104,387050104.7453171,363381890.12864774
2018-04-27 00:00:00+00:00,674680.0,212647.0,27882432.4329455,1.70402847,402233039.8375963,353239940.1224972
2018-04-28 00:00:00+00:00,541764.0,194970.0,25592018.8297845,1.77091583,567366649.1299982,580513049.0022565
2018-04-29 00:00:00+00:00,549120.0,183812.0,31590148.2430152,1.78054751,294503917.74159753,257536958.38757342
2018-04-30 00:00:00+00:00,645424.0,215603.0,30990335.3016921,1.74740041,330890547.6184462,348995837.7408384
2018-05-01 00:00:00+00:00,634217.0,198167.0,31590148.2430152,1.71724649,270880092.67700034,296220057.29503024
2018-05-02 00:00:00+00:00,673769.0,210896.0,27991270.5950767,1.7386519,279944564.6491696,289672108.08202285
2018-05-03 00:00:00+00:00,660104.0,227954.0,30190584.7132614,1.83904816,463086868.3955577,348216721.2760479
2018-05-04 00:00:00+00:00,710689.0,224579.0,27591395.3008614,1.82662477,436167196.2558646,393435185.4524285
2018-05-05 00:00:00+00:00,606625.0,195965.0,32189961.1843383,1.84393794,264745038.20697993,207842665.5689512
2018-05-06 00:00:00+00:00,535825.0,172671.0,27391457.6537537,1.80577797,285817883.86228806,311691865.13302064
2018-05-07 00:00:00+00:00,662775.0,204816.0,29990647.0661537,1.75762436,411134270.1265382,385660896.40257275
2018-05-08 00:00:00+00:00,665870.0,219628.0,27791332.9479691,1.73387152,360825130.8282805,358432187.42000204
2018-05-09 00:00:00+00:00,603396.0,204710.0,31990023.5372306,1.74723256,299635816.4037815,314127029.684187
2018-05-10 00:00:00+00:00,633729.0,215367.0,30790397.6545844,1.69887071,369852088.24236333,431192534.0495504
2018-05-11 00:00:00+00:00,772234.0,207053.0,26155095.4999563,1.58493865,428702246.0490023,390246150.68655515
2018-05-12 00:00:00+00:00,563749.0,181270.0,33988897.1882542,1.5974431,249581187.37428892,186140699.09495366
2018-05-13 00:00:00+00:00,488836.0,159530.0,30487010.8112825,1.63680889,192643740.4820431,206998674.50344983
2018-05-14 00:00:00+00:00,641192.0,211328.0,27191117.7506033,1.62361239,347332158.4181083,377197146.1258065
2018-05-15 00:00:00+00:00,624136.0,208197.0,30075024.1786976,1.58958164,266084945.49946582,298985627.92887115
2018-05-16 00:00:00+00:00,617403.0,213978.0,36872803.6163485,1.56132079,268512941.5501228,331815875.7279814
2018-05-17 00:00:00+00:00,635676.0,190427.0,27191117.7506033,1.50426871,260105741.35176188,274101681.3487587
2018-05-18 00:00:00+00:00,701918.0,216419.0,30487010.8112825,1.5392871,310029485.1316771,303666447.8303181
2018-05-19 00:00:00+00:00,500408.0,167502.0,31722970.7090372,1.53821787,125628546.84333421,138423554.03351685
2018-05-20 00:00:00+00:00,483041.0,159863.0,29663037.5461127,1.59036292,154012381.14384758,154381798.60665613
2018-05-21 00:00:00+00:00,620329.0,201185.0,32340950.6579146,1.56883389,258643248.00070208,232288343.45409307
2018-05-22 00:00:00+00:00,595706.0,207023.0,31104990.7601599,1.49717102,222709188.04307687,227466202.89097664
2018-05-23 00:00:00+00:00,636565.0,222546.0,33370917.2393768,1.40810171,371974843.17342454,279409625.9483382
2018-05-24 00:00:00+00:00,559734.0,202902.0,30032592.1199289,1.41826534,347242471.042207,328901591.1235566
2018-05-25 00:00:00+00:00,624713.0,198774.0,37681533.9302757,1.39150485,209671813.18854722,260788020.0813821
2018-05-26 00:00:00+00:00,459370.0,155834.0,34684139.1858219,1.37360478,116330169.32982807,129086287.6109525
2018-05-27 00:00:00+00:00,441802.0,143384.0,35112338.4350296,1.37644815,106851111.01046889,146987988.86397287
2018-05-28 00:00:00+00:00,598556.0,192951.0,33399541.4381989,1.33597351,229649491.15701878,240290661.21907252
2018-05-29 00:00:00+00:00,600021.0,204915.0,29759847.8199336,1.40088628,314100136.2959108,330548311.40909505
2018-05-30 00:00:00+00:00,596173.0,204891.0,37253334.681068,1.38664652,225595627.67039534,228968709.05632654
2018-05-31 00:00:00+00:00,620191.0,206264.0,36396936.1826526,1.40689168,239980573.3335621,289286469.4564
2018-06-01 00:00:00+00:00,683588.0,201858.0,35540537.6842373,1.41524122,236263602.55050588,243898876.83167377
2018-06-02 00:00:00+00:00,524370.0,175813.0,32543142.9397835,1.43730299,164985285.10818782,117773270.90734176
2018-06-03 00:00:00+00:00,542740.0,167198.0,34898238.8104258,1.44919617,156921704.30500108,153348892.029192
2018-06-04 00:00:00+00:00,694350.0,205524.0,39180231.3025025,1.40952829,227522911.1639126,187287110.28107604
2018-06-05 00:00:00+00:00,655014.0,214242.0,38570079.4652277,1.43371987,204347437.15078792,210149405.54132402
2018-06-06 00:00:00+00:00,653426.0,207161.0,36103754.4868986,1.44133056,228039867.88497776,224437394.7075188
2018-06-07 00:00:00+00:00,635530.0,207335.0,35121339.3988197,1.44450247,194909689.11164963,223232888.29745665
2018-06-08 00:00:00+00:00,640966.0,197681.0,35612546.9428592,1.43712165,182739349.60970452,201284147.25131786
2018-06-09 00:00:00+00:00,503993.0,176022.0,35121339.3988197,1.42518183,141419383.72249633,114785989.00533627
2018-06-10 00:00:00+00:00,527886.0,178072.0,31191679.0465042,1.27551954,229563133.76673278,174296463.23961017
2018-06-11 00:00:00+00:00,586393.0,213701.0,34384528.0827606,1.29750932,273178976.4072818,311207950.3205122
2018-06-12 00:00:00+00:00,662032.0,216723.0,35612546.9428592,1.23858038,238249430.3498306,235744227.2814067
2018-06-13 00:00:00+00:00,660241.0,212718.0,35121339.3988197,1.20092906,260346482.0361506,227996145.04725385
2018-06-14 00:00:00+00:00,586144.0,212115.0,37577377.119017,1.2632478,272070324.8677732,273133479.60026836
2018-06-15 00:00:00+00:00,613937.0,201252.0,37577377.119017,1.22097074,193485332.5941992,194124998.90595713
2018-06-16 00:00:00+00:00,434955.0,155858.0,40770226.1552733,1.23955794,98546168.51585539,112919422.01974653
2018-06-17 00:00:00+00:00,439145.0,145540.0,38559792.2070958,1.23172728,139030593.78614017,121589033.7934784
2018-06-18 00:00:00+00:00,569167.0,194397.0,40279018.6112339,1.28056779,180243468.92750815,173525887.7188769
2018-06-19 00:00:00+00:00,628857.0,192770.0,38748592.0678864,1.28664559,160651256.4558249,182094844.25829625
2018-06-20 00:00:00+00:00,590701.0,199288.0,39122596.1405431,1.29123078,165213294.94546115,182167426.55828953
2018-06-21 00:00:00+00:00,556428.0,200306.0,42908653.8315634,1.28466547,198969017.97231928,207236546.4030066
2018-06-22 00:00:00+00:00,616964.0,202454.0,38112980.756271,1.16113556,270358591.1145063,257942096.98336616
2018-06-23 00:00:00+00:00,473376.0,159934.0,40384615.3708832,1.18384639,105453615.8072089,115045175.75842166
2018-06-24 00:00:00+00:00,465159.0,160718.0,43161057.6776314,1.17963703,166544863.7141014,143611262.65915966
2018-06-25 00:00:00+00:00,618481.0,202227.0,39627403.8326791,1.19907224,234123398.49523053,226414882.39155966
2018-06-26 00:00:00+00:00,601757.0,189209.0,36850961.5259309,1.17183193,159959752.58362243,155975708.5169565
2018-06-27 00:00:00+00:00,591319.0,189544.0,30540865.3742304,1.19000509,227467622.47861433,203932807.03616858
2018-06-28 00:00:00+00:00,566389.0,195746.0,39627403.8326791,1.13776355,191765814.53883737,146721988.4373023
2018-06-29 00:00:00+00:00,584573.0,194630.0,38112980.756271,1.20834141,196539605.5270268,167611659.67078286
2018-06-30 00:00:00+00:00,560237.0,177709.0,35588942.2955908,1.23851505,148932045.72947246,138139371.31891993
2018-07-01 00:00:00+00:00,476547.0,153443.0,37103365.3719989,1.23860628,91493386.13088208,95422710.99279986
2018-07-02 00:00:00+00:00,662310.0,206702.0,36328697.2314513,1.28633397,205377021.34984082,207874050.69045588
2018-07-03 00:00:00+00:00,655359.0,217338.0,30929068.6931176,1.26579418,179483014.70606002,290401824.28081167
2018-07-04 00:00:00+00:00,594400.0,201935.0,35728406.9386013,1.28137705,144018477.17652595,153057767.95607206
2018-07-05 00:00:00+00:00,555588.0,202507.0,36528296.646182,1.27324533,228941138.0249147,212538968.76695314
2018-07-06 00:00:00+00:00,640591.0,200485.0,42660784.4043001,1.28661278,214945977.72626847,248599706.853621
2018-07-07 00:00:00+00:00,460458.0,164668.0,41594264.7941926,1.31378163,97568446.67199317,93580525.28862415
2018-07-08 00:00:00+00:00,501981.0,157910.0,42127524.5992464,1.30865599,92769246.43766464,127842657.38983919
2018-07-09 00:00:00+00:00,627774.0,206977.0,36261666.7436551,1.30098801,142747190.97826618,176784370.7870539
2018-07-10 00:00:00+00:00,669373.0,215433.0,39727855.4765045,1.2330456,197823916.0532846,174929311.17213595
2018-07-11 00:00:00+00:00,636817.0,201326.0,35995036.8411282,1.24746562,150551748.73458168,182333779.97089297
2018-07-12 00:00:00+00:00,923421.0,207840.0,37594816.2562895,1.20621817,143136295.3839309,152016576.6409119
2018-07-13 00:00:00+00:00,941540.0,206358.0,38128076.0613432,1.21722522,170825921.28822216,211021670.78478763
2018-07-14 00:00:00+00:00,793757.0,175324.0,35461777.0360745,1.22667095,66484722.132611,89769675.07711163
2018-07-15 00:00:00+00:00,502106.0,158295.0,35461777.0360745,1.24480827,85654557.52889904,86779324.9279092
2018-07-16 00:00:00+00:00,602482.0,213849.0,31995588.3032251,1.31568081,221834601.65092206,156818654.2337249
2018-07-17 00:00:00+00:00,681518.0,232829.0,41051426.467194,1.43309368,254126285.34638736,191984244.47768497
2018-07-18 00:00:00+00:00,762246.0,233249.0,44793365.5190134,1.44339934,265487712.32144418,238685718.36309665
2018-07-19 00:00:00+00:00,626926.0,225038.0,44021066.1135132,1.46018625,206985767.65014327,215245581.09188592
2018-07-20 00:00:00+00:00,653321.0,226470.0,39644702.8156786,1.43265396,252230841.61125892,195961020.21080413
2018-07-21 00:00:00+00:00,511119.0,186978.0,35268339.5178439,1.44833778,130995425.0171179,120126849.70413089
2018-07-22 00:00:00+00:00,459458.0,167495.0,46852830.6003474,1.44583406,88443623.45667535,91657792.30342837
2018-07-23 00:00:00+00:00,716690.0,229101.0,42733900.4376795,1.50619599,273792177.62841195,203180007.84680077
2018-07-24 00:00:00+00:00,717759.0,259522.0,40931868.4915123,1.63581402,348254502.0197167,283510562.67417306
2018-07-25 00:00:00+00:00,771199.0,248976.0,45565664.9245137,1.59635249,273082450.57058865,264628051.67651996
2018-07-26 00:00:00+00:00,641543.0,230206.0,42476467.3025127,1.5404035,190715983.19108155,196658049.93570393
2018-07-27 00:00:00+00:00,721812.0,232444.0,42991333.5728462,1.58953743,221237725.25000262,241064877.4021528
2018-07-28 00:00:00+00:00,545883.0,181696.0,37327804.5991779,1.59195773,99915927.84723894,93866431.71555306
2018-07-29 00:00:00+00:00,494042.0,172401.0,47480188.0482407,1.59809411,95859671.86099507,97382892.2815347
2018-07-30 00:00:00+00:00,638966.0,231060.0,39630250.2088987,1.5863148,241694129.34667194,218261268.12104338
2018-07-31 00:00:00+00:00,696566.0,243458.0,43474975.9754336,1.50002457,261356235.31822455,212890631.11140284
2018-08-01 00:00:00+00:00,698015.0,238104.0,44362220.3830956,1.47548838,201489738.9193244,246801824.97980872
2018-08-02 00:00:00+00:00,622521.0,222669.0,45249464.7907575,1.46550321,180719688.67295298,153934364.30678928
2018-08-03 00:00:00+00:00,694601.0,232465.0,49094190.5572924,1.44098379,257403441.66828611,192943625.2482909
2018-08-04 00:00:00+00:00,547308.0,192558.0,52051671.9161655,1.36290424,121072419.54992929,130371519.17169116
2018-08-05 00:00:00+00:00,495532.0,171233.0,47319701.7419686,1.36894032,101437056.25944202,83080685.1544543
2018-08-06 00:00:00+00:00,651894.0,219051.0,38743005.8012368,1.35040999,144072978.6105379,180007509.78869158
2018-08-07 00:00:00+00:00,710766.0,236513.0,44657968.5189829,1.31126727,195920486.17288613,165980779.2219161
2018-08-08 00:00:00+00:00,634443.0,229381.0,46432457.3343067,1.22457474,246257765.04629934,209390776.6574867
2018-08-09 00:00:00+00:00,636143.0,224091.0,44066472.2472083,1.28263103,241198081.87272495,212821084.4811725
2018-08-10 00:00:00+00:00,656819.0,224863.0,52051671.9161655,1.20148237,164916689.13121286,197716895.50627604
2018-08-11 00:00:00+00:00,523641.0,192213.0,52485702.5441051,1.23709272,128858758.9246561,125020097.5020547
2018-08-12 00:00:00+00:00,486939.0,168546.0,49230273.0794214,1.237715,93321288.67658578,92411210.74748904
2018-08-13 00:00:00+00:00,602328.0,217348.0,47642199.7542788,1.22859486,197270484.28200397,189501947.94288477
2018-08-14 00:00:00+00:00,672592.0,252662.0,43195594.4438794,1.21462636,269892078.9183884,251678733.70256418
2018-08-15 00:00:00+00:00,677460.0,246292.0,51135961.0695926,1.23272558,200837849.3953881,262892154.04998294
2018-08-16 00:00:00+00:00,621029.0,231430.0,50183117.074507,1.23701888,144570140.0515524,141590841.7224029
2018-08-17 00:00:00+00:00,650774.0,235627.0,48277429.0843358,1.28997856,191472007.26796508,129985148.30149795
2018-08-18 00:00:00+00:00,498238.0,189867.0,50818346.404564,1.25820087,94262266.63316886,83720288.05679831
2018-08-19 00:00:00+00:00,502449.0,160808.0,46054126.4291361,1.27574994,60934373.35536918,66606979.33535217
2018-08-20 00:00:00+00:00,639365.0,219696.0,47642199.7542788,1.23354388,144458179.2500139,146271540.53124508
2018-08-21 00:00:00+00:00,589991.0,219552.0,47006970.4242217,1.27272294,185113924.1291378,144669721.13452068
2018-08-22 00:00:00+00:00,622189.0,224396.0,50818346.404564,1.25162869,224756955.4905388,197970220.87285432
2018-08-23 00:00:00+00:00,574017.0,217634.0,47324585.0892502,1.28108729,180020520.33553678,211974346.57652333
2018-08-24 00:00:00+00:00,633016.0,221813.0,47295605.0753526,1.31632801,205562332.279937,184443559.36834767
2018-08-25 00:00:00+00:00,540988.0,194213.0,45145645.9144945,1.32478942,115352533.80893216,92454617.94332862
2018-08-26 00:00:00+00:00,495145.0,170466.0,57853309.2089448,1.31333891,112623125.38992667,87878093.1583309
2018-08-27 00:00:00+00:00,675295.0,227920.0,61866255.5124554,1.34163355,199744743.81888008,184735318.5540399
2018-08-28 00:00:00+00:00,676219.0,236793.0,51165065.3697604,1.38993223,257234413.6761775,177485822.47160336
2018-08-29 00:00:00+00:00,643056.0,235130.0,46483294.6823314,1.37670606,219854473.7329727,177549484.54216537
2018-08-30 00:00:00+00:00,626114.0,233686.0,51499477.5617197,1.36359134,206619755.97447804,161383992.4594669
2018-08-31 00:00:00+00:00,658225.0,238587.0,51833889.7536789,1.37493819,224236442.6656879,210346089.24505797
2018-09-01 00:00:00+00:00,556577.0,211324.0,50496240.985842,1.40711254,156964491.45048785,115024664.36800782
2018-09-02 00:00:00+00:00,491997.0,184405.0,48155355.6421275,1.42507788,123059796.87895988,110368955.11993976
2018-09-03 00:00:00+00:00,616107.0,224964.0,48155355.6421275,1.41924297,181026680.392601,151125140.18679065
2018-09-04 00:00:00+00:00,646393.0,239053.0,42135936.1868616,1.43842941,249370987.50131658,191879578.807356
2018-09-05 00:00:00+00:00,644928.0,239620.0,44142409.3386169,1.32907873,265916838.0914122,204265461.69311514
2018-09-06 00:00:00+00:00,659910.0,251946.0,50161828.7938828,1.27139307,316965298.8316233,221568488.58008096
2018-09-07 00:00:00+00:00,694327.0,230315.0,52746513.6394839,1.25683206,172067228.49264205,200447001.27620777
2018-09-08 00:00:00+00:00,541935.0,204695.0,52338942.9548858,1.21428401,95461625.01775068,84740690.37819362
2018-09-09 00:00:00+00:00,506971.0,189529.0,56874984.6776426,1.22689803,112663679.30156969,112792664.48707575
2018-09-10 00:00:00+00:00,620579.0,222834.0,47105048.6593973,1.23657997,149872706.2957339,154127227.44868878
2018-09-11 00:00:00+00:00,642145.0,235440.0,49198606.3775927,1.23448848,156117648.73581177,161679540.73197207
2018-09-12 00:00:00+00:00,602958.0,234777.0,58619616.1094721,1.24485106,184113952.57378194,178223737.47750732
2018-09-13 00:00:00+00:00,618775.0,238597.0,51641090.382154,1.27856168,423653727.92537147,417910106.2985953
2018-09-14 00:00:00+00:00,615099.0,222661.0,46058269.8002995,1.27941999,151294735.78388488,129067891.77335787
2018-09-15 00:00:00+00:00,547938.0,207837.0,48849680.0912268,1.28532707,100396345.5715948,79534752.21364872
2018-09-16 00:00:00+00:00,479019.0,183118.0,48500753.8048609,1.28016559,55591687.71822363,66258530.51761016
2018-09-17 00:00:00+00:00,616149.0,234503.0,47105048.6593973,1.23381568,127100076.10607673,111168851.2769235
2018-09-18 00:00:00+00:00,640750.0,243846.0,49547532.6639586,1.25024052,150899884.65448266,133820214.19792584
2018-09-19 00:00:00+00:00,638350.0,254819.0,54432500.6730812,1.25910583,150284907.7886671,135653307.84524083
2018-09-20 00:00:00+00:00,628755.0,256241.0,53860675.976615,1.28206545,165725317.38770458,154143558.310261
2018-09-21 00:00:00+00:00,713347.0,271751.0,51200543.8778614,1.3314931,267672155.25035265,235945631.51517567
2018-09-22 00:00:00+00:00,550844.0,219158.0,55111696.535198,1.32462421,105736127.829508,149337214.35189667
2018-09-23 00:00:00+00:00,524121.0,207166.0,53333899.8727723,1.32411544,80298655.177139,74070718.71506315
2018-09-24 00:00:00+00:00,601707.0,232771.0,52622781.207802,1.29944603,127606559.49008459,107808728.53305501
2018-09-25 00:00:00+00:00,653042.0,252662.0,60089527.1899902,1.26947306,155334638.2414871,187757162.53865415
2018-09-26 00:00:00+00:00,624467.0,244200.0,49422747.2154357,1.27892467,181358947.91149217,162099607.15861464
2018-09-27 00:00:00+00:00,642476.0,251227.0,50844984.5453763,1.3210537,180243845.0094797,177972984.02435297
2018-09-28 00:00:00+00:00,654875.0,248966.0,54756137.2027129,1.31014502,199492146.15119436,210832693.87521026
2018-09-29 00:00:00+00:00,564628.0,222847.0,54045018.5377426,1.30289231,88105742.58806686,112124600.68126464
2018-09-30 00:00:00+00:00,514766.0,202606.0,57956171.1950792,1.3069717,89795231.55076441,75533599.56225885
2018-10-01 00:00:00+00:00,688212.0,246557.0,56178374.5326535,1.29942083,161758724.89540565,169027189.02768028
2018-10-02 00:00:00+00:00,660448.0,240379.0,48711628.5504654,1.28953035,135875902.89939064,144706396.99398246
2018-10-03 00:00:00+00:00,695230.0,243276.0,51556103.2103466,1.2814305,174408789.67524472,161607213.08463722
2018-10-04 00:00:00+00:00,653916.0,248357.0,54987108.4738221,1.29764795,157619451.58937162,181282296.68657213
2018-10-05 00:00:00+00:00,686857.0,241297.0,48176505.2061282,1.30556584,114457560.31319132,132979521.61050443
2018-10-06 00:00:00+00:00,569596.0,211031.0,46323562.6982002,1.298913,72269822.90435316,86223594.50405255
2018-10-07 00:00:00+00:00,618542.0,227911.0,52623567.2251554,1.30175802,68152960.05062379,86984216.72350678
2018-10-08 00:00:00+00:00,643328.0,248404.0,50029447.7140562,1.30960738,138461623.43562853,129641472.84566234
2018-10-09 00:00:00+00:00,604271.0,227800.0,48176505.2061282,1.30696334,143594018.17019403,136089461.66167983
2018-10-10 00:00:00+00:00,651334.0,248451.0,53364744.2283266,1.29493068,188295372.418923,158627764.62823957
2018-10-11 00:00:00+00:00,689144.0,262974.0,58923571.7521107,1.22741162,259436284.1479029,278028299.9438019
2018-10-12 00:00:00+00:00,699176.0,241875.0,48917682.2092994,1.23438108,222929501.19815916,224074042.4858232
2018-10-13 00:00:00+00:00,553344.0,203529.0,52252978.7235698,1.23595286,74647852.14202522,95503012.4945192
2018-10-14 00:00:00+00:00,522288.0,189268.0,42247089.1807586,1.23348719,93185037.87435374,91782920.52708651
2018-10-15 00:00:00+00:00,711826.0,275017.0,60035337.2568675,1.28526524,369626151.76443404,526381097.73648554
2018-10-16 00:00:00+00:00,674140.0,253557.0,50029447.7140562,1.28989252,184403479.2194655,206480632.99315888
2018-10-17 00:00:00+00:00,662174.0,255908.0,51141213.218813,1.28666145,166491102.21358997,181781868.26354685
2018-10-18 00:00:00+00:00,673350.0,261959.0,50884200.6681646,1.27802221,200535378.8089565,188067362.0963707
2018-10-19 00:00:00+00:00,684662.0,251721.0,50702736.5834671,1.2749913,251221826.361343,168820092.16461596
2018-10-20 00:00:00+00:00,583046.0,225898.0,51059798.1087028,1.28642152,114680664.32302275,104723562.7808262
2018-10-21 00:00:00+00:00,540049.0,204835.0,49274490.4825244,1.28793139,68810902.10959709,71647375.32358453
2018-10-22 00:00:00+00:00,687801.0,258515.0,55344536.411531,1.28689576,160214500.86693615,230185975.45033154
2018-10-23 00:00:00+00:00,688951.0,259288.0,54987474.8862954,1.28492912,179424794.84040573,168863127.79124212
2018-10-24 00:00:00+00:00,630269.0,249113.0,40347952.3516322,1.2887609,154476547.83948016,148086531.18535873
2018-10-25 00:00:00+00:00,664579.0,258172.0,48917428.9572887,1.28694965,225424156.87477273,223591910.7842017
2018-10-26 00:00:00+00:00,681997.0,252435.0,51059798.1087028,1.28863398,149575125.49287143,147762525.6550695
2018-10-27 00:00:00+00:00,578121.0,234281.0,48560367.432053,1.28980748,90310908.71203987,81996438.62324499
2018-10-28 00:00:00+00:00,547630.0,215502.0,49988613.5329958,1.28937475,61711108.06408575,55085918.35986187
2018-10-29 00:00:00+00:00,708860.0,268291.0,52130982.6844099,1.26107732,213600769.03537753,169966633.51396275
2018-10-30 00:00:00+00:00,697640.0,287764.0,54987474.8862954,1.26329155,152961141.3402617,138552078.27622506
2018-10-31 00:00:00+00:00,694833.0,283381.0,58201028.6134165,1.27073654,184954295.99488145,158408926.96778145
2018-11-01 00:00:00+00:00,702856.0,287126.0,54989095.6997791,1.27883905,161898417.8013936,176384644.8863673
2018-11-02 00:00:00+00:00,764821.0,290925.0,51070835.0767113,1.27995054,325996340.13245034,180886368.88360044
2018-11-03 00:00:00+00:00,635423.0,247512.0,57499331.799654,1.276901,65509209.41785722,115629889.58118889
2018-11-04 00:00:00+00:00,619152.0,227689.0,43928060.9401084,1.29459494,89332763.6511098,81650642.28544548
2018-11-05 00:00:00+00:00,709024.0,295977.0,51427973.7835415,1.29123581,190002482.5246235,195948330.84608376
2018-11-06 00:00:00+00:00,698165.0,287608.0,45713754.4742591,1.2989943,233222247.5528893,180299845.047995
2018-11-07 00:00:00+00:00,708634.0,296293.0,46428031.8879194,1.31084446,208452760.72819167,184014324.14793867
2018-11-08 00:00:00+00:00,702459.0,276879.0,43213783.5264481,1.29195817,196852299.83552128,167461083.8470757
2018-11-09 00:00:00+00:00,696353.0,283042.0,45356615.767429,1.2768824,185703334.0954648,177475917.4064227
2018-11-10 00:00:00+00:00,583550.0,247175.0,46785170.5947495,1.28133653,73608980.4633824,68168530.14103475
2018-11-11 00:00:00+00:00,601176.0,252172.0,52142251.1972018,1.27781403,77402689.70717175,64789817.4013868
2018-11-12 00:00:00+00:00,680949.0,298929.0,49999418.9562209,1.27501457,170167007.8581548,136318755.62589175
2018-11-13 00:00:00+00:00,637890.0,273801.0,42856644.8196179,1.26499475,197587533.60423526,147898064.08027562
2018-11-14 00:00:00+00:00,734241.0,298332.0,48213725.4220701,1.12750028,307894278.09915745,224268679.37357304
2018-11-15 00:00:00+00:00,709708.0,291290.0,45356615.767429,1.12835655,376842162.9855614,363546666.53841734
2018-11-16 00:00:00+00:00,704543.0,281416.0,44814668.5643965,1.12138354,233509388.33721566,240396985.19801596
2018-11-17 00:00:00+00:00,587644.0,261511.0,47956936.4976081,1.12295891,91837701.2018832,107642591.80522984
2018-11-18 00:00:00+00:00,543353.0,238029.0,40680711.6496951,1.13432294,88939160.18172522,103278929.11598608
2018-11-19 00:00:00+00:00,680899.0,269543.0,41672924.128956,0.98256686,374307659.72917694,213240768.16025725
2018-11-20 00:00:00+00:00,769611.0,289046.0,43657349.0874777,0.89259762,446294742.7473126,365224956.6321959
2018-11-21 00:00:00+00:00,620393.0,256543.0,34727436.77413,0.94205218,219429052.76003638,230892796.37433612
2018-11-22 00:00:00+00:00,653846.0,264718.0,40349974.1566082,0.89310508,150030809.562963,168069897.861144
2018-11-23 00:00:00+00:00,624434.0,273038.0,41342186.635869,0.89181194,172734531.62664828,143532015.99265411
2018-11-24 00:00:00+00:00,578522.0,251955.0,47295461.5114342,0.79317203,152785016.96337643,100717286.68520458
2018-11-25 00:00:00+00:00,577253.0,241502.0,42003661.622043,0.82453777,255380492.02675307,150200816.05957848
2018-11-26 00:00:00+00:00,628614.0,255328.0,36711861.7326517,0.77562836,226824039.61632344,178880642.56568158
2018-11-27 00:00:00+00:00,627815.0,262477.0,43326611.5943908,0.7940544,220688892.679255,203745395.5646793
2018-11-28 00:00:00+00:00,630438.0,262267.0,39027024.1842604,0.88549955,295631929.0852539,300673739.353661
2018-11-29 00:00:00+00:00,612685.0,245371.0,34727436.77413,0.89130855,198680688.64312324,200346553.3940099
2018-11-30 00:00:00+00:00,597612.0,248304.0,33404486.8017821,0.8373706,543494773.9576372,470486021.928746
2018-12-01 00:00:00+00:00,579421.0,242745.0,41011449.1427821,0.8734641,204541170.3161863,182026844.6345609
2018-12-02 00:00:00+00:00,502649.0,221524.0,37704074.2119126,0.86368527,86052239.22929674,97893200.8803797
2018-12-03 00:00:00+00:00,586010.0,241785.0,34851039.8061178,0.80763958,233926340.3426725,205533222.77233264
2018-12-04 00:00:00+00:00,671416.0,268150.0,38734427.5898648,0.81335924,231920031.83537373,246599633.3665148
2018-12-05 00:00:00+00:00,609238.0,256736.0,36488953.5266842,0.78473772,232316055.1238513,199733399.36272871
2018-12-06 00:00:00+00:00,655016.0,280512.0,37892374.8161721,0.74841821,233160105.91454524,222621425.3384344
2018-12-07 00:00:00+00:00,658859.0,256146.0,31998005.4003231,0.72100902,224226023.11742094,169987602.48097154
2018-12-08 00:00:00+00:00,531426.0,231269.0,35646900.7529915,0.72908961,103517832.35062297,93447878.35170008
2018-12-09 00:00:00+00:00,518114.0,237071.0,35927585.0108891,0.75773343,87504883.41037773,92148714.84269547
2018-12-10 00:00:00+00:00,600210.0,253368.0,34804847.9792988,0.73200608,154493866.7116321,158894888.93215117
2018-12-11 00:00:00+00:00,635401.0,255759.0,35085532.2371964,0.7222971,164428532.79240417,144756386.16626835
2018-12-12 00:00:00+00:00,616176.0,258638.0,33682110.9477085,0.73845418,168635652.27941883,154012682.23393962
2018-12-13 00:00:00+00:00,638713.0,266702.0,36769637.7845818,0.7044642,129911339.2768094,110233767.70312768
2018-12-14 00:00:00+00:00,701381.0,278774.0,40979901.6530454,0.69277432,128594957.26924556,142369967.67866087
2018-12-15 00:00:00+00:00,594065.0,263117.0,41821954.4267381,0.69048064,68654805.8636235,66991223.36326259
2018-12-16 00:00:00+00:00,539434.0,225399.0,32278689.6582207,0.69338644,64330987.01931212,55346908.30098307
2018-12-17 00:00:00+00:00,682984.0,296295.0,44909481.2636114,0.75972613,179337577.27039662,154329687.34925398
2018-12-18 00:00:00+00:00,656410.0,269609.0,35632316.4387212,0.79650093,179217508.08219022,163655926.63714218
2018-12-19 00:00:00+00:00,701481.0,302963.0,37822407.4037366,0.80573894,225182900.08225593,225928750.40741393
2018-12-20 00:00:00+00:00,641537.0,282826.0,34268624.1577479,0.88611656,246720779.689667,220084395.46186107
2018-12-21 00:00:00+00:00,656212.0,280679.0,35537832.4598867,0.8376707,202487700.78278282,169351016.99321085
2018-12-22 00:00:00+00:00,551516.0,251236.0,44422290.5748584,0.86519497,90063114.42038593,90628812.36751238
2018-12-23 00:00:00+00:00,520086.0,249032.0,44676132.2352862,0.86090691,112113944.3237842,93599408.85661069
2018-12-24 00:00:00+00:00,583425.0,278193.0,38583932.3850198,0.88260111,178788585.95095688,157009564.45422277
2018-12-25 00:00:00+00:00,481186.0,259581.0,40360824.0080142,0.82260882,106167597.05389851,98614590.98643567
2018-12-26 00:00:00+00:00,536230.0,281142.0,39853140.6871587,0.83308567,121588203.23368141,103333933.84764944
2018-12-27 00:00:00+00:00,624625.0,302098.0,44168448.9144307,0.78552581,137925387.17778152,129609736.74918588
2018-12-28 00:00:00+00:00,644439.0,312462.0,42391557.2914363,0.85252346,174577920.86620566,180542350.0612489
2018-12-29 00:00:00+00:00,572182.0,265401.0,35030149.1390311,0.84031284,113224400.63344428,136025158.54851776
2018-12-30 00:00:00+00:00,514111.0,259817.0,44676132.2352862,0.8415034,57032814.45425984,62481324.59889927
2018-12-31 00:00:00+00:00,557851.0,262001.0,40567549.5659183,0.81213582,88893124.42166556,121058859.64147596
2019-01-01 00:00:00+00:00,433715.0,235813.0,41615985.2733756,0.8391035,49800651.65621852,56415278.15905496
2019-01-02 00:00:00+00:00,578607.0,271103.0,42174589.1025484,0.85907301,113310021.39798535,120502715.58649458
2019-01-03 00:00:00+00:00,598436.0,287081.0,43291796.7608941,0.83487141,129535265.62460342,155529407.5655358
2019-01-04 00:00:00+00:00,580495.0,283490.0,41615985.2733756,0.8447265,123172568.8410122,134495875.52408034
2019-01-05 00:00:00+00:00,519070.0,269637.0,45526212.0775854,0.83856669,80806106.85283847,61685578.24575998
2019-01-06 00:00:00+00:00,498140.0,251485.0,39381569.9566843,0.89346662,72001111.92985441,56937733.26471932
2019-01-07 00:00:00+00:00,613474.0,288254.0,39381569.9566843,0.8841578,137944909.65491635,113915423.62600222
2019-01-08 00:00:00+00:00,607366.0,317666.0,47202023.5651039,0.88278743,130157262.52886166,113924659.78858456
2019-01-09 00:00:00+00:00,619701.0,320698.0,45805513.9921718,0.88542141,121293594.44127442,130405381.75828177
2019-01-10 00:00:00+00:00,634499.0,322365.0,43571098.6754805,0.80976747,154539999.46162394,148049240.92489472
2019-01-11 00:00:00+00:00,623617.0,308638.0,41336683.3587892,0.80976244,137212626.093218,154708663.50612053
2019-01-12 00:00:00+00:00,521168.0,288972.0,38543664.212925,0.80855945,54741053.760515176,58904718.40263266
2019-01-13 00:00:00+00:00,477843.0,273864.0,38264362.2983386,0.784834,50651543.88697797,48388024.65275283
2019-01-14 00:00:00+00:00,604549.0,328198.0,43489353.9009638,0.82050798,135464698.79264754,118265311.19021626
2019-01-15 00:00:00+00:00,621686.0,303591.0,38609293.9848548,0.80090242,145989098.79688728,145892007.26403627
2019-01-16 00:00:00+00:00,639811.0,300170.0,38901788.6362552,0.80691139,125895883.73682049,107897919.02503335
2019-01-17 00:00:00+00:00,619396.0,301704.0,37146820.7278527,0.81482992,112726160.6803738,114892290.68451373
2019-01-18 00:00:00+00:00,606378.0,301071.0,40364261.8932572,0.80838072,92118511.51489657,96472319.20909955
2019-01-19 00:00:00+00:00,519467.0,278030.0,38901788.6362552,0.82616434,61986215.95362491,60211522.08037062
2019-01-20 00:00:00+00:00,518578.0,298153.0,45921660.2698651,0.79319975,56596817.775594726,52130069.090740226
2019-01-21 00:00:00+00:00,604061.0,317864.0,43874197.7100622,0.79297133,99721493.59535445,116077086.13504641
2019-01-22 00:00:00+00:00,594573.0,293737.0,38024304.6820539,0.80398567,120131294.24473956,123956370.49513447
2019-01-23 00:00:00+00:00,685141.0,294680.0,42704219.1044605,0.79874618,110232901.64305092,104965317.65239047
2019-01-24 00:00:00+00:00,619376.0,304938.0,47384133.5268671,0.80256605,99723613.55531004,107612078.19495493
2019-01-25 00:00:00+00:00,629078.0,301170.0,40364261.8932572,0.80172488,94520789.84281765,100225506.92263037
2019-01-26 00:00:00+00:00,585285.0,291468.0,43874197.7100622,0.8011809,49151113.37045015,53338575.18232998
2019-01-27 00:00:00+00:00,487233.0,269916.0,40071767.2418568,0.79718191,53718970.181303546,49351291.32796585
2019-01-28 00:00:00+00:00,650793.0,314000.0,42053315.6218028,0.77522856,154603312.8600104,165569328.1844845
2019-01-29 00:00:00+00:00,607365.0,322797.0,42201068.2451955,0.76708054,111536798.82209864,117934471.21737888
2019-01-30 00:00:00+00:00,622377.0,326328.0,39310584.1188122,0.77747695,150059047.41210723,139700164.28945833
2019-01-31 00:00:00+00:00,632855.0,355308.0,44802503.9589404,0.77173662,127040743.24175632,136503031.35480773
2019-02-01 00:00:00+00:00,654356.0,336300.0,45669649.1968553,0.78014383,164955846.46736404,197273535.74749157
2019-02-02 00:00:00+00:00,560738.0,326634.0,41622971.4199188,0.78422167,52447500.60487876,70200397.59948628
2019-02-03 00:00:00+00:00,518121.0,296555.0,39888680.9440889,0.77343528,50065801.13512653,44779373.86679905
2019-02-04 00:00:00+00:00,610696.0,333136.0,42490116.6578338,0.77384742,80011649.86190745,79762857.2038259
2019-02-05 00:00:00+00:00,645414.0,355590.0,42490116.6578338,0.77765737,79421727.54713927,76816740.14946473
2019-02-06 00:00:00+00:00,686774.0,349372.0,47403939.6726853,0.76510945,101905199.63565902,100139593.30934003
2019-02-07 00:00:00+00:00,645404.0,348678.0,50294423.7990685,0.76378864,113035779.72482651,85689369.7347702
2019-02-08 00:00:00+00:00,691966.0,338602.0,47114891.260047,0.8216013,151569450.6231035,129123968.87777932
2019-02-09 00:00:00+00:00,561955.0,311894.0,43357261.8957488,0.82367897,69983533.44306414,62009992.17746855
2019-02-10 00:00:00+00:00,501124.0,300848.0,41080343.9102215,0.8284814,59208965.094370216,55834751.48596256
2019-02-11 00:00:00+00:00,709903.0,306149.0,43691361.6410391,0.81717159,101495386.52397045,120407267.55016097
2019-02-12 00:00:00+00:00,809914.0,280287.0,38568926.1382966,0.81707553,113490041.29543974,100423145.90449186
2019-02-13 00:00:00+00:00,758224.0,351610.0,46101919.5246827,0.81622357,125716029.28155486,113693713.70914075
2019-02-14 00:00:00+00:00,617275.0,355246.0,42486082.6992174,0.81324408,94194200.6320799,89674971.69480816
2019-02-15 00:00:00+00:00,621340.0,293872.0,38267606.4028412,0.81432592,93781956.47482823,120883782.4513762
2019-02-16 00:00:00+00:00,587666.0,328238.0,45197960.3183164,0.81951471,63171798.296865776,50260892.92341743
2019-02-17 00:00:00+00:00,526787.0,333183.0,47909837.9374153,0.82849268,46394614.17910568,53406195.79310865
2019-02-18 00:00:00+00:00,693311.0,340577.0,46704558.9955936,0.88420768,146433550.88154772,135305668.73295644
2019-02-19 00:00:00+00:00,713530.0,350653.0,47005878.731049,0.89133025,174432882.79919797,155163973.78316262
2019-02-20 00:00:00+00:00,690103.0,314347.0,39171565.6092075,0.89885411,130417547.5622845,151185207.08728397
2019-02-21 00:00:00+00:00,643083.0,294962.0,35857048.5191977,0.89047082,135768662.22627774,134321334.8188986
2019-02-22 00:00:00+00:00,728261.0,348456.0,48813797.1437817,0.90331002,131603476.8341768,126950963.33743878
2019-02-23 00:00:00+00:00,581866.0,332241.0,43088722.1701283,0.94072884,76822101.84604675,77639500.0746241
2019-02-24 00:00:00+00:00,558515.0,319278.0,41300825.1419887,0.8599356,110584626.56362401,100982947.68030095
2019-02-25 00:00:00+00:00,679440.0,336764.0,43162133.9136362,0.87606044,159778344.11063895,158657650.15231022
2019-02-26 00:00:00+00:00,702086.0,366379.0,48595129.7908771,0.87035678,121003752.32014617,138615721.14258093
2019-02-27 00:00:00+00:00,668278.0,346851.0,42558467.7050539,0.8713884,121717737.28125687,115535419.71820584
2019-02-28 00:00:00+00:00,688385.0,363432.0,45274965.6436743,0.87032071,385835722.6193463,368963324.6630246
2019-03-01 00:00:00+00:00,727984.0,358837.0,48896962.8951683,0.87459349,105827400.08219625,134761551.88081074
2019-03-02 00:00:00+00:00,616539.0,333961.0,39841969.7664334,0.87461492,62218538.26609055,52255376.74335588
2019-03-03 00:00:00+00:00,553981.0,355233.0,44067633.2265097,0.86848471,81629068.59733082,69487385.6182829
2019-03-04 00:00:00+00:00,687289.0,298916.0,41351135.2878892,0.85007558,146673488.501058,131724324.63835311
2019-03-05 00:00:00+00:00,701551.0,286974.0,44973132.5393832,0.88264283,128857993.6361493,143043617.48946646
2019-03-06 00:00:00+00:00,734311.0,276931.0,38634637.3492687,0.88556451,145171410.14640525,174352585.2569435
2019-03-07 00:00:00+00:00,689254.0,284201.0,42860300.809345,0.88659022,126460416.01212034,112559705.06873457
2019-03-08 00:00:00+00:00,698786.0,281209.0,44067633.2265097,0.88315552,114040287.16726318,146011072.21739706
2019-03-09 00:00:00+00:00,604793.0,242010.0,41652968.3921804,0.89955742,86351162.22582118,93871421.08553699
2019-03-10 00:00:00+00:00,525757.0,213175.0,41044308.6239489,0.89825462,65538466.38980924,66191465.19176259
2019-03-11 00:00:00+00:00,749756.0,295205.0,42839445.3543402,0.88665284,138096043.77647376,134710920.51706904
2019-03-12 00:00:00+00:00,696573.0,283351.0,43141131.5892299,0.88880804,134139051.60552359,120593665.52137652
2019-03-13 00:00:00+00:00,720085.0,289611.0,40727641.7101121,0.88736975,148933774.5798099,126539268.99562912
2019-03-14 00:00:00+00:00,735928.0,296141.0,46761366.4079065,0.88808394,152997196.83577952,197815979.76568097
2019-03-15 00:00:00+00:00,715166.0,296890.0,46157993.938127,0.89930632,118864074.48271169,124625035.45025833
2019-03-16 00:00:00+00:00,602121.0,257699.0,49174856.2870242,0.92006352,80471606.08985665,72642773.59070529
2019-03-17 00:00:00+00:00,548345.0,229399.0,44046190.293899,0.91484274,50893960.74896785,57385866.60881321
2019-03-18 00:00:00+00:00,720573.0,295707.0,48571483.8172448,0.91560369,132184753.42613253,121880310.88537472
2019-03-19 00:00:00+00:00,739893.0,299996.0,52493404.8708111,0.92168535,143729716.4079243,122064153.47768314
2019-03-20 00:00:00+00:00,745772.0,309808.0,48571483.8172448,0.92967286,157003497.90027997,160330319.40966615
2019-03-21 00:00:00+00:00,705159.0,299110.0,43141131.5892299,0.91748018,136387814.5580688,140482546.16912365
2019-03-22 00:00:00+00:00,726789.0,300913.0,48571483.8172448,0.9194745,127039471.35387768,130972978.78808217
2019-03-23 00:00:00+00:00,566705.0,243553.0,43744504.0590093,0.91913227,70363717.19574149,69950658.43079185
2019-03-24 00:00:00+00:00,569884.0,225704.0,47567250.8442935,0.91670464,52106024.734580606,55575671.8797267
2019-03-25 00:00:00+00:00,715056.0,331828.0,46933020.8330363,0.90273487,128079233.55307041,144276250.87644356
2019-03-26 00:00:00+00:00,688572.0,364225.0,42493410.7542356,0.90526912,144326034.58437315,122001521.84835143
2019-03-27 00:00:00+00:00,778566.0,382838.0,47250135.8386649,0.93039612,170548279.64598122,180605132.1938301
2019-03-28 00:00:00+00:00,765998.0,391284.0,46298790.821779,0.92674903,146968490.48209247,146143827.15260488
2019-03-29 00:00:00+00:00,759323.0,372063.0,46615905.8274077,0.94438915,173935658.99618313,180974444.56969362
2019-03-30 00:00:00+00:00,683748.0,380746.0,44078985.7823787,0.944965,100815248.00073256,109830067.86927459
2019-03-31 00:00:00+00:00,623888.0,380878.0,44078985.7823787,0.94641855,93492758.57389225,81197134.30569178
2019-04-01 00:00:00+00:00,697929.0,368694.0,43127640.7654928,0.95655086,177102573.20154598,196021220.50086433
2019-04-02 00:00:00+00:00,879271.0,399631.0,49787055.8836939,1.12892016,491268212.2414982,367504048.6437872
2019-04-03 00:00:00+00:00,856707.0,359553.0,45030330.7992646,1.14051964,310112751.0487807,297219116.7619411
2019-04-04 00:00:00+00:00,802957.0,355050.0,44396100.7880073,1.12838804,284225963.5841828,294308205.4492444
2019-04-05 00:00:00+00:00,873077.0,389172.0,50104170.8893225,1.15614507,194271791.38415235,182323190.1398596
2019-04-06 00:00:00+00:00,677458.0,358555.0,44084457.1991955,1.15841744,106112763.47512797,104197828.91926709
2019-04-07 00:00:00+00:00,623548.0,350634.0,44809649.5150318,1.19121228,130579048.9931146,132680658.4942605
2019-04-08 00:00:00+00:00,778923.0,371209.0,47034242.0441469,1.21179209,284938614.5783764,269694598.2801334
2019-04-09 00:00:00+00:00,776284.0,346875.0,41949459.1204553,1.19099798,173114535.1238357,191505900.32001612
2019-04-10 00:00:00+00:00,773468.0,396407.0,47034242.0441469,1.21651316,225549244.16556743,287467562.12356824
2019-04-11 00:00:00+00:00,813510.0,402681.0,49894432.4387234,1.15695368,314257958.96506953,265190609.56122553
2019-04-12 00:00:00+00:00,763723.0,370652.0,47987638.842339,1.16368455,176650921.45934078,199505590.21854874
2019-04-13 00:00:00+00:00,602847.0,372612.0,42902855.9186475,1.16156591,113589527.33834176,137772006.60414362
2019-04-14 00:00:00+00:00,596510.0,337631.0,38771469.7931481,1.18135304,139333942.4245603,144676028.94558996
2019-04-15 00:00:00+00:00,767910.0,378373.0,46080845.2459547,1.15555322,228799169.7676083,183660688.96051487
2019-04-16 00:00:00+00:00,777026.0,360057.0,46080845.2459547,1.19224124,182940445.5333867,231249729.53447616
2019-04-17 00:00:00+00:00,734917.0,350486.0,43856252.7168397,1.1961381,264464465.7117913,205448445.1866242
2019-04-18 00:00:00+00:00,739768.0,383772.0,47352040.9768776,1.20765693,243123017.15009362,238675276.73296884
2019-04-19 00:00:00+00:00,798377.0,361175.0,48305437.7750698,1.20719787,144555057.60205194,138115159.23730505
2019-04-20 00:00:00+00:00,689643.0,316867.0,41631660.1877246,1.21246475,98437427.55848664,102854292.015528
2019-04-21 00:00:00+00:00,673424.0,391493.0,51189192.6714095,1.20835451,112607892.51413542,109102104.90515722
2019-04-22 00:00:00+00:00,646342.0,343644.0,42318655.5416624,1.22794551,157552407.9450328,141256641.2553575
2019-04-23 00:00:00+00:00,714325.0,308585.0,36634060.0211406,1.2632969,194510106.97160748,200401180.78544965
2019-04-24 00:00:00+00:00,875920.0,408325.0,51477170.5469476,1.238908,267173762.13130054,258271881.84324875
2019-04-25 00:00:00+00:00,751975.0,381671.0,45160953.3019233,1.17030753,226945529.1547231,231270422.18328407
2019-04-26 00:00:00+00:00,761966.0,382165.0,47687440.199933,1.17673094,273731980.3159326,327532953.35416526
2019-04-27 00:00:00+00:00,619281.0,360931.0,43266088.128416,1.18413668,109630451.48135577,134972757.81505787
2019-04-28 00:00:00+00:00,574359.0,370571.0,51477170.5469476,1.17650667,119751476.03478631,145896929.64565873
2019-04-29 00:00:00+00:00,807672.0,375559.0,51477170.5469476,1.17708337,249737721.0531995,296603547.8311546
2019-04-30 00:00:00+00:00,839425.0,343390.0,44213520.7151697,1.20333737,236676441.86540458,215257577.53662443
2019-05-01 00:00:00+00:00,760187.0,441332.0,54003657.4449573,1.21799733,144526036.97685936,145170099.60977855
2019-05-02 00:00:00+00:00,787748.0,453346.0,58109198.654223,1.23567987,179437496.20342976,185007315.98760325
2019-05-03 00:00:00+00:00,803354.0,380134.0,48003251.0621842,1.2951638,271840406.96089375,235914868.7782937
2019-05-04 00:00:00+00:00,658798.0,355688.0,43092854.4112328,1.32099457,154183443.97019133,144602899.18433604
2019-05-05 00:00:00+00:00,613917.0,329799.0,42978500.6950409,1.30956777,145778101.83798477,170160520.58180264
2019-05-06 00:00:00+00:00,776590.0,379526.0,50308167.4802416,1.29939268,171851458.75966462,203730781.9650309
2019-05-07 00:00:00+00:00,754405.0,331131.0,42312167.3509317,1.32870246,200790046.77395043,263512157.78159183
2019-05-08 00:00:00+00:00,839633.0,392431.0,50641334.1522962,1.35126305,203875579.85949087,241977303.88171977
2019-05-09 00:00:00+00:00,831454.0,362109.0,49975000.808187,1.39928506,263554309.21551907,239882689.78133884
2019-05-10 00:00:00+00:00,775704.0,322692.0,41645834.0068226,1.44472955,239859850.2996707,223330870.09616116
2019-05-11 00:00:00+00:00,773667.0,342753.0,43311667.3670955,1.6543368,350709625.6787375,360525245.19349366
2019-05-12 00:00:00+00:00,819732.0,335831.0,52640334.1846237,1.56569495,239353368.37403288,199359078.16572303
2019-05-13 00:00:00+00:00,882729.0,395478.0,55638834.2331149,1.74753483,438711825.90873355,341209072.1769857
2019-05-14 00:00:00+00:00,896277.0,365699.0,50641334.1522962,1.77133721,424423014.7448629,383282589.16518545
2019-05-15 00:00:00+00:00,879106.0,367621.0,49641834.1361325,1.81667469,497327434.71902525,367041230.25042254
2019-05-16 00:00:00+00:00,882945.0,376258.0,48642334.1199687,1.72799889,385270053.4134743,373640882.10652447
2019-05-17 00:00:00+00:00,903650.0,360950.0,50308167.4802416,1.61073752,369167711.18429536,387490703.87901103
2019-05-18 00:00:00+00:00,845558.0,356335.0,50987355.5821806,1.59950822,136507644.4406214,159042230.53920677
2019-05-19 00:00:00+00:00,750954.0,349207.0,54326123.0260991,1.80201739,227859066.36041304,159047182.14373177
2019-05-20 00:00:00+00:00,836865.0,382185.0,53659544.8294598,1.74723194,288222544.9472562,272146477.69553506
2019-05-21 00:00:00+00:00,888770.0,381653.0,50993232.0429028,1.74497388,247574096.92875645,216370284.28425288
2019-05-22 00:00:00+00:00,862194.0,394258.0,55659279.4193776,1.67542929,222914126.0003402,297109249.8341766
2019-05-23 00:00:00+00:00,825753.0,386213.0,52659677.5345009,1.72268374,284791625.21936995,251896632.73754227
2019-05-24 00:00:00+00:00,862849.0,375098.0,50993232.0429028,1.73899884,310521964.83754677,319054339.88575417
2019-05-25 00:00:00+00:00,701431.0,336585.0,46660473.7647477,1.75307893,114430516.28158413,113070750.1437799
2019-05-26 00:00:00+00:00,670124.0,378005.0,54992701.2227383,1.89396436,197171043.81043798,136323807.79168186
2019-05-27 00:00:00+00:00,884928.0,397195.0,55659279.4193776,1.90714924,351295504.6006903,270826725.8776792
2019-05-28 00:00:00+00:00,944118.0,387999.0,54659412.1244187,1.88105961,310670785.62073386,247972035.8927071
2019-05-29 00:00:00+00:00,887870.0,405506.0,57992303.107615,1.84071984,306017131.82911754,278557650.98757035
2019-05-30 00:00:00+00:00,862822.0,380276.0,53851726.7142329,1.75787076,333584430.0649344,284467036.90413076
2019-05-31 00:00:00+00:00,766989.0,297215.0,43386260.5763855,1.81476063,401024375.19627905,462495191.0335468
2019-06-01 00:00:00+00:00,850116.0,332532.0,55994233.7353351,1.81246057,184896900.2619333,150823118.2348506
2019-06-02 00:00:00+00:00,690143.0,296672.0,48577778.935953,1.8504971,143682681.2215299,121978970.54260041
2019-06-03 00:00:00+00:00,727530.0,298454.0,44127906.0563237,1.72701182,305992626.9553493,286376567.7198472
2019-06-04 00:00:00+00:00,911280.0,375104.0,57106701.9552424,1.62636908,325966503.37703586,343839383.1751354
2019-06-05 00:00:00+00:00,874396.0,372790.0,59331638.395057,1.65612566,276454690.2727512,289414095.4536397
2019-06-06 00:00:00+00:00,812486.0,364084.0,58219170.1751497,1.651342,222547862.09789315,238818410.33546713
2019-06-07 00:00:00+00:00,864227.0,350679.0,58589992.9151188,1.70183629,225968796.87738276,254191212.35216936
2019-06-08 00:00:00+00:00,617675.0,289229.0,45982019.7561692,1.6835165,117568376.92743985,110495365.3512722
2019-06-09 00:00:00+00:00,580387.0,303848.0,54510942.7754586,1.61842434,94555116.07974191,107067824.09175186
2019-06-10 00:00:00+00:00,809202.0,353081.0,58219170.1751497,1.69111483,256672091.57911605,237647558.1498739
2019-06-11 00:00:00+00:00,835542.0,342338.0,53027651.8155822,1.67511723,246875485.47442263,250847583.41516626
2019-06-12 00:00:00+00:00,795814.0,327686.0,48577778.935953,1.72008481,247465471.62556937,217412040.7149319
2019-06-13 00:00:00+00:00,892695.0,364181.0,55994233.7353351,1.73649236,261044971.32384416,224302809.58254158
2019-06-14 00:00:00+00:00,1041358.0,366631.0,62251625.6357354,1.82901577,260790605.3832919,315385755.2502065
2019-06-15 00:00:00+00:00,860753.0,328798.0,53775192.2320143,1.85878621,189220772.12182269,157372276.3361438
2019-06-16 00:00:00+00:00,689588.0,290875.0,47882020.4805607,1.88896018,289550074.31589836,196334897.06231374
2019-06-17 00:00:00+00:00,805931.0,324974.0,48986990.1839583,1.9511578,383539595.9132778,301535301.03016424
2019-06-18 00:00:00+00:00,950212.0,395670.0,60036687.2179338,1.88755922,332692011.92652637,254175748.09706146
2019-06-19 00:00:00+00:00,892254.0,393499.0,65193212.5004558,1.93150882,460402003.6471377,253336699.6207046
2019-06-20 00:00:00+00:00,839162.0,335359.0,53038545.7630826,1.98086596,299099881.230262,263348876.83066225
2019-06-21 00:00:00+00:00,842659.0,340137.0,48986990.1839583,2.08422475,385936976.62388754,400344450.6877961
2019-06-22 00:00:00+00:00,848072.0,348735.0,51933576.0596851,2.19688103,458239266.64417225,302356620.78543067
2019-06-23 00:00:00+00:00,875010.0,379617.0,66666505.4383192,2.2136737,257399411.87124568,204191523.2126495
2019-06-24 00:00:00+00:00,978017.0,389565.0,65193212.5004558,2.24706654,402305385.69145024,377581001.2189452
2019-06-25 00:00:00+00:00,911584.0,362627.0,53775192.2320143,2.37982686,404304995.32312065,427689684.88673204
2019-06-26 00:00:00+00:00,1035885.0,400110.0,60773333.6868655,2.57176389,996267891.673796,638748810.8657131
2019-06-27 00:00:00+00:00,891448.0,361594.0,55670540.6800857,2.21524309,678420627.2675406,565907512.0197453
2019-06-28 00:00:00+00:00,1008973.0,402045.0,64293187.5738047,2.44168454,524178056.3731411,575862692.5717064
2019-06-29 00:00:00+00:00,846946.0,359234.0,68631991.6432025,2.35329242,275168181.29923064,215406982.18891826
2019-06-30 00:00:00+00:00,675915.0,331336.0,59954383.5044069,2.13021037,417816349.78801227,204689965.41527167
2019-07-01 00:00:00+00:00,836709.0,334925.0,56404452.9021723,2.07558255,450800320.28220177,380202170.14292884
2019-07-02 00:00:00+00:00,894242.0,372380.0,62321003.9058966,2.11000412,400630161.76998985,348918919.04764134
2019-07-03 00:00:00+00:00,883931.0,397650.0,67843118.1760393,2.33157806,362914387.2134658,428791390.2982851
2019-07-04 00:00:00+00:00,814107.0,367092.0,65870934.5081312,2.17425127,459603984.6798188,321673577.0981598
2019-07-05 00:00:00+00:00,837154.0,383936.0,74548542.6469268,2.13840364,268391381.08889687,399683115.77752435
2019-07-06 00:00:00+00:00,654703.0,343762.0,70209738.577529,2.17712562,150310643.0396481,146126000.98355466
2019-07-07 00:00:00+00:00,614084.0,317421.0,60348820.2379885,2.22256119,152068250.9623323,142114103.15280572
2019-07-08 00:00:00+00:00,834590.0,382393.0,70209738.577529,2.37905472,470427903.99999255,279500582.97376424
2019-07-09 00:00:00+00:00,815561.0,360758.0,66020895.9353463,2.41917807,426638944.0446281,333128009.96405184
2019-07-10 00:00:00+00:00,802293.0,319829.0,58125055.93338185,2.31328701,506374218.4061481,358236200.36579025
2019-07-11 00:00:00+00:00,778056.0,324853.0,58125055.93338185,2.15704038,516819563.03753304,432398842.8030771
2019-07-12 00:00:00+00:00,899488.0,358858.0,73895419.94631507,2.24857787,313425625.303142,453981365.96409816
2019-07-13 00:00:00+00:00,645726.0,304776.0,63532037.880673245,2.15890911,170712140.75519624,206644252.60456207
2019-07-14 00:00:00+00:00,592612.0,303453.0,65334365.19643704,1.95875859,209964846.19316313,170842107.69676915
2019-07-15 00:00:00+00:00,757007.0,349052.0,65784947.02537798,2.07837284,306748917.6753664,372023845.8615963
2019-07-16 00:00:00+00:00,794106.0,363942.0,72994256.28843316,1.80452153,380048719.1849516,358464931.1791277
2019-07-17 00:00:00+00:00,739298.0,325893.0,59927383.24914565,1.84011447,411290177.38695925,390345375.8649356
2019-07-18 00:00:00+00:00,740918.0,316059.0,54520401.301854275,2.02312657,480292353.5660308,359711825.20115125
2019-07-19 00:00:00+00:00,732618.0,295703.0,53168655.81503144,1.9920017,332976668.96469194,360090713.08017415
2019-07-20 00:00:00+00:00,702633.0,316713.0,79752983.72254743,2.0519756,172045892.40164807,157362638.51039702
2019-07-21 00:00:00+00:00,558672.0,290166.0,67136692.51220085,1.99813946,114980893.43659665,132548503.16880453
2019-07-22 00:00:00+00:00,708667.0,319856.0,71191928.97266938,1.94697902,265914237.95285475,240327158.3203223
2019-07-23 00:00:00+00:00,702928.0,318384.0,64200324.93722811,1.86302934,268212572.10437256,331389165.16572016
2019-07-24 00:00:00+00:00,733358.0,297882.0,62282811.34553916,1.84274782,229183067.83153144,247546389.30412403
2019-07-25 00:00:00+00:00,764542.0,332671.0,67211666.91964662,1.86177246,191363501.63585675,241542057.91345745
2019-07-26 00:00:00+00:00,750605.0,321796.0,74380911.39107564,1.84937883,175988984.01479828,279424601.89674777
2019-07-27 00:00:00+00:00,587410.0,285151.0,68107822.47857523,1.7764295,141822060.33243048,150899549.0601198
2019-07-28 00:00:00+00:00,521206.0,270123.0,78413611.40625447,1.79184692,102010232.76933476,105151082.51934935
2019-07-29 00:00:00+00:00,738306.0,336634.0,75277066.95000428,1.75506806,226165671.2889977,193562412.69161132
2019-07-30 00:00:00+00:00,737831.0,325262.0,63627044.68393211,1.76975529,237516590.79262465,272756974.15778947
2019-07-31 00:00:00+00:00,786236.0,365194.0,76621300.28839722,1.85482085,252557847.2023808,231005004.62130702
2019-08-01 00:00:00+00:00,752575.0,333913.0,63627044.68393211,1.91516898,257835998.80224478,241063996.8920391
2019-08-02 00:00:00+00:00,775949.0,351743.0,75725144.72946858,1.93668955,331906634.92602915,292999074.15184885
2019-08-03 00:00:00+00:00,612854.0,321871.0,77517455.84732585,1.98633631,157795163.9836591,121589478.84401783
2019-08-04 00:00:00+00:00,583300.0,298741.0,74828989.17053996,2.0166431,140333428.76217028,106402975.68600778
2019-08-05 00:00:00+00:00,807955.0,339296.0,70546861.81990622,2.15209305,478185287.1888045,386778931.51516265
2019-08-06 00:00:00+00:00,850550.0,371039.0,79916269.03403816,2.07763358,485608400.48052186,748926559.3612938
2019-08-07 00:00:00+00:00,819832.0,370946.0,75945274.29942758,2.16935722,362259128.45173246,558150570.0025057
2019-08-08 00:00:00+00:00,815367.0,337539.0,70485156.53933802,2.15713659,314184178.33318585,281046287.537028
2019-08-09 00:00:00+00:00,749568.0,340632.0,72967028.24846964,2.13982687,323617268.4257658,283332536.41868234
2019-08-10 00:00:00+00:00,596821.0,296009.0,74952525.61577493,2.03923311,168775359.14204094,176449461.37638694
2019-08-11 00:00:00+00:00,550565.0,273676.0,75945274.29942758,2.07768124,109885066.50311844,103189337.34831214
2019-08-12 00:00:00+00:00,660039.0,303296.0,66017787.46290111,2.04944243,189332568.3624556,160857007.17900938
2019-08-13 00:00:00+00:00,873566.0,372239.0,77930771.66673285,1.95417056,211147457.8727481,223578819.68984425
2019-08-14 00:00:00+00:00,750768.0,360140.0,75448899.95760125,1.8019476,269220233.58207166,300178080.12448794
2019-08-15 00:00:00+00:00,701215.0,347508.0,77930771.66673285,1.85280853,301831702.6226878,352239661.9573364
2019-08-16 00:00:00+00:00,706459.0,329465.0,72967028.24846964,1.86332594,390662217.8301177,288607510.32813084
2019-08-17 00:00:00+00:00,565674.0,288730.0,63535915.753769495,1.83353888,127676807.80384304,106288576.4505436
2019-08-18 00:00:00+00:00,526730.0,272544.0,62789407.41868819,1.85527013,121695078.07992902,82928662.35752833
2019-08-19 00:00:00+00:00,711022.0,333840.0,82514504.79037575,1.95283046,242448695.66295716,285213552.8136207
2019-08-20 00:00:00+00:00,743636.0,329880.0,77452265.23268399,1.92992501,190978215.72605705,230973083.6586196
2019-08-21 00:00:00+00:00,784357.0,310110.0,68846457.984608,1.80967076,239011134.97500563,278568830.6350065
2019-08-22 00:00:00+00:00,808723.0,321501.0,71377577.76345386,1.81392145,208366727.23842284,186820689.56253237
2019-08-23 00:00:00+00:00,791057.0,341649.0,77452265.23268399,1.85888092,204357749.0944833,205248078.86675918
2019-08-24 00:00:00+00:00,700721.0,302706.0,80995832.92306823,1.81099778,99643239.34077978,129428174.52692056
2019-08-25 00:00:00+00:00,513916.0,288354.0,78464713.14422233,1.8021966,104530511.33598274,85832044.0143026
2019-08-26 00:00:00+00:00,759470.0,320470.0,69352681.94037716,1.8474094,280918561.6912268,200775445.09818438
2019-08-27 00:00:00+00:00,726784.0,324695.0,68340234.02883881,1.81156248,218530197.60005644,211223722.54779133
2019-08-28 00:00:00+00:00,705437.0,339895.0,76439817.32114564,1.73309226,218781855.7553652,246763554.86742607
2019-08-29 00:00:00+00:00,735396.0,346467.0,83526952.7019141,1.69107373,233400975.2990039,303556305.5032081
2019-08-30 00:00:00+00:00,734849.0,353926.0,80995832.92306823,1.70811556,207665502.40206635,303730250.0122345
2019-08-31 00:00:00+00:00,596235.0,334787.0,84033176.65768328,1.71310224,106279983.08107542,96587661.72687607
2019-09-01 00:00:00+00:00,574358.0,286147.0,76105398.3346369,1.7403943,88976120.23902497,89735155.07433276
2019-09-02 00:00:00+00:00,728155.0,332061.0,79786349.93155265,1.84745992,272053815.45175046,207958860.43924633
2019-09-03 00:00:00+00:00,799532.0,370996.0,87818532.81056806,1.88765943,337106878.6671887,229836289.58205134
2019-09-04 00:00:00+00:00,750620.0,324650.0,72825124.76973927,1.87870879,243604262.95185995,221872448.56527352
2019-09-05 00:00:00+00:00,744004.0,354399.0,88354011.66916907,1.8773914,294660657.2314512,187401766.95697314
2019-09-06 00:00:00+00:00,775304.0,361399.0,84605659.65896188,1.81873604,276919721.596317,265103303.2526772
2019-09-07 00:00:00+00:00,617013.0,313050.0,80321828.79015365,1.84632204,137006693.5310932,117488850.58678287
2019-09-08 00:00:00+00:00,567664.0,288498.0,94779757.97238144,1.83013043,115347023.88538717,100875850.74500892
2019-09-09 00:00:00+00:00,769573.0,316630.0,78179913.35574953,1.81652807,394815279.33927315,235919007.9858988
2019-09-10 00:00:00+00:00,807975.0,338913.0,97457152.26538657,1.77328813,221423518.0366826,256204610.6443891
2019-09-11 00:00:00+00:00,783950.0,335304.0,98528109.9825886,1.77786135,218239861.16701853,219264098.51395285
2019-09-12 00:00:00+00:00,757805.0,339021.0,84605659.65896188,1.82231036,250494631.48725316,190049173.03276476
2019-09-13 00:00:00+00:00,759154.0,304604.0,81990003.47587636,1.81108514,217599246.81563926,232856167.61146376
2019-09-14 00:00:00+00:00,652357.0,305924.0,91618125.62606,1.813611,106807543.54531273,97491854.38076796
2019-09-15 00:00:00+00:00,554317.0,269747.0,86889448.17439239,1.80307986,99360773.37666878,87905137.38128987
2019-09-16 00:00:00+00:00,779631.0,349425.0,96346803.07772762,1.79436332,254716716.37342674,224437447.90015078
2019-09-17 00:00:00+00:00,777701.0,344330.0,87480532.85585083,1.78283665,269805946.3736177,218172923.3044116
2019-09-18 00:00:00+00:00,855706.0,360321.0,102848734.57377057,1.77473473,243210025.58276072,241283763.2953779
2019-09-19 00:00:00+00:00,733322.0,347535.0,87480532.85585083,1.79282081,290555987.52185464,342692858.3310621
2019-09-20 00:00:00+00:00,742828.0,346533.0,89253786.90022619,1.77523927,286583283.2090518,271831453.5852549
2019-09-21 00:00:00+00:00,625288.0,327703.0,98120057.12210296,1.74318445,123568997.84740035,87598951.99434228
2019-09-22 00:00:00+00:00,606415.0,320368.0,98120057.12210296,1.7535283,118267178.84453647,120986566.69731213
2019-09-23 00:00:00+00:00,735518.0,291156.0,67383653.68626347,1.69241697,209935652.56749502,215351122.7764832
2019-09-24 00:00:00+00:00,840208.0,354704.0,92800294.9889769,1.5076985,717008381.2181871,444832069.0393987
2019-09-25 00:00:00+00:00,783948.0,344325.0,92209210.30751845,1.47778949,497137158.8234572,412403758.70072955
2019-09-26 00:00:00+00:00,739854.0,351788.0,102371761.97619785,1.42454001,284121777.1985031,254874592.92256376
2019-09-27 00:00:00+00:00,714047.0,307940.0,83726816.31844728,1.44132571,262401423.41468963,294697545.8292735
2019-09-28 00:00:00+00:00,619808.0,314444.0,100852756.01994783,1.44491153,124787189.44359352,135829855.51229763
2019-09-29 00:00:00+00:00,564381.0,288605.0,86263992.57052143,1.42120643,94387972.11905052,116050471.04872529
2019-09-30 00:00:00+00:00,750859.0,310433.0,82458228.1924102,1.45994759,296306523.8450699,273921191.4379351
2019-10-01 00:00:00+00:00,750562.0,331458.0,90704051.0116512,1.46687818,201390952.7805541,251747670.0797626
2019-10-02 00:00:00+00:00,717573.0,329482.0,93875521.32674389,1.47560342,176227315.619763,201295080.02521715
2019-10-03 00:00:00+00:00,708956.0,327406.0,93241227.26372536,1.45721375,186493128.0063674,198206956.01929194
2019-10-04 00:00:00+00:00,712900.0,336945.0,93241227.26372536,1.44209083,180168959.78793186,195137125.73292503
2019-10-05 00:00:00+00:00,636638.0,327164.0,100218461.9569293,1.43793767,84443002.35158673,80422615.28081152
2019-10-06 00:00:00+00:00,555377.0,271853.0,94509815.38976245,1.38789488,108343196.17691125,92803091.3451722
2019-10-07 00:00:00+00:00,734959.0,329430.0,98315579.76787366,1.45350223,211738194.40159374,211973815.96241802
2019-10-08 00:00:00+00:00,715311.0,332738.0,102755638.20900345,1.44711351,216461549.70984074,178244918.5992865
2019-10-09 00:00:00+00:00,701690.0,313118.0,87532580.6965585,1.5187746,272668799.45843226,232307890.7669919
2019-10-10 00:00:00+00:00,743456.0,349406.0,103742972.6980896,1.51523934,252085773.52351406,237466548.3725331
2019-10-11 00:00:00+00:00,726820.0,346995.0,100875176.08460964,1.4650268,235231487.5489358,289577410.3774957
2019-10-12 00:00:00+00:00,578474.0,294174.0,86002553.969571,1.47085893,87416715.95802577,90400223.8273589
2019-10-13 00:00:00+00:00,555407.0,286586.0,91822275.66676003,1.46532541,112038590.49200076,86832984.42989218
2019-10-14 00:00:00+00:00,694167.0,304204.0,87295825.4578352,1.46837588,1131333780.832114,1119506549.7926497
2019-10-15 00:00:00+00:00,712296.0,343443.0,98935268.85221331,1.43701211,207830899.08175042,163736094.8421215
2019-10-16 00:00:00+00:00,733220.0,333799.0,92468911.41089214,1.41022441,246915057.3540503,243234667.61366966
2019-10-17 00:00:00+00:00,730671.0,335681.0,96995361.61981696,1.42275851,400111625.82662004,282743815.1508895
2019-10-18 00:00:00+00:00,673650.0,336621.0,103461719.06113812,1.40337963,186978600.2478353,241321886.88568056
2019-10-19 00:00:00+00:00,643714.0,309836.0,91822275.66676003,1.40147566,75895441.84733963,73557011.09115197
2019-10-20 00:00:00+00:00,546144.0,281555.0,94408818.6432885,1.4480022,80977774.89660275,77569784.63259985
2019-10-21 00:00:00+00:00,749935.0,356016.0,102815083.317006,1.44819078,393737754.32026446,201801976.75579938
2019-10-22 00:00:00+00:00,732596.0,343436.0,109281440.75832719,1.41660892,207414892.77006695,253055207.99018237
2019-10-23 00:00:00+00:00,736263.0,342228.0,109314233.41859664,1.31849373,265584679.87839547,269628580.60747844
2019-10-24 00:00:00+00:00,719988.0,308626.0,90520752.85884188,1.32043974,220141062.93261483,219579779.2037706
2019-10-25 00:00:00+00:00,786680.0,329616.0,93923788.68060285,1.53033296,364338118.7509847,287462375.82831484
2019-10-26 00:00:00+00:00,761194.0,303527.0,95285003.00930724,1.63052996,413816509.384852,257879387.57091975
2019-10-27 00:00:00+00:00,598714.0,259835.0,78269823.90050235,1.68313273,178112368.51440886,131722372.25246675
2019-10-28 00:00:00+00:00,753434.0,305938.0,91201360.02319407,1.63844571,292383866.4740321,279024857.5618645
2019-10-29 00:00:00+00:00,728736.0,309538.0,90520752.85884188,1.65571824,259021091.32342884,247205456.26854882
2019-10-30 00:00:00+00:00,711325.0,308902.0,91201360.02319407,1.61181743,219051620.7742494,234624268.0932884
2019-10-31 00:00:00+00:00,721957.0,300632.0,89840145.69448967,1.60646394,214826240.87931865,194696520.87155864
2019-11-01 00:00:00+00:00,790414.0,315875.0,88478931.36578529,1.62077063,232716210.95830357,258179888.32374403
2019-11-02 00:00:00+00:00,634816.0,284358.0,91201360.02319407,1.62876338,92351606.22199541,88986044.39144702
2019-11-03 00:00:00+00:00,610943.0,288785.0,93923788.68060285,1.61294847,93553872.38567808,92832501.47734854
2019-11-04 00:00:00+00:00,757129.0,310329.0,89840145.69448967,1.64848919,248771696.14563802,236761566.26230714
2019-11-05 00:00:00+00:00,782184.0,335704.0,98007431.66671602,1.63757092,298574380.80647105,246686189.5682406
2019-11-06 00:00:00+00:00,831199.0,310101.0,89840145.69448967,1.64148312,235864569.677932,188019882.5241577
2019-11-07 00:00:00+00:00,799136.0,331125.0,91495629.00498703,1.61571232,235214709.49320114,205123757.69134438
2019-11-08 00:00:00+00:00,728522.0,312840.0,80936306.11613324,1.54350145,213364593.96441096,328830844.1811186
2019-11-09 00:00:00+00:00,709807.0,296119.0,91053344.3806499,1.54712396,89827520.62232248,108128643.86954111
2019-11-10 00:00:00+00:00,594556.0,305653.0,104964271.99436028,1.58742033,86483985.32846649,88822294.64004661
2019-11-11 00:00:00+00:00,704180.0,327772.0,95479548.62137593,1.52978275,176663988.0975471,170165074.37770298
2019-11-12 00:00:00+00:00,682025.0,301363.0,85362510.35685928,1.5426696,365726413.773485,310864045.7004133
2019-11-13 00:00:00+00:00,746140.0,316690.0,85362510.35685928,1.5361222,224716332.87337622,177058157.49427348
2019-11-14 00:00:00+00:00,746968.0,346544.0,106861216.66895717,1.51523438,204658335.114872,208041359.34887967
2019-11-15 00:00:00+00:00,779428.0,328438.0,99905752.86210199,1.48420069,226934333.3579302,239867166.54276767
2019-11-16 00:00:00+00:00,666406.0,280324.0,93582603.94677904,1.48640991,88053602.19176814,87253325.10438013
2019-11-17 00:00:00+00:00,598140.0,267492.0,97376493.29597281,1.4912036,84029017.47758575,80212339.81450559
2019-11-18 00:00:00+00:00,696269.0,306782.0,88524084.81452073,1.43585132,276875156.3034496,220640569.33188245
2019-11-19 00:00:00+00:00,823018.0,325197.0,92950289.05524676,1.42462588,254400544.96195295,255083236.3514326
2019-11-20 00:00:00+00:00,702168.0,320826.0,89788714.59758532,1.41836156,177297321.4833355,193013996.04469544
2019-11-21 00:00:00+00:00,803455.0,326131.0,87206195.79641934,1.33896278,263668736.84036928,258180756.64045125
2019-11-22 00:00:00+00:00,790198.0,303688.0,85127203.65307556,1.28344958,353349020.5493629,392593846.05778027
2019-11-23 00:00:00+00:00,681817.0,312324.0,111568229.03016719,1.29339001,139467254.59384266,141391920.6519452
2019-11-24 00:00:00+00:00,557217.0,264419.0,84482300.59509772,1.22636138,132773236.58847247,125984788.01953073
2019-11-25 00:00:00+00:00,678695.0,283328.0,80612882.24723066,1.26222308,379490256.9869712,330597546.8929775
2019-11-26 00:00:00+00:00,784964.0,319461.0,78678173.07329711,1.26841696,282856765.80598116,264327906.1327116
2019-11-27 00:00:00+00:00,812540.0,312560.0,89641525.05892047,1.33297166,241625792.30540404,254089327.96972698
2019-11-28 00:00:00+00:00,716192.0,316000.0,105119198.45038874,1.31736129,168715572.38911918,180382723.0859951
2019-11-29 00:00:00+00:00,730014.0,305085.0,87706815.88498695,1.37249236,193662042.83363935,245226029.12805822
2019-11-30 00:00:00+00:00,683831.0,284912.0,81257785.3052085,1.33947241,116651658.49974783,148337512.81549358
2019-12-01 00:00:00+00:00,593329.0,268135.0,89641525.05892047,1.31531292,76238548.11361715,109427191.59372804
2019-12-02 00:00:00+00:00,749060.0,318601.0,93510943.40678756,1.29871273,335907288.4051901,180445166.78110445
2019-12-03 00:00:00+00:00,744688.0,333969.0,101894683.16049953,1.29767248,196363812.6862405,221269346.3411455
2019-12-04 00:00:00+00:00,749562.0,332204.0,107698810.68230015,1.28246605,214786790.33159932,247283272.73272416
2019-12-05 00:00:00+00:00,746859.0,319133.0,93362398.66941905,1.31656246,194941008.9087821,203524554.05869287
2019-12-06 00:00:00+00:00,748047.0,311069.0,92816137.37716064,1.34019312,202052931.06233802,217753052.9016578
2019-12-07 00:00:00+00:00,642350.0,282629.0,99217250.29972345,1.33632666,93546883.7709718,77828349.60777977
2019-12-08 00:00:00+00:00,587017.0,278763.0,94736471.25392947,1.33937263,75282015.09011382,77431352.43549435
2019-12-09 00:00:00+00:00,803439.0,316995.0,94736471.25392947,1.30638835,259832423.716233,238710472.5705651
2019-12-10 00:00:00+00:00,803226.0,321466.0,94736471.25392947,1.28784015,293995863.25720656,251362754.04759246
2019-12-11 00:00:00+00:00,771631.0,288155.0,84494690.57782899,1.28292787,184339100.97637394,210816996.9206764
2019-12-12 00:00:00+00:00,722853.0,310072.0,85134801.87008528,1.28218893,183198800.1601939,184957158.74778932
2019-12-13 00:00:00+00:00,746512.0,329512.0,97296916.4229546,1.29164777,201978502.3262277,201215120.09159163
2019-12-14 00:00:00+00:00,623464.0,291279.0,96656805.13069834,1.26106197,85613078.35975048,89640940.98842722
2019-12-15 00:00:00+00:00,657604.0,258366.0,79373800.23977876,1.26826677,60047219.51207356,70055052.21140401
2019-12-16 00:00:00+00:00,777556.0,330126.0,100497472.884236,1.22841184,214817840.30600587,187779562.6189635
2019-12-17 00:00:00+00:00,875713.0,314849.0,90255692.20813552,1.18120445,237116478.3824866,207486875.45128497
2019-12-18 00:00:00+00:00,751472.0,318200.0,85774913.16234156,1.30300236,315768938.1771153,264226014.31015518
2019-12-19 00:00:00+00:00,725702.0,319162.0,100640144.00517273,1.27839546,287368491.1431248,262805560.31635657
2019-12-20 00:00:00+00:00,708265.0,332107.0,100413778.96363248,1.28507153,219052777.67487392,213901692.53145018
2019-12-21 00:00:00+00:00,610208.0,305042.0,113287340.36922646,1.27731542,83945066.40047996,80188210.81011234
2019-12-22 00:00:00+00:00,589250.0,282133.0,108781593.87726857,1.33772206,85823087.58126621,72062599.68380441
2019-12-23 00:00:00+00:00,727796.0,313917.0,92045964.0499964,1.30974111,251849318.26404002,204959683.18004307
2019-12-24 00:00:00+00:00,649535.0,283750.0,80459758.78496182,1.29430833,134861081.3169816,197298829.241181
2019-12-25 00:00:00+00:00,537049.0,241535.0,82390792.9958009,1.28852354,96599784.03252974,84359863.90064768
2019-12-26 00:00:00+00:00,653003.0,302825.0,107494237.73670918,1.28945009,151974946.7865334,134796259.45355064
2019-12-27 00:00:00+00:00,721861.0,325259.0,93333320.1905558,1.29743017,225364657.3401906,227441999.43178248
2019-12-28 00:00:00+00:00,611206.0,291276.0,95908032.4716746,1.30991222,99605882.50483474,75907035.49253635
2019-12-29 00:00:00+00:00,589993.0,281440.0,99770100.89335278,1.32663778,85771212.52234614,72377807.86788596
2019-12-30 00:00:00+00:00,735877.0,326626.0,106850559.66642946,1.29751611,210571744.8078832,215307350.50145304
2019-12-31 00:00:00+00:00,657164.0,289968.0,93333320.1905558,1.28681852,141800391.3497459,187786623.79021952
2020-01-01 00:00:00+00:00,524360.0,251867.0,112929774.50430365,1.28743526,80693523.99722832,60461560.137709655
2020-01-02 00:00:00+00:00,671016.0,291935.0,96717718.31238091,1.24755453,279146401.7905443,163300993.21011442
2020-01-03 00:00:00+00:00,721747.0,323153.0,115924073.72193182,1.31328518,216666040.39154914,205689398.86137316
2020-01-04 00:00:00+00:00,611397.0,282301.0,115238132.457305,1.31850725,130594582.24770047,84164077.07311237
2020-01-05 00:00:00+00:00,597061.0,288212.0,111808426.13417092,1.31891454,73508053.6842539,73310955.70164922
2020-01-06 00:00:00+00:00,724219.0,297843.0,92602070.72462001,1.39343235,225051208.75834584,213023108.54888564
2020-01-07 00:00:00+00:00,775757.0,347212.0,120725662.57431954,1.45871525,266022946.8711053,217389815.20929217
2020-01-08 00:00:00+00:00,754553.0,318633.0,97403659.57700774,1.44434936,271938035.0991,237663445.54866293
2020-01-09 00:00:00+00:00,773570.0,322838.0,107692778.54641,1.40023893,227419124.35212043,202798693.87280872
2020-01-10 00:00:00+00:00,792103.0,332463.0,102205248.42939548,1.45520178,279460974.9529646,306581176.6416583
2020-01-11 00:00:00+00:00,640445.0,303555.0,111808426.13417092,1.43755242,107299098.87441549,122332572.61455959
2020-01-12 00:00:00+00:00,581504.0,278853.0,103577130.9586491,1.46084233,72209962.22979395,86471930.78924923
2020-01-13 00:00:00+00:00,705443.0,299786.0,98089600.84163456,1.45276596,238965373.02899513,220054176.86450118
2020-01-14 00:00:00+00:00,850757.0,346978.0,99850250.9686384,1.57463765,521290743.95279205,372374724.1900447
2020-01-15 00:00:00+00:00,759192.0,328833.0,110915119.36618419,1.56868373,444069161.0713882,391837341.55480456
2020-01-16 00:00:00+00:00,739283.0,326587.0,116791417.08094886,1.55078627,250180267.73538142,281535519.8849583
2020-01-17 00:00:00+00:00,756728.0,323884.0,116791417.08094886,1.58368313,263279634.88343608,279906482.4566171
2020-01-18 00:00:00+00:00,649187.0,290970.0,96958912.29361789,1.58583813,130389651.33304174,113057563.86467446
2020-01-19 00:00:00+00:00,622774.0,282105.0,110180582.1518386,1.54314165,134070757.30180939,137951725.73655674
2020-01-20 00:00:00+00:00,741539.0,312967.0,111649656.58052978,1.53413892,208230851.22751337,224076867.93753913
2020-01-21 00:00:00+00:00,756250.0,311835.0,112384193.79487537,1.5503965,245495964.85373366,249511518.96250662
2020-01-22 00:00:00+00:00,771727.0,326380.0,114587805.43791209,1.53544323,255656417.0119228,305104340.3554035
2020-01-23 00:00:00+00:00,789764.0,337280.0,116791417.08094886,1.48547764,221365610.50674182,223660853.68517497
2020-01-24 00:00:00+00:00,720051.0,311823.0,111649656.58052978,1.49494018,227287040.4196245,239153054.53840595
2020-01-25 00:00:00+00:00,665971.0,283292.0,120464103.15267676,1.4807681,70461158.39108236,76971427.2658962
2020-01-26 00:00:00+00:00,544915.0,256739.0,105038821.65141945,1.52095733,118956185.43586081,77242675.56258245
2020-01-27 00:00:00+00:00,726725.0,285400.0,94755300.65058112,1.5779271,233057811.88337573,213911948.58233464
2020-01-28 00:00:00+00:00,812560.0,339784.0,107492950.68599442,1.64585254,379628526.5279455,205846564.62449265
2020-01-29 00:00:00+00:00,767507.0,340075.0,123011831.71279211,1.64528656,296590588.1246241,209196144.68568695
2020-01-30 00:00:00+00:00,765495.0,332584.0,119936535.91997233,1.67702648,277654483.54593325,294348199.8473516
2020-01-31 00:00:00+00:00,762130.0,329369.0,110710648.54151301,1.64732688,237874893.32233518,310812807.75532216
2020-02-01 00:00:00+00:00,743933.0,304884.0,116092416.17894764,1.650978,117318311.65294734,102703974.73462285
2020-02-02 00:00:00+00:00,706042.0,292383.0,109941824.59330806,1.64356756,128561202.50955012,127356764.52004673
2020-02-03 00:00:00+00:00,879860.0,336226.0,113785944.3343328,1.6319591,276202335.80294806,235904372.6675901
2020-02-04 00:00:00+00:00,764885.0,307816.0,101484761.16305356,1.61069803,237210506.02278882,199821101.56142673
2020-02-05 00:00:00+00:00,823713.0,363153.0,122243007.76458718,1.69086813,333077961.47592634,257957169.6620845
2020-02-06 00:00:00+00:00,765225.0,321928.0,103791233.00766842,1.70571675,342761690.4850656,300395018.4398062
2020-02-07 00:00:00+00:00,865396.0,333319.0,106866528.80048823,1.7097118,281245939.8868205,278892383.0671643
2020-02-08 00:00:00+00:00,709380.0,315526.0,106866528.80048823,1.72664271,173420057.16191092,242981114.96901974
2020-02-09 00:00:00+00:00,695691.0,318974.0,117630064.07535753,1.76640757,222111626.6836948,170816996.49476466
2020-02-10 00:00:00+00:00,703356.0,295461.0,93796521.681004,1.71346985,418370390.38785833,371189971.5357402
2020-02-11 00:00:00+00:00,885934.0,361869.0,114210895.7545908,1.7792319,384887509.3126293,278148840.6472272
2020-02-12 00:00:00+00:00,822547.0,350973.0,109742275.1892226,1.79208365,447802070.52600306,364863356.77083784
2020-02-13 00:00:00+00:00,815808.0,336765.0,108969442.26535484,1.76851563,382864816.61377376,336372035.97617435
2020-02-14 00:00:00+00:00,741471.0,329123.0,104332444.72214827,1.7883096,341693537.19946295,332863867.6609728
2020-02-15 00:00:00+00:00,736640.0,316931.0,109742275.1892226,1.71075719,220947942.88315526,228455944.89543056
2020-02-16 00:00:00+00:00,655188.0,299527.0,109742275.1892226,1.71695434,175662382.36495817,164101825.18884262
2020-02-17 00:00:00+00:00,773751.0,337935.0,121334769.04723918,1.67061779,316952159.59710926,259681425.4546185
2020-02-18 00:00:00+00:00,783570.0,327054.0,115924938.58016479,1.75425426,354159972.6319436,379938887.01178914
2020-02-19 00:00:00+00:00,792783.0,340104.0,108969442.26535484,1.65794069,311270880.85634005,342382565.59796077
2020-02-20 00:00:00+00:00,766448.0,311982.0,97376948.40733843,1.65435215,339718023.7035452,400407241.3719389
2020-02-21 00:00:00+00:00,768521.0,341390.0,119016270.27563587,1.66881312,250154197.63957027,351328664.10945606
2020-02-22 00:00:00+00:00,660812.0,300166.0,114379272.73242924,1.66379813,133417481.595806,130201373.88664813
2020-02-23 00:00:00+00:00,622397.0,289114.0,109742275.1892226,1.71384131,197777712.0766963,190282898.39691794
2020-02-24 00:00:00+00:00,758122.0,328045.0,108969442.26535484,1.65765413,308870782.23295754,314254429.4463745
2020-02-25 00:00:00+00:00,743278.0,339313.0,111005384.3400511,1.60369037,262374218.7682713,296810263.2736546
2020-02-26 00:00:00+00:00,778003.0,328537.0,104700775.42728595,1.51151916,388780840.5730599,358540743.6702015
2020-02-27 00:00:00+00:00,777389.0,338194.0,113169220.49861053,1.50901158,314144484.88326055,356325989.81534874
2020-02-28 00:00:00+00:00,778213.0,361653.0,121637665.56993525,1.50435395,305957580.9385927,349741229.54954386
2020-02-29 00:00:00+00:00,679597.0,309086.0,107010351.35582903,1.47581569,113962129.72090502,133416640.33041006
2020-03-01 00:00:00+00:00,674209.0,312717.0,136264979.78404152,1.46928146,112284786.61273956,111330223.44743735
2020-03-02 00:00:00+00:00,829550.0,341655.0,114708937.78430595,1.53109223,308411031.41568005,295010985.58240175
2020-03-03 00:00:00+00:00,840712.0,346828.0,117788372.35569674,1.50704354,260163316.00128627,272418862.41973233
2020-03-04 00:00:00+00:00,857423.0,350503.0,128566393.35556455,1.50859699,219391091.27003032,300800033.6200272
2020-03-05 00:00:00+00:00,793221.0,350421.0,125486958.78417374,1.56090164,285745952.73215777,314992722.39011234
2020-03-06 00:00:00+00:00,804945.0,338758.0,119328089.64139213,1.57478419,241928545.0812669,383407015.0713209
2020-03-07 00:00:00+00:00,682432.0,313782.0,120867806.92708752,1.53210003,117405597.52989627,102178810.2675167
2020-03-08 00:00:00+00:00,654911.0,304534.0,121637665.56993525,1.39731984,202564656.9250872,198548054.68449265
2020-03-09 00:00:00+00:00,809850.0,347351.0,120142063.4511651,1.36296685,597544197.0782378,504168350.6256965
2020-03-10 00:00:00+00:00,807778.0,329508.0,108616241.39191228,1.3667676,365205569.1669163,327515532.895987
2020-03-11 00:00:00+00:00,728889.0,290284.0,97919187.31543607,1.37532279,288530336.1176757,253102607.30975977
2020-03-12 00:00:00+00:00,909601.0,346057.0,124250397.34983888,0.87746909,814650822.5417218,598738454.0256151
2020-03-13 00:00:00+00:00,786409.0,279662.0,102856289.19688664,1.00230839,1078959554.0206513,929439244.8683974
2020-03-14 00:00:00+00:00,772769.0,276029.0,105324840.13761191,0.91943052,355920510.49911857,292747675.6985985
2020-03-15 00:00:00+00:00,629326.0,224876.0,97919187.31543607,0.9586443,203092511.3216756,181031499.97214696
2020-03-16 00:00:00+00:00,725120.0,269587.0,97919187.31543607,0.9005596,478892984.19304943,537022508.7299114
2020-03-17 00:00:00+00:00,765477.0,279277.0,101210588.56973645,0.97465625,399746002.4140173,403194276.25769347
2020-03-18 00:00:00+00:00,633373.0,233212.0,82285031.35750929,0.97098752,245969996.22548762,355261901.05778474
2020-03-19 00:00:00+00:00,709786.0,265543.0,88044983.55253497,1.11612479,360659809.56749195,438383767.5960706
2020-03-20 00:00:00+00:00,734614.0,282852.0,89690684.17968515,1.11275432,452583125.6378878,396281291.1293737
2020-03-21 00:00:00+00:00,637554.0,238359.0,102033438.88331154,1.11317824,144504973.40617388,197186426.6325961
2020-03-22 00:00:00+00:00,579901.0,215499.0,104501989.82403682,1.05120625,136104388.059196,121518588.17630197
2020-03-23 00:00:00+00:00,667486.0,256978.0,92159235.12041043,1.16908967,291747720.4320182,321238088.67292064
2020-03-24 00:00:00+00:00,736233.0,280363.0,108616241.39191228,1.21902362,272539502.89212173,358405431.08808595
2020-03-25 00:00:00+00:00,587460.0,219772.0,75702228.84890854,1.20405859,234643169.2669562,305694170.6183039
2020-03-26 00:00:00+00:00,889704.0,286521.0,111836546.3991491,1.21539093,244603603.87603003,215266407.2563
2020-03-27 00:00:00+00:00,807651.0,273175.0,107197274.86378047,1.168733,273925208.2393577,302086202.06874996
2020-03-28 00:00:00+00:00,627230.0,241957.0,93365368.42974424,1.12273873,169679781.67400858,205598009.11718684
2020-03-29 00:00:00+00:00,591287.0,234751.0,104430893.57697324,1.06488351,190445904.9039782,155457125.5716951
2020-03-30 00:00:00+00:00,770915.0,278279.0,101664512.29016598,1.16111925,282501992.99751663,275717082.95140237
2020-03-31 00:00:00+00:00,816889.0,288338.0,109963656.15058772,1.16086021,187408443.77212405,234616045.4298559
2020-04-01 00:00:00+00:00,824108.0,285331.0,105814084.22037683,1.20232747,239846804.60936838,267889572.91559455
2020-04-02 00:00:00+00:00,798186.0,300020.0,105814084.22037683,1.2293196,295368874.88893217,272849185.8849199
2020-04-03 00:00:00+00:00,750332.0,276158.0,91290582.4646388,1.22207588,273649960.28407615,299314552.2335162
2020-04-04 00:00:00+00:00,657862.0,255653.0,108580465.50718409,1.24154011,116688213.38739419,136971701.38809222
2020-04-05 00:00:00+00:00,596364.0,237774.0,121029181.2978167,1.22896481,96881126.71349218,121013381.06431289
2020-04-06 00:00:00+00:00,780832.0,282652.0,88524201.17783155,1.31870276,400471165.4661899,391591964.0288738
2020-04-07 00:00:00+00:00,938358.0,310534.0,116188014.04590404,1.29919781,305499891.79148346,300797345.4022875
2020-04-08 00:00:00+00:00,760207.0,283150.0,103260704.52088556,1.33180003,254411002.35105425,273341743.1927919
2020-04-09 00:00:00+00:00,730620.0,289249.0,112650577.82639459,1.3184332,309955129.34112626,433484705.62386256
2020-04-10 00:00:00+00:00,735297.0,286082.0,119234053.15391117,1.24393645,267249728.83864704,306354721.3521896
2020-04-11 00:00:00+00:00,634944.0,249141.0,116308064.11945938,1.24828502,121695812.61997771,160618007.69018978
2020-04-12 00:00:00+00:00,618062.0,232510.0,111919080.56778164,1.26554137,125744140.59421436,118667707.5221385
2020-04-13 00:00:00+00:00,764583.0,281944.0,125086031.2228148,1.24500204,215709402.49018562,281722411.50692415
2020-04-14 00:00:00+00:00,843493.0,303129.0,122891539.44697595,1.24727346,199917167.46723983,210074920.03098714
2020-04-15 00:00:00+00:00,926278.0,309402.0,123623036.70558889,1.20252464,354433497.61641526,329372105.6903905
2020-04-16 00:00:00+00:00,880665.0,321911.0,112650577.82639459,1.29329091,440544886.3691769,362977088.6468697
2020-04-17 00:00:00+00:00,844316.0,287202.0,92900151.8438449,1.28483033,247050561.93015063,365145199.6323978
2020-04-18 00:00:00+00:00,847811.0,285552.0,115576566.86084642,1.31739282,144338600.82872158,133256938.7605166
2020-04-19 00:00:00+00:00,718815.0,254065.0,111187583.3091687,1.29699559,121845542.22650565,108913171.60938832
2020-04-20 00:00:00+00:00,842251.0,307154.0,117771058.63668527,1.24397211,249837963.05958557,287680730.8538309
2020-04-21 00:00:00+00:00,818062.0,311455.0,116039619.81187667,1.2473842,269901637.36824584,280278589.4845943
2020-04-22 00:00:00+00:00,762361.0,283681.0,103923467.23346883,1.29301523,232180232.6191151,276761468.0291533
2020-04-23 00:00:00+00:00,935989.0,327396.0,112649865.24543951,1.35798226,336543625.04936177,241653489.13407978
2020-04-24 00:00:00+00:00,893187.0,317682.0,114236483.06579782,1.3603772,354415478.40200657,423174952.91627634
2020-04-25 00:00:00+00:00,813456.0,278517.0,107890011.7843646,1.36573263,144344258.77221853,133632679.39937073
2020-04-26 00:00:00+00:00,724250.0,257046.0,108683320.69454375,1.39182404,163928613.58216646,162513420.46329424
2020-04-27 00:00:00+00:00,876229.0,311090.0,111856556.33526036,1.40592618,317400057.1339553,303319502.91082025
2020-04-28 00:00:00+00:00,926669.0,326468.0,122169572.16758937,1.40416612,301691569.9636058,330359299.6311145
2020-04-29 00:00:00+00:00,911617.0,330308.0,115029791.97597697,1.57124906,576183498.7233881,563895535.0041202
2020-04-30 00:00:00+00:00,947585.0,320861.0,107096702.87418543,1.54783671,554962982.9678564,551290664.9044564
2020-05-01 00:00:00+00:00,955523.0,330551.0,111856556.33526036,1.58149669,430441230.4976388,391627481.14989394
2020-05-02 00:00:00+00:00,970554.0,292646.0,117409718.70651443,1.60183196,166647926.20140317,144836951.77555192
2020-05-03 00:00:00+00:00,909805.0,283545.0,133275896.91009754,1.58639791,225392377.4443084,182196638.35719967
2020-05-04 00:00:00+00:00,889636.0,324017.0,125342807.80830598,1.58241067,315835430.5427073,377672231.3388294
2020-05-05 00:00:00+00:00,970464.0,327645.0,126330903.87563805,1.59959352,310330665.5680037,264702430.95953858
2020-05-06 00:00:00+00:00,972369.0,334650.0,123288445.65559772,1.64574813,346561801.5241552,341809741.98809665
2020-05-07 00:00:00+00:00,1020443.0,343684.0,117684425.39852506,1.76246608,646018674.9282279,520865775.4192439
2020-05-08 00:00:00+00:00,949216.0,324693.0,109678682.17413558,1.73504927,539386933.4302711,504741686.29336923
2020-05-09 00:00:00+00:00,906900.0,310119.0,108878107.85169664,1.68527866,332276780.05544066,320755776.66569495
2020-05-10 00:00:00+00:00,869262.0,283795.0,136097634.81462088,1.53444392,303975346.8096647,328533058.9893406
2020-05-11 00:00:00+00:00,999192.0,311653.0,125690168.62291455,1.51427708,452465611.8950287,530368311.52864677
2020-05-12 00:00:00+00:00,954129.0,342304.0,116883851.07608612,1.55398556,322299163.146982,448903289.8385556
2020-05-13 00:00:00+00:00,858458.0,299956.0,95268344.37023449,1.64026769,434914011.59781474,475513572.7518725
2020-05-14 00:00:00+00:00,880861.0,268116.0,91265472.75803976,1.72149026,441066914.869124,380006213.13492465
2020-05-15 00:00:00+00:00,895670.0,311224.0,100071790.3048682,1.63770129,440162380.8311293,611033546.7312629
2020-05-16 00:00:00+00:00,880534.0,295280.0,100872364.62730715,1.64923495,184075598.63884172,132910139.64968382
2020-05-17 00:00:00+00:00,763444.0,236007.0,81658580.88877237,1.69855053,179469041.4645806,155079527.85537055
2020-05-18 00:00:00+00:00,970423.0,275691.0,102473513.27218504,1.7030904,452983209.7492968,437742897.17544264
2020-05-19 00:00:00+00:00,890493.0,272964.0,92066047.08047871,1.70545218,360268629.58987,402280157.85223633
2020-05-20 00:00:00+00:00,865708.0,276199.0,86731596.76375672,1.66337697,293174848.3126918,343442144.966472
2020-05-21 00:00:00+00:00,928630.0,302259.0,98579623.70355071,1.58611169,445394748.1494487,394721149.7214291
2020-05-22 00:00:00+00:00,797526.0,278942.0,83529299.47400093,1.60231403,301580449.4814652,322807773.82728815
2020-05-23 00:00:00+00:00,848702.0,267042.0,89549429.16582084,1.60568496,137745685.63199696,120964396.45337126
2020-05-24 00:00:00+00:00,807939.0,216545.0,87291880.53138837,1.54008682,136398916.39812377,146649189.23507148
2020-05-25 00:00:00+00:00,828919.0,267395.0,94064526.43468578,1.55903037,268046224.3298033,383580137.51634526
2020-05-26 00:00:00+00:00,852839.0,286759.0,93312010.2232083,1.54624899,267513271.83759248,279529146.55826515
2020-05-27 00:00:00+00:00,913075.0,299984.0,103847237.18389316,1.60359036,311512148.91550475,305693505.7441097
2020-05-28 00:00:00+00:00,866559.0,299064.0,98579623.70355071,1.67222784,349870688.80730706,299122027.24212515
2020-05-29 00:00:00+00:00,852420.0,282773.0,95569558.85764076,1.64770853,359686132.7392607,324110792.0510827
2020-05-30 00:00:00+00:00,902498.0,284116.0,117392528.99048796,1.69215433,210732175.8011926,165594372.30534562
2020-05-31 00:00:00+00:00,801889.0,258529.0,112877431.72162303,1.64704955,197139082.70494542,150302364.76154903
2020-06-01 00:00:00+00:00,870833.0,302044.0,100837172.33798319,1.77456298,384563028.26299006,506325197.74344534
2020-06-02 00:00:00+00:00,899961.0,308948.0,97074591.28059575,1.65555855,710315932.116929,618234542.4165183
2020-06-03 00:00:00+00:00,950153.0,311153.0,104599753.39537065,1.67699652,394791989.44411165,414918319.9091754
2020-06-04 00:00:00+00:00,884109.0,315771.0,108319274.22458893,1.70498933,350241549.22129893,305846170.7611854
2020-06-05 00:00:00+00:00,918647.0,331389.0,122192367.72521374,1.67491159,411163175.19425464,541477177.5499285
2020-06-06 00:00:00+00:00,771819.0,281291.0,133797229.46448,1.67895972,132834822.12245914,153013365.51266444
2020-06-07 00:00:00+00:00,690992.0,254724.0,108539589.20842996,1.69210512,136464058.36868083,131290087.2505463
2020-06-08 00:00:00+00:00,986341.0,316297.0,110587505.98594747,1.6929366,599974548.4074733,627593134.2209107
2020-06-09 00:00:00+00:00,910121.0,328115.0,109222228.13426913,1.69357425,268940351.6842398,309873673.9434025
2020-06-10 00:00:00+00:00,909669.0,324907.0,111952783.83762586,1.71128591,313628589.43426865,279935927.9355711
2020-06-11 00:00:00+00:00,1048342.0,336672.0,126288201.28024888,1.60651966,407027544.94542265,454835814.0958307
2020-06-12 00:00:00+00:00,909615.0,309817.0,111270144.91178666,1.63695561,314349086.1236786,311324209.9708444
2020-06-13 00:00:00+00:00,800767.0,283164.0,107856950.28259078,1.63756141,148484242.41444632,162228489.22545934
2020-06-14 00:00:00+00:00,698545.0,279097.0,116048617.392661,1.61687359,116781152.83651718,125399235.6553684
2020-06-15 00:00:00+00:00,867844.0,292792.0,94204171.7658072,1.63326898,323221001.6816119,324030920.14017296
2020-06-16 00:00:00+00:00,986219.0,343031.0,106884937.53919552,1.64602728,329900868.674931,342214082.19806606
2020-06-17 00:00:00+00:00,918592.0,330975.0,108283617.57348618,1.63347313,281096037.0452012,284863966.8065297
2020-06-18 00:00:00+00:00,854866.0,283106.0,96513659.14158547,1.61930293,239968356.55402127,382228307.6078321
2020-06-19 00:00:00+00:00,947402.0,345029.0,112206937.0507864,1.601515,377819084.9312535,354624222.80110925
2020-06-20 00:00:00+00:00,760742.0,281510.0,107498953.67802612,1.61343538,141854180.13162884,136686035.4777186
2020-06-21 00:00:00+00:00,710176.0,256980.0,114560928.73716654,1.6005863,130917220.78062344,120559312.00944807
2020-06-22 00:00:00+00:00,850006.0,307776.0,112206937.0507864,1.66795041,340326863.2876052,323209912.7373859
2020-06-23 00:00:00+00:00,1034537.0,351192.0,123976895.48268713,1.65453862,530835485.88359475,619413406.8151323
2020-06-24 00:00:00+00:00,917620.0,311143.0,109068281.46894622,1.60043802,335366996.0041736,335748708.36226815
2020-06-25 00:00:00+00:00,901033.0,315538.0,110637609.25986633,1.59283584,398193946.2427211,372811278.8138924
2020-06-26 00:00:00+00:00,929963.0,328405.0,128684878.8554474,1.57369557,292630411.40714496,311039049.08879906
2020-06-27 00:00:00+00:00,761896.0,272210.0,108283617.57348618,1.5467905,147891658.40938845,140360061.0017283
2020-06-28 00:00:00+00:00,686270.0,265941.0,117699584.31900674,1.56486434,141030485.47826886,124113870.22122556
2020-06-29 00:00:00+00:00,962232.0,314488.0,113776264.8417065,1.57752462,313152154.2391997,310477815.01573896
2020-06-30 00:00:00+00:00,926238.0,306323.0,115344545.21897343,1.56990039,248963037.43650022,278109729.42721844
2020-07-01 00:00:00+00:00,1078007.0,378081.0,127111309.03923196,1.5861884,348207822.4813409,283474678.0051384
2020-07-02 00:00:00+00:00,951042.0,339419.0,128680584.45946935,1.56106575,309610967.3256139,297971767.52708673
2020-07-03 00:00:00+00:00,944676.0,327948.0,127895946.74935065,1.5561961,223572002.15672305,313719387.228201
2020-07-04 00:00:00+00:00,799989.0,292761.0,123188120.4886384,1.56620843,161767111.60050985,145602875.88505855
2020-07-05 00:00:00+00:00,771473.0,273114.0,127895946.74935065,1.55815127,111863327.16175753,97436450.33593456
2020-07-06 00:00:00+00:00,989688.0,337284.0,120834207.3582823,1.60183713,331902785.2165056,276131161.96816224
2020-07-07 00:00:00+00:00,969354.0,349022.0,126326671.32911325,1.58667765,310013177.1761611,341664723.86877376
2020-07-08 00:00:00+00:00,1024085.0,347004.0,118480294.22792618,1.61561301,572903503.8943753,496807769.6880193
2020-07-09 00:00:00+00:00,1033334.0,360126.0,128680584.45946935,1.58050888,347579324.9995777,302830724.61014
2020-07-10 00:00:00+00:00,976205.0,345294.0,126326671.32911325,1.58940706,328569468.0116794,329532444.2732714
2020-07-11 00:00:00+00:00,885970.0,310565.0,122403482.7785197,1.58104284,155310157.64877766,129045264.74098818
2020-07-12 00:00:00+00:00,745665.0,280425.0,119264931.93804488,1.58969582,109575017.274672,114196369.18266399
2020-07-13 00:00:00+00:00,909653.0,311275.0,121474836.12740125,1.58057885,315046111.7782764,382751011.4037128
2020-07-14 00:00:00+00:00,993499.0,357160.0,124167138.54257391,1.58381858,292728369.53108543,274919434.2292264
2020-07-15 00:00:00+00:00,971186.0,318436.0,118993507.76996668,1.57234112,340396221.6494329,353994223.65122604
2020-07-16 00:00:00+00:00,966383.0,347671.0,117268964.1790976,1.56130786,315474531.951069,313383728.306451
2020-07-17 00:00:00+00:00,847984.0,290533.0,101748071.86127587,1.56536628,320969026.11964065,339851554.5355123
2020-07-18 00:00:00+00:00,892684.0,313304.0,112095333.40649036,1.56854068,150121138.00493595,131056347.88123165
2020-07-19 00:00:00+00:00,872974.0,274629.0,112957605.20192489,1.57544863,158158844.5619894,183788745.05568013
2020-07-20 00:00:00+00:00,940265.0,312187.0,121580323.1562703,1.56656719,303244679.22961146,255173167.3720255
2020-07-21 00:00:00+00:00,927506.0,313100.0,107783974.42931765,1.6036542,302246317.31935775,296664140.13004047
2020-07-22 00:00:00+00:00,1017627.0,362798.0,124167138.54257391,1.62670582,431213008.136824,336219313.36045575
2020-07-23 00:00:00+00:00,977856.0,336506.0,117268964.1790976,1.6387837,446213657.95317656,461891739.11089724
2020-07-24 00:00:00+00:00,1083981.0,369218.0,138825759.0649611,1.62771038,425355455.820101,426796091.6203252
2020-07-25 00:00:00+00:00,972156.0,290603.0,122442594.95170484,1.6530963,259938900.22153866,239723201.926588
2020-07-26 00:00:00+00:00,999311.0,301312.0,136238943.6786575,1.69125357,310311980.5410839,239047652.9970418
2020-07-27 00:00:00+00:00,1022491.0,325521.0,128082098.07778554,1.87222939,819178956.592499,602691398.6451938
2020-07-28 00:00:00+00:00,1059084.0,354433.0,121437040.3952344,1.84950049,679684951.1865335,565232943.7659411
2020-07-29 00:00:00+00:00,1039672.0,348023.0,123949530.88617033,1.87484925,514809072.8130173,496554544.2865728
2020-07-30 00:00:00+00:00,968423.0,329417.0,113062072.09211469,1.87475515,539445888.2789124,566904423.6863691
2020-07-31 00:00:00+00:00,1062923.0,355688.0,128137015.03773022,1.90517626,536395693.61912996,607650469.502814
2020-08-01 00:00:00+00:00,954055.0,292274.0,114737065.75273862,1.97908671,429828677.31671983,359108230.0711826
2020-08-02 00:00:00+00:00,950873.0,287133.0,118087053.07398653,1.8599879,345228003.62463874,292821715.8604027
2020-08-03 00:00:00+00:00,1080975.0,334722.0,135674486.51053798,1.87772343,472959680.47185683,508724114.48811847
2020-08-04 00:00:00+00:00,1003351.0,331448.0,121437040.3952344,1.87038652,355495463.7722427,459854469.5548583
2020-08-05 00:00:00+00:00,957619.0,291603.0,108037091.11024292,1.95126913,409867134.5099386,419935078.4648848
2020-08-06 00:00:00+00:00,1120216.0,355285.0,130649505.52866612,1.95155359,525678369.0928351,483505001.1178577
2020-08-07 00:00:00+00:00,1049182.0,327415.0,127299518.20741823,1.91764781,446973337.8283733,571709969.8882769
2020-08-08 00:00:00+00:00,951540.0,277399.0,118924549.9042985,1.93742923,276474763.97072506,214125611.90729854
2020-08-09 00:00:00+00:00,911571.0,275199.0,130649505.52866612,1.92470744,227754291.44308415,277112380.38516515
2020-08-10 00:00:00+00:00,967780.0,307280.0,114926419.49958968,1.95320633,529587561.4205385,591866097.5947889
2020-08-11 00:00:00+00:00,1086328.0,348465.0,129741892.84212302,1.87194792,445790299.1904019,462861343.00299627
2020-08-12 00:00:00+00:00,1049344.0,342524.0,132269332.31307347,1.89982911,398413195.32368493,439861187.0788191
2020-08-13 00:00:00+00:00,952528.0,330257.0,123844534.076572,1.92924287,387717166.0211923,533541329.2647446
2020-08-14 00:00:00+00:00,1086754.0,364429.0,140694130.54957497,1.9265623,592318123.739177,644057109.2189298
2020-08-15 00:00:00+00:00,973628.0,309355.0,131426852.48942332,1.93989709,209902294.35826716,320993316.689173
2020-08-16 00:00:00+00:00,892624.0,293129.0,128056933.19482274,1.94366153,227094761.0886944,289030604.12537694
2020-08-17 00:00:00+00:00,878796.0,289826.0,105309977.95626877,2.00437877,730424661.6484069,757657860.2534392
2020-08-18 00:00:00+00:00,1008612.0,345122.0,117947175.31102097,1.95013602,546416325.18327,548290999.3070917
2020-08-19 00:00:00+00:00,988648.0,336660.0,116262215.6637207,1.90751141,581326780.4641379,706176178.0393707
2020-08-20 00:00:00+00:00,994559.0,331546.0,123002054.25292186,1.92666487,462190368.97316974,426497760.16584474
2020-08-21 00:00:00+00:00,1095556.0,313078.0,130584372.66577318,1.86965642,359161504.63523054,435095025.2579635
2020-08-22 00:00:00+00:00,950674.0,308966.0,114577256.0164204,1.89433444,210466093.57196105,209924294.34589273
2020-08-23 00:00:00+00:00,906460.0,287940.0,132269332.31307347,1.89095764,144169963.5078086,157802596.6010307
2020-08-24 00:00:00+00:00,944242.0,334304.0,128593100.89647324,1.90603293,343191787.27801186,372262203.99994
2020-08-25 00:00:00+00:00,951716.0,301021.0,111720008.69546545,1.83853818,360753880.17033917,470739992.0167738
2020-08-26 00:00:00+00:00,1030264.0,328396.0,123939384.64653216,1.8556766,426513063.52966505,445560483.964605
2020-08-27 00:00:00+00:00,947577.0,324735.0,112592821.26339878,1.82960462,410870823.35353017,367798346.4460206
2020-08-28 00:00:00+00:00,1080096.0,352344.0,142268448.5731322,1.86186629,461665496.3694508,641518480.8145077
2020-08-29 00:00:00+00:00,972062.0,291205.0,127430634.91826549,1.85563351,220443999.8801412,248238133.49230897
2020-08-30 00:00:00+00:00,821271.0,266126.0,110847196.12753214,1.88762446,252368939.2316691,193958956.3776213
2020-08-31 00:00:00+00:00,935410.0,310357.0,130921885.18999885,1.88187726,468827606.1432063,872660219.0805538
2020-09-01 00:00:00+00:00,1074307.0,371778.0,134413135.46173215,1.92471346,554212483.3688583,489835321.1293871
2020-09-02 00:00:00+00:00,1029017.0,320017.0,125685009.78239882,1.83478767,605992474.2220552,697614823.4142598
2020-09-03 00:00:00+00:00,983249.0,309835.0,112592821.26339878,1.65212902,618895832.8629138,583798416.0383358
2020-09-04 00:00:00+00:00,1004854.0,300021.0,117829696.6709988,1.68560929,648802445.8075519,647320431.4468044
2020-09-05 00:00:00+00:00,984198.0,324594.0,123066572.07859881,1.63131545,385261354.7540099,318238372.3164382
2020-09-06 00:00:00+00:00,988383.0,258964.0,130921885.18999885,1.65140122,225678224.9744727,225090025.3687324
2020-09-07 00:00:00+00:00,1086059.0,328020.0,151709442.06778005,1.67005527,384492243.7487084,381825699.8323385
2020-09-08 00:00:00+00:00,974053.0,329714.0,133652505.32879294,1.62894233,377783736.78229564,435888951.39482784
2020-09-09 00:00:00+00:00,968245.0,321941.0,128478859.9612268,1.64757745,382574646.56068784,414593300.96525514
2020-09-10 00:00:00+00:00,1103924.0,343183.0,136239328.01257607,1.66531058,372510733.45018476,482693554.389668
2020-09-11 00:00:00+00:00,951505.0,308280.0,118993843.45402217,1.67381361,383419166.94071543,377280858.33723503
2020-09-12 00:00:00+00:00,890683.0,297027.0,146586618.7477084,1.68190081,205075541.67461973,219462910.79116902
2020-09-13 00:00:00+00:00,803998.0,256977.0,139688424.92428684,1.66341746,169220708.36070633,175822769.6081971
2020-09-14 00:00:00+00:00,1016193.0,353963.0,151760264.11527455,1.71735678,413210544.1228393,418722007.5285023
2020-09-15 00:00:00+00:00,976024.0,335248.0,134514779.55672064,1.7348274,396940940.97109264,441943290.9994863
2020-09-16 00:00:00+00:00,1064243.0,340027.0,133652505.32879294,1.76292263,478305004.4006857,499220418.7030664
2020-09-17 00:00:00+00:00,1101957.0,347774.0,153484812.57112998,1.75667708,420538735.9157307,491171722.9625155
2020-09-18 00:00:00+00:00,974291.0,326660.0,142275247.6080699,1.75269523,448777394.0437103,522084982.12124425
2020-09-19 00:00:00+00:00,892685.0,292875.0,128478859.9612268,1.77573693,219213596.81303626,431528415.1709548
2020-09-20 00:00:00+00:00,820833.0,261651.0,135654384.57842135,1.75066035,221928668.1845887,198648226.52235657
2020-09-21 00:00:00+00:00,946997.0,299730.0,139219832.7594406,1.67690819,418279967.0672246,415573622.5967821
2020-09-22 00:00:00+00:00,968239.0,311008.0,123857644.31701958,1.68568673,450160136.61786693,445777088.0073119
2020-09-23 00:00:00+00:00,1013565.0,349540.0,136339422.42648664,1.64062817,667352151.39958,755810467.5387889
2020-09-24 00:00:00+00:00,943668.0,318555.0,131538738.53823009,1.72053475,405001291.243197,377444766.13711643
2020-09-25 00:00:00+00:00,1140261.0,345399.0,162263115.42307213,1.71066582,431766081.2393294,533663739.8598437
2020-09-26 00:00:00+00:00,952990.0,281747.0,144020516.64769718,1.71935636,159279401.00024423,196641176.68139368
2020-09-27 00:00:00+00:00,784428.0,258919.0,145940790.2029998,1.72167524,209418776.5199515,248415163.8146825
2020-09-28 00:00:00+00:00,884124.0,297685.0,123857644.31701958,1.71621999,525924068.2255469,459967082.0557887
2020-09-29 00:00:00+00:00,998051.0,345931.0,135379285.64883533,1.73140353,519489191.7791766,546705018.3179966
2020-09-30 00:00:00+00:00,1118241.0,351403.0,149781337.31360504,1.71995233,403652746.00562865,365487255.3356344
2020-10-01 00:00:00+00:00,922880.0,304377.0,119056960.428763,1.69356781,444584776.8853103,519949631.9130023
2020-10-02 00:00:00+00:00,996361.0,315938.0,130578601.76057877,1.68748627,379286091.31124663,589634199.7694134
2020-10-03 00:00:00+00:00,1002444.0,303899.0,144980653.4253485,1.68506329,214487931.5187471,185730202.87512672
2020-10-04 00:00:00+00:00,923546.0,274508.0,151587945.74942547,1.70216949,164383933.23670393,164247050.04789966
2020-10-05 00:00:00+00:00,946902.0,295868.0,134303836.4311297,1.71835152,347317579.66685563,396930182.1312612
2020-10-06 00:00:00+00:00,978521.0,318289.0,124710705.25747761,1.69012311,350001815.8534749,311943097.44157
2020-10-07 00:00:00+00:00,1063425.0,369576.0,144856280.72214702,1.70039927,401987234.0972853,618297530.6147898
2020-10-08 00:00:00+00:00,1033122.0,329472.0,155408725.0131643,1.73638098,457103560.55986196,365559865.8903447
2020-10-09 00:00:00+00:00,1006667.0,339374.0,136222462.66586015,1.76179817,503215699.6368831,512327439.9171908
2020-10-10 00:00:00+00:00,917402.0,294652.0,137181775.7832253,1.79700041,311681589.0039746,267404940.73076293
2020-10-11 00:00:00+00:00,791020.0,257292.0,134303836.4311297,1.80770338,168904795.71935585,155469033.14623177
2020-10-12 00:00:00+00:00,945894.0,315903.0,142937654.4874166,1.83284911,413069508.4495131,362411953.51210564
2020-10-13 00:00:00+00:00,1049377.0,330320.0,159245977.48262516,1.81348383,356543023.51658434,378348664.3779349
2020-10-14 00:00:00+00:00,952949.0,318750.0,142937654.4874166,1.80880169,409450667.6898984,458407396.923217
2020-10-15 00:00:00+00:00,1035214.0,337702.0,144856280.72214702,1.82050458,316727096.538325,487668457.2449985
2020-10-16 00:00:00+00:00,973228.0,319791.0,148693533.19160783,1.7940757,447083129.96552014,656753546.0284024
2020-10-17 00:00:00+00:00,851147.0,278655.0,152593470.69353917,1.79732641,143199539.91625196,264587403.46813598
2020-10-18 00:00:00+00:00,744786.0,234650.0,119288755.69898535,1.81665683,120105524.74560538,135130615.89384037
2020-10-19 00:00:00+00:00,930306.0,303148.0,124259120.51977639,1.85166488,386915616.1902591,429670876.100792
2020-10-20 00:00:00+00:00,1011847.0,331386.0,143146506.83878234,1.87699868,387557131.669297,389411597.5263883
2020-10-21 00:00:00+00:00,1013298.0,308240.0,129229485.34056745,2.013415,718537919.7708844,632181398.9457152
2020-10-22 00:00:00+00:00,1048775.0,341549.0,136187996.0896749,2.02018679,695456670.0186647,726909158.5666827
2020-10-23 00:00:00+00:00,977710.0,321018.0,130223558.30472566,2.00849858,416443116.0713442,504635584.45166576
2020-10-24 00:00:00+00:00,1098917.0,304224.0,151099090.55204803,2.02902772,243162595.26258793,226330483.99930528
2020-10-25 00:00:00+00:00,851199.0,242596.0,116306536.80651072,2.01568826,175875254.96481794,189619443.51594496
2020-10-26 00:00:00+00:00,825846.0,255058.0,109348026.05740325,2.01954164,427934789.11616695,480741391.3863344
2020-10-27 00:00:00+00:00,827512.0,255102.0,98413223.45166297,2.10370037,427822684.9777608,553393244.7133526
2020-10-28 00:00:00+00:00,817505.0,259212.0,99407296.41582118,2.04049323,608088053.5444447,553372975.1619385
2020-10-29 00:00:00+00:00,887772.0,277836.0,107359880.12908687,2.06357066,563503761.326383,526773533.30567974
2020-10-30 00:00:00+00:00,901403.0,267995.0,110342099.02156149,2.0801745,540581768.8042942,668977886.0161082
2020-10-31 00:00:00+00:00,875335.0,274513.0,112330244.9498779,2.10747626,351635325.15934587,313314932.1555739
2020-11-01 00:00:00+00:00,897445.0,276664.0,124259120.51977639,2.09316771,234594647.6172503,212228254.103331
2020-11-02 00:00:00+00:00,777173.0,225214.0,94436931.59503014,2.06586073,407842721.3821219,723731192.653641
2020-11-03 00:00:00+00:00,1029970.0,330051.0,123534519.48211516,2.09497527,576312325.7449416,740014309.7223111
2020-11-04 00:00:00+00:00,1175181.0,319925.0,132689483.09191571,2.10823433,509531362.3386743,587970068.1530669
2020-11-05 00:00:00+00:00,1071518.0,319993.0,122675182.48120517,2.30749272,1100483549.2898858,1024891120.6147176
2020-11-06 00:00:00+00:00,1080743.0,334639.0,127682332.7865603,2.29919169,879222078.4439914,868034968.8222929
2020-11-07 00:00:00+00:00,1055012.0,273328.0,121840657.43031262,2.18711473,386157744.95780903,296530645.37828493
2020-11-08 00:00:00+00:00,920529.0,243396.0,115164457.02317227,2.26976446,240811828.62109438,281084879.4293156
2020-11-09 00:00:00+00:00,1188873.0,320528.0,154387134.41512182,2.23751677,713736571.1851122,888174958.0529945
2020-11-10 00:00:00+00:00,1026623.0,308276.0,122675182.48120517,2.23228692,740368492.7240137,789298134.6409425
2020-11-11 00:00:00+00:00,1004339.0,318925.0,122675182.48120517,2.28563276,673889523.4933541,696884108.5016115
2020-11-12 00:00:00+00:00,1064270.0,329630.0,133524008.14280823,2.35643005,727177667.8377088,863149746.6643095
2020-11-13 00:00:00+00:00,999523.0,301426.0,115998982.3411126,2.35455292,741710577.1536775,677446588.4929659
2020-11-14 00:00:00+00:00,915336.0,272079.0,118502557.09321824,2.317866766319,369489936.66306907,252125362.13763794
2020-11-15 00:00:00+00:00,845204.0,248137.0,125178757.6338828,2.29883051,184616925.39446354,305810317.5478173
2020-11-16 00:00:00+00:00,1041491.0,312340.0,135735925.23468184,2.39979607,669718859.8074832,792326573.7285312
2020-11-17 00:00:00+00:00,1142716.0,350945.0,137334451.1504863,2.51738625,934389440.6975443,723044686.0467914
2020-11-18 00:00:00+00:00,1197076.0,362407.0,147831351.5740522,2.51023261,1092392371.486985,1121478386.9941573
2020-11-19 00:00:00+00:00,1052034.0,309724.0,119839616.50472265,2.504430386254,603751837.9895338,584850373.0168086
2020-11-20 00:00:00+00:00,1177776.0,346562.0,146956610.2686377,2.596127396527,1149787766.3677068,983265638.2951391
2020-11-21 00:00:00+00:00,1007240.0,308830.0,147831351.5740522,2.589987418208,497329137.76936114,346764074.78957975
2020-11-22 00:00:00+00:00,875364.0,273653.0,152205060.20050347,2.55377715,410362419.147123,432616282.6456612
2020-11-23 00:00:00+00:00,1014814.0,301519.0,128587033.61766668,2.52775968,846527929.7920593,714504316.7523296
2020-11-24 00:00:00+00:00,1052398.0,330918.0,118964874.63947392,2.61774563,1021682729.2521237,996892786.5009278
2020-11-25 00:00:00+00:00,1127776.0,362628.0,135584967.55994713,2.555478063978,988394428.0713814,860711042.0190394
2020-11-26 00:00:00+00:00,1115848.0,321713.0,131211259.21341324,2.326869284941,1347791205.500285,1026363627.6056376
2020-11-27 00:00:00+00:00,1099990.0,323696.0,134710225.69469845,2.31953985,1043597585.3137158,918941322.8584299
2020-11-28 00:00:00+00:00,1038684.0,292638.0,134710225.69469845,2.40313103,334903998.5305278,419014088.19862646
2020-11-29 00:00:00+00:00,875712.0,259705.0,135787629.27682322,2.45853128,368679144.39443177,435793432.1410196
2020-11-30 00:00:00+00:00,903580.0,262264.0,107610727.91731204,2.63721867,1118400159.726543,934749978.6140696
2020-12-01 00:00:00+00:00,1179012.0,378285.0,144750713.6586849,2.51290662,1125199889.034762,1006687863.7027936
2020-12-02 00:00:00+00:00,1015318.0,327335.0,124752259.7979457,2.55197705,718995395.6291386,662622629.7013729
2020-12-03 00:00:00+00:00,1165469.0,343706.0,149512250.29219425,2.57495934,703103192.6160777,721131810.9888684
2020-12-04 00:00:00+00:00,1070208.0,315591.0,137132255.04506996,2.47230116,735187944.8952557,962328360.7326262
2020-12-05 00:00:00+00:00,1077064.0,283933.0,137132255.04506996,2.51909742,337142110.58817023,312526147.2376343
2020-12-06 00:00:00+00:00,906549.0,256611.0,129513796.43145503,2.54722977,234948685.96977794,292281096.2036553
2020-12-07 00:00:00+00:00,1017188.0,305857.0,142846099.0052812,2.51748691,569448486.2434058,537658213.4353722
2020-12-08 00:00:00+00:00,1057637.0,329557.0,137132255.04506996,2.40341294,590845552.0179468,705522596.8615928
2020-12-09 00:00:00+00:00,1059284.0,323845.0,132370718.71629885,2.422360712922,858086624.3640465,933547314.5357643
2020-12-10 00:00:00+00:00,995137.0,311527.0,123799952.47124383,2.38235433,888127032.4919202,991748965.8801193
2020-12-11 00:00:00+00:00,1078069.0,304342.0,131418411.08485878,2.34803699,780702516.6528984,656237457.3849179
2020-12-12 00:00:00+00:00,962538.0,296177.0,125704567.12464757,2.43833504,689775615.0290493,533854319.3397866
2020-12-13 00:00:00+00:00,938739.0,274709.0,148342069.0427936,2.46411643,410663357.51489013,349268307.6207428
2020-12-14 00:00:00+00:00,977389.0,313940.0,134574370.80097473,2.474236613553,750259875.2685907,623773831.456401
2020-12-15 00:00:00+00:00,1047043.0,322798.0,129933875.82961448,2.48407194,886073238.1977774,798275322.4478678
2020-12-16 00:00:00+00:00,1098912.0,313973.0,132718173.76280425,2.70395115,1217887075.2496102,1063406650.4879931
2020-12-17 00:00:00+00:00,1066159.0,308001.0,119724785.58585908,2.838980097189,1686941962.2857962,1212038686.9857762
2020-12-18 00:00:00+00:00,1194851.0,377227.0,145711560.75178188,2.82221791,1569080222.0477161,1197318456.2892044
2020-12-19 00:00:00+00:00,1158142.0,339766.0,146639659.56785926,2.906877174893,743958093.6165544,469798393.18715626
2020-12-20 00:00:00+00:00,1075417.0,282293.0,140142965.92487437,2.850832494921,395374518.07302284,508877794.08253413
2020-12-21 00:00:00+00:00,1126710.0,274086.0,126221478.78335665,2.76690892,1192602854.7711315,1001054875.2158227
2020-12-22 00:00:00+00:00,1095221.0,322307.0,132718173.76280425,2.831513764707,1233813715.916125,1671727072.5087745
2020-12-23 00:00:00+00:00,1138302.0,337585.0,142927263.4125759,2.75180066,1266908739.9859009,1937060715.5411904
2020-12-24 00:00:00+00:00,969168.0,271363.0,116940488.24665305,2.77320466,1216919822.3171575,870881208.9568279
2020-12-25 00:00:00+00:00,1021183.0,298020.0,133646272.28188917,2.87742129,647628815.1971256,485732434.57271117
2020-12-26 00:00:00+00:00,957062.0,277615.0,127149578.49040844,3.06732801,756723617.9186006,637633521.9480872
2020-12-27 00:00:00+00:00,1049825.0,304240.0,137344635.42361856,3.033869719213,1438176079.723863,876254508.4395854
2020-12-28 00:00:00+00:00,1154354.0,314503.0,147934525.66917643,3.03336124,1179165565.5176427,1187898448.870188
2020-12-29 00:00:00+00:00,1146131.0,334580.0,140537799.38571763,3.00690895,1094160713.6751704,1427840497.1000595
2020-12-30 00:00:00+00:00,1221579.0,340919.0,159029615.0943647,3.14848763,1469104163.6642916,1776677305.8683333
2020-12-31 00:00:00+00:00,1193822.0,338444.0,153482070.67763954,3.140996404211,1409915226.9012532,1677297905.7430007
2021-01-01 00:00:00+00:00,1001890.0,261318.0,137764026.73355144,3.145922773591,1111052079.7005703,1453812452.1840472
2021-01-02 00:00:00+00:00,1140633.0,297595.0,139613208.60028526,3.36183826,2190849731.5486727,2966657205.3675766
2021-01-03 00:00:00+00:00,1184688.0,359641.0,146085344.09831175,3.43360474,1782612309.780376,993018771.4981586
2021-01-04 00:00:00+00:00,1270082.0,370865.0,159954206.02773148,3.2392637,2228827993.8892393,2142486141.6656923
2021-01-05 00:00:00+00:00,1230529.0,355008.0,145160753.60874838,3.40781574,1679194083.5642207,1614501049.5090835
2021-01-06 00:00:00+00:00,1344921.0,398455.0,163652569.02152643,3.60095708,1846248817.6539698,2156623605.2329555
2021-01-07 00:00:00+00:00,1292297.0,402123.0,155331252.39643878,3.742047073313,2854278651.7156034,2674105521.823806
2021-01-08 00:00:00+00:00,1237271.0,358440.0,136839436.2439882,3.78863874,2755775263.189729,2483510299.6270366
2021-01-09 00:00:00+00:00,1094947.0,318922.0,134307072.19635198,3.6883279,1318832065.0768015,1256258770.8953242
2021-01-10 00:00:00+00:00,1177151.0,332604.0,162879650.92477036,3.47615243,1526544516.6930006,1085229052.224307
2021-01-11 00:00:00+00:00,1211948.0,333441.0,157757649.32336253,3.17723254,2735018636.048131,2326215119.940653
2021-01-12 00:00:00+00:00,1202314.0,336350.0,151611247.72948113,3.024579234512,1840592630.352543,1999737356.597446
2021-01-13 00:00:00+00:00,1163164.0,320071.0,155708849.33841553,3.31893271605,1524378109.938521,1532957895.0504842
2021-01-14 00:00:00+00:00,1167975.0,338553.0,150586847.08139154,3.43968572,1846218121.306633,2131264248.3725872
2021-01-15 00:00:00+00:00,1209589.0,345053.0,158782049.8075481,3.21691863,3063126913.6493607,2055686174.6900585
2021-01-16 00:00:00+00:00,1115276.0,308421.0,150586846.5896793,3.16002808,786799889.8635733,748650980.1409545
2021-01-17 00:00:00+00:00,1002014.0,268872.0,136245242.43354535,3.14208979,737276829.0762447,791773163.2650796
2021-01-18 00:00:00+00:00,1077578.0,313873.0,148538046.4408284,3.16789734,1139945425.3128626,964195448.0120173
2021-01-19 00:00:00+00:00,1095890.0,326366.0,152635647.7219547,3.12779915,2493217032.1488585,1738720662.755555
2021-01-20 00:00:00+00:00,1107233.0,315516.0,144440445.15970212,3.05640832,1808307409.4373627,1456307408.3875346
2021-01-21 00:00:00+00:00,1059467.0,288464.0,132147640.82461096,2.671999724485,1608605313.3353457,1761929527.7554052
2021-01-22 00:00:00+00:00,1115180.0,326671.0,144440445.15970212,2.83570647,1701955565.0749853,1594848425.6918044
2021-01-23 00:00:00+00:00,1128728.0,303320.0,160859266.69140872,2.75080418,642598228.6547987,512175820.4117859
2021-01-24 00:00:00+00:00,1004162.0,254109.0,143884925.71895775,2.763770318383,465973319.3374155,521553041.3070298
2021-01-25 00:00:00+00:00,1121794.0,312958.0,144920068.40457904,2.777191691556,1339127888.76075,1170023831.2323582
2021-01-26 00:00:00+00:00,1182517.0,335923.0,166658079.04619855,2.79160837,1224844546.269248,1224215639.9690158
2021-01-27 00:00:00+00:00,1106142.0,323598.0,146990355.43205088,2.58416695,1708618290.2368433,1801415150.14613
2021-01-28 00:00:00+00:00,1097896.0,325159.0,150095785.47638997,2.83537151,2058429089.8641605,1853601307.8244958
2021-01-29 00:00:00+00:00,1208741.0,339577.0,157341788.91318125,2.87127647,3001623012.4306383,2449081723.3036337
2021-01-30 00:00:00+00:00,1087755.0,313065.0,140779494.68088102,2.878188037248,1007353520.3577211,1251428687.729494
2021-01-31 00:00:00+00:00,1063553.0,287082.0,149060642.12827694,2.77012967,844533846.6024226,1210379632.5826914
2021-02-01 00:00:00+00:00,999221.0,283467.0,123182058.42545108,2.798474060738,1297627876.5575922,1471108912.8046412
2021-02-02 00:00:00+00:00,1202183.0,363397.0,158376932.26129428,2.95247741,1338231504.0656822,1131682582.0482924
2021-02-03 00:00:00+00:00,1187019.0,345764.0,155271502.21695518,3.10161426,1489329608.9301672,1495161155.7783725
2021-02-04 00:00:00+00:00,1226684.0,367536.0,165622935.5324627,3.046232040351,1763334598.7771003,2300403847.1993227
2021-02-05 00:00:00+00:00,1257476.0,360061.0,174939225.66548,3.09428668,1941577383.2009027,1886321752.4118078
2021-02-06 00:00:00+00:00,1147256.0,328082.0,169173097.2862373,3.18428793,1288150512.6055791,857921159.3113369
2021-02-07 00:00:00+00:00,1159518.0,286807.0,166219497.49211165,3.141200247585,862897672.5720327,1234773097.8665335
2021-02-08 00:00:00+00:00,1249543.0,340919.0,172612555.61907768,3.65741696,3159642620.023839,2458728191.671665
2021-02-09 00:00:00+00:00,1174227.0,359788.0,152367873.85185274,3.61855022,2557842713.4920225,2602208161.389145
2021-02-10 00:00:00+00:00,1191329.0,340736.0,152367873.85185274,3.46683384,2173746213.9014854,1760052996.946955
2021-02-11 00:00:00+00:00,1052110.0,301861.0,137450738.2222654,3.64585169,1755453547.3333433,1799458115.1941025
2021-02-12 00:00:00+00:00,1157108.0,347247.0,151302363.39685816,3.57975153,1820369075.2739193,1827918890.4008777
2021-02-13 00:00:00+00:00,1217682.0,333184.0,167285007.94710624,3.54773666,830240088.4395837,966693766.0327127
2021-02-14 00:00:00+00:00,1122976.0,297041.0,157695421.52382416,3.65475277,1101306765.3789957,976908968.2727073
2021-02-15 00:00:00+00:00,1140491.0,312281.0,161957460.27513483,3.56148121,1356116263.8037498,1529841125.5345843
2021-02-16 00:00:00+00:00,989854.0,293716.0,128926662.25397788,3.6125173,1994779179.217516,1589808248.9362538
2021-02-17 00:00:00+00:00,1134666.0,318209.0,147040324.64554748,3.79432537,2714689284.812839,2329895240.6928153
2021-02-18 00:00:00+00:00,1138881.0,317446.0,145974815.72488672,3.70969063,1707677200.223873,2207467513.6736784
2021-02-19 00:00:00+00:00,1248515.0,340244.0,163253417.20803395,3.90986635,2852217033.689742,2359851832.643931
2021-02-20 00:00:00+00:00,1187083.0,321732.0,157667240.26214835,3.87796973,2056758045.1796484,2215563485.9321966
2021-02-21 00:00:00+00:00,1047141.0,272006.0,152267677.5909614,3.95810037,3198822028.500439,1149107541.3487866
2021-02-22 00:00:00+00:00,1094544.0,284119.0,143628376.07300296,3.68695731,3221423299.793443,2646692380.4562483
2021-02-23 00:00:00+00:00,1054613.0,288011.0,137148899.93453413,3.28933195,3784980163.9998364,3096738374.3379993
2021-02-24 00:00:00+00:00,1230122.0,354258.0,171706104.45129374,3.32994398,2366919978.604657,3042642320.4921365
2021-02-25 00:00:00+00:00,1217040.0,328850.0,168466365.60452226,3.17682646,3532330387.595121,3130706175.862578
2021-02-26 00:00:00+00:00,1114180.0,305149.0,150107852.2114718,3.06572143,2035289282.2260537,1981649091.1001234
2021-02-27 00:00:00+00:00,1202477.0,322758.0,169546279.07180414,3.04478896,974133376.7112336,824280135.176242
2021-02-28 00:00:00+00:00,1033508.0,252499.0,141468550.69351333,3.00886446,1195826888.2274826,928590414.3367854
2021-03-01 00:00:00+00:00,1073523.0,278708.0,140388638.7813056,3.269931,1609448447.037358,2041911210.212024
2021-03-02 00:00:00+00:00,1119669.0,340722.0,154427502.970451,3.17061495,1847216059.5777543,2145432327.1101713
2021-03-03 00:00:00+00:00,1185450.0,332985.0,164146716.40061718,3.3135168,1610825636.7579932,1851455262.402443
2021-03-04 00:00:00+00:00,1042797.0,290966.0,138228813.401816,3.161905493951,1558636690.059163,1326658723.4225993
2021-03-05 00:00:00+00:00,1154593.0,315193.0,160906977.55384567,3.17106851,2790461418.2722,2101716867.9359791
2021-03-06 00:00:00+00:00,1147083.0,288073.0,162185767.0079194,3.175929809802,1155846807.530865,875743997.7138869
2021-03-07 00:00:00+00:00,1043256.0,259265.0,155665152.07723814,3.30549961,1086876442.0973663,1089667257.177976
2021-03-08 00:00:00+00:00,1164249.0,294249.0,165260949.11257935,3.35002291,2161700862.6598086,2310247628.9292254
2021-03-09 00:00:00+00:00,1088598.0,299423.0,149267953.5419015,3.49855563203,1947745250.8882957,1897196044.2932496
2021-03-10 00:00:00+00:00,1165773.0,342661.0,158863750.5772427,3.56293331,1839307847.7226257,1841810552.2323527
2021-03-11 00:00:00+00:00,1084417.0,293471.0,140738357.0301135,3.63177042,1774825504.9669194,1808759752.999336
2021-03-12 00:00:00+00:00,1186618.0,320069.0,159929951.1007959,3.570586382096,1719442649.6653423,1898862928.7632303
2021-03-13 00:00:00+00:00,1104466.0,276253.0,152466553.57723358,3.78957634,1658063814.333548,1412625296.337221
2021-03-14 00:00:00+00:00,1155175.0,305716.0,167393348.6243582,3.68484058,2927113145.521705,1186934028.0679586
2021-03-15 00:00:00+00:00,1167577.0,295380.0,157797551.589017,3.43735753,1970955505.5132914,2224277748.082827
2021-03-16 00:00:00+00:00,1161912.0,319854.0,158863750.5772427,3.44231318,1997337507.2149086,2029923989.7216282
2021-03-17 00:00:00+00:00,1110541.0,290856.0,145003154.51834372,3.55383882,2101735891.80923,2308444518.622677
2021-03-18 00:00:00+00:00,1219716.0,335857.0,162062350.6125748,3.48651656,2214905539.390287,1897278400.223059
2021-03-19 00:00:00+00:00,1158820.0,315088.0,158461331.28345832,3.50341884,1650519964.4731336,1582879612.9252234
2021-03-20 00:00:00+00:00,1124513.0,281882.0,167389188.3483424,3.49731896,1167653194.3794312,1043222078.5957875
2021-03-21 00:00:00+00:00,1112554.0,240660.0,169563074.09425303,3.440164039174,641862285.1439415,2143867474.515948
2021-03-22 00:00:00+00:00,1144113.0,295471.0,164128360.51207522,3.25092326,1672655056.3253586,2348931698.8353925
2021-03-23 00:00:00+00:00,1234149.0,316687.0,174997789.2416285,3.23614304,3134309509.5803514,3120149403.6072664
2021-03-24 00:00:00+00:00,1153475.0,301818.0,165215304.16762933,3.11041886,1858193285.7190154,1898320610.0818548
2021-03-25 00:00:00+00:00,1218346.0,320449.0,167389188.3483424,3.03612207,2664090422.4120216,2638577111.068914
2021-03-26 00:00:00+00:00,1085835.0,293636.0,147824218.20034406,3.20883079,2309789280.809516,2491990463.9247627
2021-03-27 00:00:00+00:00,1149403.0,286113.0,172823903.49571785,3.26897077,1078531066.2048936,1067844103.0173628
2021-03-28 00:00:00+00:00,1063472.0,244181.0,172823903.49571785,3.24472988,661851458.2841233,670912895.1217104
2021-03-29 00:00:00+00:00,1115525.0,307500.0,164128360.51207522,3.33795673,2177198080.1155157,2174164386.503031
2021-03-30 00:00:00+00:00,1154381.0,323613.0,158693646.92989737,3.38330063,1976936666.9080143,1603095084.7852132
2021-03-31 00:00:00+00:00,1234495.0,330775.0,170650017.74980718,3.375535019449,2009576138.9219944,2110845788.9627607
2021-04-01 00:00:00+00:00,1145125.0,315091.0,157606703.27434322,3.35598363,2418809852.485136,2439783143.010154
2021-04-02 00:00:00+00:00,1103476.0,302587.0,160833893.90764642,3.35413045,2079044813.6260612,2026724559.505317
2021-04-03 00:00:00+00:00,1020968.0,278911.0,150672055.36305547,3.25187507,1106063081.4516587,1059341890.9165477
2021-04-04 00:00:00+00:00,1032167.0,247000.0,167924581.3805305,3.298301283114,1055179851.2218143,1323877639.980627
2021-04-05 00:00:00+00:00,1229289.0,289931.0,179426264.28801888,3.32023402,1747041427.3521554,1864659271.2640967
2021-04-06 00:00:00+00:00,1180036.0,310254.0,165624244.46778432,3.22914317,2615534070.37773,3107337903.6094575
2021-04-07 00:00:00+00:00,1246138.0,318898.0,180576433.5725132,3.12214094,2165975480.58945,2392526527.9057803
2021-04-08 00:00:00+00:00,1092604.0,280374.0,154122561.56029594,3.2057806,1673057350.5548086,2010999286.707202
2021-04-09 00:00:00+00:00,1222362.0,322101.0,174825592.118769,3.203576140634,1575160651.3032553,1392057826.1307127
2021-04-10 00:00:00+00:00,1163952.0,300140.0,180576433.5725132,3.27565104,1982501461.3389747,2009936407.7343156
2021-04-11 00:00:00+00:00,1043812.0,254567.0,166774412.0960362,3.28353702,1544863296.9054022,990162221.7651513
2021-04-12 00:00:00+00:00,1126723.0,291473.0,165624244.46778432,3.26759859,2239985620.2063737,2131860917.729528
2021-04-13 00:00:00+00:00,1178027.0,310996.0,163323907.55503815,3.43453079,2906228841.400799,2403175834.90904
2021-04-14 00:00:00+00:00,1149773.0,295564.0,155272729.18854782,3.37622405,2693100669.144676,2146837095.9210267
2021-04-15 00:00:00+00:00,1366494.0,358905.0,198624496.4285958,3.37419883,2023571930.3737676,2276688196.670962
2021-04-16 00:00:00+00:00,933121.0,218612.0,120743465.93956694,3.27664917,2458956128.8804927,2547409251.2129455
2021-04-17 00:00:00+00:00,828375.0,195677.0,106676264.94260553,3.19962738,1135120471.8248553,2463003264.58295
2021-04-18 00:00:00+00:00,1057891.0,276174.0,145361065.15215346,2.959841879616,2660300672.0033193,3442818162.147823
2021-04-19 00:00:00+00:00,884672.0,207290.0,113709865.44108623,2.92575459,1927910545.7129204,1950174709.5643926
2021-04-20 00:00:00+00:00,1126908.0,280365.0,150050132.1511406,2.95532944,3272530160.7382407,3274650409.004776
2021-04-21 00:00:00+00:00,918079.0,226747.0,118398932.44007337,2.82653587,2721031730.091135,2369842237.15119
2021-04-22 00:00:00+00:00,1114976.0,269958.0,167634132.55331036,2.70960708,3642866943.1062727,2701982203.0559154
2021-04-23 00:00:00+00:00,1114180.0,296653.0,158255998.5553361,2.65915763,3565517749.4227357,3033082597.2282515
2021-04-24 00:00:00+00:00,1125210.0,291934.0,169978664.36473995,2.61911452,1074138295.0299375,1049627304.5060414
2021-04-25 00:00:00+00:00,1026103.0,241657.0,165289599.0538168,2.54988868,1369015903.1621463,1084328764.5778787
2021-04-26 00:00:00+00:00,943203.0,241837.0,133638399.34274958,2.79947785,2066066746.21896,2243528601.70233
2021-04-27 00:00:00+00:00,1092574.0,297541.0,166461864.9595316,2.84255929,2086040518.9366028,1594149237.406349
2021-04-28 00:00:00+00:00,1113474.0,276370.0,166461864.9595316,2.82520447,1712416437.923663,1409739013.1674142
2021-04-29 00:00:00+00:00,986056.0,256358.0,143016531.6526599,2.75289848,1837172789.0247414,1800552048.7259877
2021-04-30 00:00:00+00:00,1122022.0,292939.0,169978664.36473995,2.9509244,2761538421.139722,2370885950.7071843
2021-05-01 00:00:00+00:00,1040203.0,260173.0,158215613.46069756,2.95232813,852909892.7297559,747351188.1302911
2021-05-02 00:00:00+00:00,1248724.0,235137.0,189527186.17245042,2.88247785,693808276.2878956,639080042.234304
2021-05-03 00:00:00+00:00,1268856.0,288071.0,181331416.76498824,2.90918692,2127996157.6455894,2470007633.555249
2021-05-04 00:00:00+00:00,1293836.0,300350.0,185429300.73110002,2.72676307,2134802678.089104,1569377683.6711667
2021-05-05 00:00:00+00:00,1208973.0,309762.0,160841991.03347486,2.90068009,2447425181.671037,2224346651.712528
2021-05-06 00:00:00+00:00,1228892.0,310841.0,174160117.98024437,2.845644398322,2165722662.1166377,2887361372.964853
2021-05-07 00:00:00+00:00,1187763.0,306397.0,176209059.22568092,2.86911512,3078468561.2532516,2514799285.897044
2021-05-08 00:00:00+00:00,1169650.0,275777.0,175184588.60296264,2.93389162,1520482327.9586143,1187120799.7359307
2021-05-09 00:00:00+00:00,1234486.0,246707.0,190551658.27040735,2.90472472,1571580510.1057694,1391482833.8652534
2021-05-10 00:00:00+00:00,1315147.0,305887.0,184404830.10838172,2.78208874,2689490404.42597,2652514505.3760505
2021-05-11 00:00:00+00:00,1258920.0,309496.0,176209059.22568092,2.81280636,2046543631.6687717,2370924499.866288
2021-05-12 00:00:00+00:00,1245595.0,301570.0,176209059.22568092,2.528710162627,3740021297.2545958,2275841999.244712
2021-05-13 00:00:00+00:00,1187747.0,274151.0,186999513.86234707,2.4489477,4141383839.1795917,3238742298.3518767
2021-05-14 00:00:00+00:00,1066269.0,267317.0,166839066.08152366,2.47934018,2202541259.7897506,2369937191.1464806
2021-05-15 00:00:00+00:00,953308.0,231360.0,153143321.7171525,2.33381396,1581369889.57025,1130224230.1135182
2021-05-16 00:00:00+00:00,971649.0,219486.0,164348930.5795564,2.2838578,2217918217.7877607,1861657130.021887
2021-05-17 00:00:00+00:00,962984.0,252917.0,150653186.21518525,2.16428882,4065277357.5571976,2486975100.287708
2021-05-18 00:00:00+00:00,856695.0,220564.0,124506764.34097786,2.13179763,1692765680.8361056,2124584660.107807
2021-05-19 00:00:00+00:00,1031147.0,264932.0,155633457.21911976,1.88892076,5427372508.281521,4263959865.4320736
2021-05-20 00:00:00+00:00,943686.0,226451.0,139447577.35278136,2.05205637,2895477773.8898625,2821254367.7447286
2021-05-21 00:00:00+00:00,942736.0,225921.0,136957441.8508141,1.87448768,2080196774.1386452,2513655412.440627
2021-05-22 00:00:00+00:00,918673.0,221219.0,144427848.35671586,1.90162942,1803215758.0078075,1301384086.0088263
2021-05-23 00:00:00+00:00,957018.0,195260.0,148163050.713218,1.75890282,1728242842.797443,1743551289.7302349
2021-05-24 00:00:00+00:00,975836.0,236897.0,156878524.07365468,1.94867935,2303903819.0354795,2386688360.393735
2021-05-25 00:00:00+00:00,968674.0,232254.0,153143321.7171525,1.93329011,2089312060.5267498,1815542372.9455175
2021-05-26 00:00:00+00:00,933622.0,228063.0,151898253.06972018,1.97886373,1723833936.9767044,1701075846.953061
2021-05-27 00:00:00+00:00,864432.0,217523.0,145672915.21125075,1.94636165,1422092336.043083,1338055321.8416452
2021-05-28 00:00:00+00:00,972164.0,217451.0,148163050.713218,1.80279078,2348934994.176955,2061680267.128687
2021-05-29 00:00:00+00:00,863265.0,192912.0,144427848.35671586,1.75819515,1000092915.2457541,724244159.7845327
2021-05-30 00:00:00+00:00,990443.0,182281.0,150864303.39569443,1.80573948,773424811.5896769,893493682.3867466
2021-05-31 00:00:00+00:00,977895.0,229620.0,147526659.5228379,1.88939041,1187188493.7097743,1030585328.0017104
2021-06-01 00:00:00+00:00,914351.0,231423.0,148572947.21506172,1.85490761,931001819.4533494,950451514.9222348
2021-06-02 00:00:00+00:00,1090605.0,252343.0,173683868.40164092,1.905098964141,986132904.4201008,1013199017.1236248
2021-06-03 00:00:00+00:00,1015474.0,253523.0,153804388.68949127,1.9791401,1102832252.608169,1136847698.761565
2021-06-04 00:00:00+00:00,907519.0,235300.0,137063775.06732357,1.866853639007,1055680579.4592633,1099212378.960867
2021-06-05 00:00:00+00:00,762659.0,192819.0,137063775.06732357,1.79378368,777358794.8477125,628744374.7817681
2021-06-06 00:00:00+00:00,737174.0,188480.0,156943254.77947322,1.81038933,545140005.1423452,673614568.8376187
2021-06-07 00:00:00+00:00,910652.0,237064.0,139156351.95842645,1.71255578,1434482936.5692506,2606025882.5143366
2021-06-08 00:00:00+00:00,998834.0,245071.0,155896965.58059415,1.7042113,2500097311.646185,2056733743.4955864
2021-06-09 00:00:00+00:00,817282.0,213689.0,131832333.59289403,1.89766024,2021043226.5447266,1963225709.9822206
2021-06-10 00:00:00+00:00,948298.0,252966.0,123462026.02848256,1.87120729,1468189660.3292465,1150386138.141655
2021-06-11 00:00:00+00:00,874050.0,212379.0,109860278.49629676,1.88860664,1713542792.2884219,1237836908.6123707
2021-06-12 00:00:00+00:00,1013611.0,223896.0,138110064.26620263,1.81254069,683551687.7728256,568272732.8282075
2021-06-13 00:00:00+00:00,799859.0,182420.0,136447345.89779422,1.976225,1059720440.6934108,806102528.2971389
2021-06-14 00:00:00+00:00,972587.0,248537.0,133766696.21889953,2.04984505,2229243584.205906,1799973527.7202978
2021-06-15 00:00:00+00:00,963054.0,242092.0,129803238.23607774,2.03798688,2165352034.9511447,3376152870.967027
2021-06-16 00:00:00+00:00,954838.0,254125.0,121876323.69727893,1.937890111061,2558179555.334806,2065535065.5340836
2021-06-17 00:00:00+00:00,865333.0,236736.0,128812374.45379467,1.927486814795,1719152508.9861152,1782823021.853264
2021-06-18 00:00:00+00:00,825241.0,224077.0,122867187.479562,1.812458657444,2342596565.8711405,1741575348.1171484
2021-06-19 00:00:00+00:00,688095.0,182467.0,102059035.21001478,1.805038478086,931698933.7238615,983897858.9079862
2021-06-20 00:00:00+00:00,652470.0,168027.0,104040764.20142566,1.807459745287,984641140.8284203,908851663.4829453
2021-06-21 00:00:00+00:00,835557.0,208474.0,104040764.20142566,1.615498500377,1937457497.149393,1896218403.4569385
2021-06-22 00:00:00+00:00,776432.0,196802.0,90168661.26154941,1.651499802307,2009752959.5899088,1773066031.3637645
2021-06-23 00:00:00+00:00,847730.0,233460.0,100077306.21860388,1.713698226674,1636694912.0474553,1709770185.4570622
2021-06-24 00:00:00+00:00,843836.0,226845.0,104040764.20142566,1.766672167447,1137565111.152415,1026623720.1120627
2021-06-25 00:00:00+00:00,880813.0,223011.0,108995085.96653052,1.630917169218,1334091215.1852682,1481175015.5677881
2021-06-26 00:00:00+00:00,715801.0,180868.0,88186933.69698328,1.643033945428,970471111.1738199,827068313.1087729
2021-06-27 00:00:00+00:00,518219.0,123967.0,57470136.470381595,1.776255857109,776046868.9822407,713245605.8805517
2021-06-28 00:00:00+00:00,776365.0,215492.0,87196068.48785546,1.769776037417,1074543187.575258,1036503790.449228
2021-06-29 00:00:00+00:00,792995.0,207236.0,89177797.47926635,1.849675862855,1021436812.6033673,1127173413.8486607
2021-06-30 00:00:00+00:00,790273.0,217133.0,87196068.48785546,1.805586334557,953031676.9685191,1206067245.6328437
2021-07-01 00:00:00+00:00,817115.0,232056.0,95122984.45349903,1.727368166727,635395449.4059278,989265652.037014
2021-07-02 00:00:00+00:00,809016.0,189904.0,89177797.47926635,1.746141242195,782301213.5279748,763453635.376108
2021-07-03 00:00:00+00:00,1027108.0,234315.0,97321703.03432867,1.787452030946,543933877.381119,336303969.6564022
2021-07-04 00:00:00+00:00,843475.0,169312.0,82108835.96327849,1.8265447061,370765449.1565221,489889667.04483175
2021-07-05 00:00:00+00:00,902032.0,223372.0,94246664.36212581,1.752492211228,820704840.8387704,640551868.2891408
2021-07-06 00:00:00+00:00,853332.0,232857.0,101386562.69452159,1.763785729615,720939697.0890894,755516108.7123109
2021-07-07 00:00:00+00:00,811614.0,220912.0,87820755.45171145,1.753796589122,676419423.9642366,947011810.2854588
2021-07-08 00:00:00+00:00,802085.0,228850.0,99244593.40043195,1.697989573018,874126663.7085835,1271042830.5678585
2021-07-09 00:00:00+00:00,818441.0,223467.0,93532673.91199899,1.754049012631,918412222.8488151,809771601.8126439
2021-07-10 00:00:00+00:00,726034.0,193966.0,114952370.96547714,1.738516988105,379036232.6712639,368674806.2496231
2021-07-11 00:00:00+00:00,690684.0,160653.0,89248735.3238197,1.771750243299,486594652.50643086,522533794.71011716
2021-07-12 00:00:00+00:00,838472.0,225239.0,89962724.74580109,1.713116506244,1013104448.7470804,952978265.3739028
2021-07-13 00:00:00+00:00,807050.0,227411.0,97102623.07819687,1.688811469688,977859678.226092,1005049541.8497733
2021-07-14 00:00:00+00:00,817900.0,235584.0,121378279.8758915,1.697934967437,1020784171.8363675,924734838.8706439
2021-07-15 00:00:00+00:00,828844.0,224713.0,91390704.61790934,1.643649164372,993396220.7873504,1047761305.4216287
2021-07-16 00:00:00+00:00,764392.0,223179.0,107098482.18295455,1.63221452573,773480713.3393891,827094008.546911
2021-07-17 00:00:00+00:00,640355.0,181727.0,101825980.8946451,1.630400402935,2901894783.526739,1976697832.3299255
2021-07-18 00:00:00+00:00,651828.0,163158.0,97872242.08868939,1.639258220118,929871052.3737264,376680558.4810778
2021-07-19 00:00:00+00:00,845474.0,228590.0,115543619.56746827,1.597725750094,1022745429.4517385,770705444.5214543
2021-07-20 00:00:00+00:00,822257.0,228207.0,82919538.21875685,1.540648215719,1025119558.3222506,1122009430.293119
2021-07-21 00:00:00+00:00,815589.0,237007.0,98551910.00153977,1.661721371109,931313040.6271955,1019734119.0952164
2021-07-22 00:00:00+00:00,780869.0,223683.0,103989257.21923247,1.670492594499,898637024.9727044,760321563.6871996
2021-07-23 00:00:00+00:00,803246.0,234138.0,91755226.9581463,1.732406654257,735547713.8123137,714802156.0073273
2021-07-24 00:00:00+00:00,712132.0,196325.0,104668925.13208285,1.769606297066,561492859.5659586,438051936.7487046
2021-07-25 00:00:00+00:00,641796.0,172110.0,103989257.21923247,1.81848487747,388267974.487884,560627513.8807945
2021-07-26 00:00:00+00:00,958347.0,269826.0,101950252.50195892,1.93010945385,1906813694.847191,1496004428.61172
2021-07-27 00:00:00+00:00,903400.0,251334.0,115543619.56746827,2.001791162085,1683584201.597911,1476144278.4821713
2021-07-28 00:00:00+00:00,868607.0,255513.0,106707930.82807882,2.033833059073,2942200633.5229697,4213066828.991865
2021-07-29 00:00:00+00:00,880689.0,261353.0,108746935.54535238,2.017407304464,1142950496.9289007,2184958960.71012
2021-07-30 00:00:00+00:00,841162.0,250833.0,112824945.9586219,2.099162197424,1125916131.16263,1165549331.1749942
2021-07-31 00:00:00+00:00,720022.0,204354.0,112670630.57380447,2.098153113059,577105416.3584665,595620729.9463817
2021-08-01 00:00:00+00:00,695892.0,190234.0,110975800.32998534,2.006838470091,726731687.9294603,513702344.95988137
2021-08-02 00:00:00+00:00,899861.0,236019.0,103048958.33872564,1.972933571383,1089656759.7087746,926544497.3227382
2021-08-03 00:00:00+00:00,820918.0,246833.0,121785131.92177844,1.922865034712,1317467612.2974296,1201707069.4015336
2021-08-04 00:00:00+00:00,842870.0,237723.0,98004602.83491194,1.995697932518,945349130.7017891,1549112297.0956428
2021-08-05 00:00:00+00:00,854629.0,249454.0,115299533.17424174,2.052274774394,1237284385.247372,955462647.5112426
2021-08-06 00:00:00+00:00,894265.0,258639.0,114578911.55238023,2.140827816615,2370768590.402432,1983463559.3412
2021-08-07 00:00:00+00:00,724467.0,207621.0,120343887.64035964,2.222890074166,745308968.0442908,656642143.5833907
2021-08-08 00:00:00+00:00,740945.0,197270.0,113858288.89282294,2.195821362505,1180205191.4012403,964961566.1623819
2021-08-09 00:00:00+00:00,934412.0,254532.0,109534557.08626235,2.303684409546,1805482653.3178396,2095055381.7468255
2021-08-10 00:00:00+00:00,875882.0,259626.0,118902643.35894084,2.261488524708,1264980753.4575098,930549946.4529741
2021-08-11 00:00:00+00:00,866724.0,261571.0,105931445.86386745,2.268172978331,1234947839.0873713,1733639348.8075187
2021-08-12 00:00:00+00:00,842547.0,252677.0,108813934.42670505,2.20343699514,1199078918.7759454,861424743.3007646
2021-08-13 00:00:00+00:00,917929.0,256053.0,108438697.15589665,2.362590119037,1227835220.2899594,1093133509.812383
2021-08-14 00:00:00+00:00,724702.0,211657.0,126820808.67061575,2.327809478249,834712888.2939355,652944608.4142195
2021-08-15 00:00:00+00:00,750378.0,181221.0,140740165.7062498,2.323985756424,837718349.768337,755077313.9221506
2021-08-16 00:00:00+00:00,978773.0,270372.0,124500916.20252627,2.268193061802,1050999576.8120371,953867108.0455161
2021-08-17 00:00:00+00:00,953226.0,254546.0,133007188.95670392,2.204708913004,854504906.47822,861549292.9376193
2021-08-18 00:00:00+00:00,876483.0,247197.0,104395177.76725549,2.213680687968,1381580284.7172775,1180088852.024781
2021-08-19 00:00:00+00:00,888796.0,254656.0,119087831.92106985,2.293129661764,978601376.0907165,1045799878.4794395
2021-08-20 00:00:00+00:00,984372.0,272396.0,123727617.97079739,2.414499299985,1717123964.7946093,2092083914.0153294
2021-08-21 00:00:00+00:00,787645.0,216018.0,131460594.72034329,2.403261370099,1493075906.971852,1134621250.601458
2021-08-22 00:00:00+00:00,715639.0,191939.0,126820808.67061575,2.414996575605,602767091.2903478,629120810.1357555
2021-08-23 00:00:00+00:00,973417.0,271010.0,152339630.27379438,2.420040085444,2144111024.512446,1342130058.902524
2021-08-24 00:00:00+00:00,945668.0,263660.0,119087831.92106985,2.33794635096,1064788053.4262748,1066768330.0539222
2021-08-25 00:00:00+00:00,867743.0,264966.0,131199199.26766805,2.379019545564,1491345678.5138328,2795677153.4419465
2021-08-26 00:00:00+00:00,818959.0,254481.0,127844614.26004224,2.287786761638,2196068836.6310506,964948700.3204236
2021-08-27 00:00:00+00:00,864176.0,260937.0,127844614.26004224,2.375147501066,1053100405.5024655,1100077459.5908382
2021-08-28 00:00:00+00:00,726381.0,212867.0,123466374.33066267,2.363961726236,610826611.7078577,554917211.1483386
2021-08-29 00:00:00+00:00,685753.0,196139.0,136601094.11880136,2.367277866365,609351698.9139574,563130034.3332051
2021-08-30 00:00:00+00:00,910173.0,249956.0,118212485.65884729,2.277961082403,1164886277.3096867,980185880.2371857
2021-08-31 00:00:00+00:00,930055.0,273720.0,126093318.03610377,2.280110865221,1416690536.1068172,1531928050.933361
2021-09-01 00:00:00+00:00,954959.0,277500.0,119963781.88278574,2.346384601556,1637388816.4528074,1614627679.0152125
2021-09-02 00:00:00+00:00,1026339.0,293611.0,130471557.96548334,2.375035051723,1739352844.3985991,2331607534.4184875
2021-09-03 00:00:00+00:00,1008068.0,278164.0,129595910.48398069,2.395390356338,1108825628.8641977,1861849651.0053737
2021-09-04 00:00:00+00:00,776022.0,227677.0,135725446.6372987,2.395772281636,648273363.6102977,975443136.2854742
2021-09-05 00:00:00+00:00,735688.0,206820.0,143606279.01455522,2.480946695916,736934130.0559024,634193333.8448827
2021-09-06 00:00:00+00:00,968860.0,269949.0,150611462.64937586,2.51931377876,1156924541.2055726,1556050574.4670472
2021-09-07 00:00:00+00:00,938525.0,277913.0,134093473.52179763,2.245742480847,1902273707.2378004,2084183715.3358474
2021-09-08 00:00:00+00:00,907794.0,271871.0,129989982.27183737,2.213572688033,1381073453.4549718,1597073685.587391
2021-09-09 00:00:00+00:00,937415.0,275020.0,125412870.50778997,2.222094260363,1205784708.0840182,1214260286.2845623
2021-09-10 00:00:00+00:00,906178.0,260963.0,124497447.36405553,2.142454311237,1307639785.7058127,3430383877.9223075
2021-09-11 00:00:00+00:00,823454.0,210848.0,135482517.1796192,2.157808262825,515996584.43413126,586537786.238076
2021-09-12 00:00:00+00:00,705573.0,193569.0,134567094.03588477,2.208217016174,443195636.77692693,476816016.6625896
2021-09-13 00:00:00+00:00,908372.0,253041.0,145552163.85144845,2.151863481078,1340170809.1488023,1439943149.88671
2021-09-14 00:00:00+00:00,952892.0,270910.0,153790965.55401707,2.245175277381,1050081295.0165755,1091090504.5419676
2021-09-15 00:00:00+00:00,976201.0,268455.0,129989982.27183737,2.293761212961,929644000.5895407,1629698199.430272
2021-09-16 00:00:00+00:00,1021047.0,270023.0,124497447.36405553,2.273981867172,1021648123.155391,1255144084.299152
2021-09-17 00:00:00+00:00,943981.0,273808.0,134567094.03588477,2.244949537952,918566277.4134451,1032927417.6146301
2021-09-18 00:00:00+00:00,819880.0,227894.0,141890473.9129272,2.290426705637,554134165.9444797,556936813.5927025
2021-09-19 00:00:00+00:00,714326.0,199632.0,146467585.67697462,2.242941684172,477672064.031584,518832326.1296725
2021-09-20 00:00:00+00:00,1014971.0,273371.0,150129275.61549583,2.040586287582,1553917690.2134023,1294359141.2649193
2021-09-21 00:00:00+00:00,844883.0,245996.0,114073685.15409195,1.933233183973,1078749037.4257925,848489002.4036465
2021-09-22 00:00:00+00:00,888195.0,270233.0,126546634.44445217,2.075944471859,862543020.2979761,858934074.0721649
2021-09-23 00:00:00+00:00,918846.0,273598.0,155822347.18556657,2.135308888042,855682493.3269852,909625693.0277205
2021-09-24 00:00:00+00:00,958548.0,274940.0,139767924.24494308,2.038939778388,1335012697.3426144,1346476695.3470078
2021-09-25 00:00:00+00:00,702530.0,210070.0,135990412.4848302,2.035666539997,441900310.0225808,520781419.81500447
2021-09-26 00:00:00+00:00,699993.0,192460.0,131268523.46464118,2.040529522117,1067955266.9868176,759355221.9121301
2021-09-27 00:00:00+00:00,901586.0,262162.0,146378569.14518854,2.010425564687,858046002.2836752,1027603811.4585744
2021-09-28 00:00:00+00:00,935822.0,262395.0,143545436.00505593,1.951689041262,790407155.1480511,926021216.3733265
2021-09-29 00:00:00+00:00,830989.0,240916.0,122769122.6843393,1.962665363543,788198139.9054271,706583495.2033474
2021-09-30 00:00:00+00:00,1059608.0,289577.0,161488614.82573587,2.069864321133,1105346222.3755202,1008193379.512444
2021-10-01 00:00:00+00:00,962201.0,279255.0,132212900.72471735,2.26565626698,1204334953.3212516,1255467813.9944143
2021-10-02 00:00:00+00:00,963528.0,260972.0,177543039.1262635,2.248711046277,679616139.8937135,652662750.4355352
2021-10-03 00:00:00+00:00,808347.0,216090.0,141656680.12499952,2.266397740964,649079351.505683,675509912.0425742
2021-10-04 00:00:00+00:00,1015651.0,265740.0,147634521.78479335,2.31284262096,1126765181.3899536,1124344595.6122487
2021-10-05 00:00:00+00:00,1037679.0,312571.0,162177735.98974445,2.411845063946,1524332744.007783,1572132678.436594
2021-10-06 00:00:00+00:00,914612.0,273475.0,129544410.62214965,2.572944325306,2070163046.875003,1901541993.4225976
2021-10-07 00:00:00+00:00,1144142.0,324741.0,139433297.74445093,2.490026710036,1503347839.7862775,1449596173.925265
2021-10-08 00:00:00+00:00,978503.0,280844.0,118666635.49961804,2.492000787508,1296260928.419782,1102106979.7769694
2021-10-09 00:00:00+00:00,991926.0,241705.0,148333295.4425223,2.538238578635,681746419.2866402,680248190.7755804
2021-10-10 00:00:00+00:00,803826.0,212316.0,157233293.14059362,2.520123658863,609276028.8595498,649135352.2462269
2021-10-11 00:00:00+00:00,1009017.0,277496.0,144377740.59360176,2.631558646637,1258321693.3484967,1218826272.2873409
2021-10-12 00:00:00+00:00,937369.0,274993.0,132511077.47083984,2.574418652958,1787495938.9721453,1314196561.9371505
2021-10-13 00:00:00+00:00,975651.0,289461.0,167122178.8388953,2.620098281333,1412914869.027181,1558294613.7859771
2021-10-14 00:00:00+00:00,1007101.0,284115.0,135477742.8955304,2.613922367304,1359737537.3436055,1437732429.2185006
2021-10-15 00:00:00+00:00,1017121.0,297755.0,139433297.74445093,2.783786506255,2190228381.832172,2314125827.9379163
2021-10-16 00:00:00+00:00,937355.0,269680.0,131522188.04660991,2.755061819188,1375405963.905098,908873012.3826513
2021-10-17 00:00:00+00:00,823877.0,212511.0,158222181.14082393,2.775039217832,802262418.3737684,938463651.8404633
2021-10-18 00:00:00+00:00,1003479.0,291260.0,146581499.01401103,2.778276503838,1915055735.7306678,1764281709.66273
2021-10-19 00:00:00+00:00,1077371.0,310438.0,154737198.8888614,2.86843851115,2525753155.179233,2741875256.5883102
2021-10-20 00:00:00+00:00,977215.0,291740.0,148747371.3620959,2.928317326688,1857903947.5244765,1857470947.4951038
2021-10-21 00:00:00+00:00,1139133.0,321169.0,147749067.49308088,2.756592260011,3279294217.033209,3265590721.6997566
2021-10-22 00:00:00+00:00,957015.0,281476.0,157732111.93346488,2.683021944048,1470197763.551078,1687484224.1161554
2021-10-23 00:00:00+00:00,826969.0,228432.0,144754153.0109189,2.702488997272,1091539420.1076305,992342802.141127
2021-10-24 00:00:00+00:00,737951.0,208278.0,152740589.71327287,2.679080716831,725109923.7124622,1334060994.1652925
2021-10-25 00:00:00+00:00,1079523.0,286798.0,181691420.60296836,2.761945352578,1185110168.7485583,2095532727.0101972
2021-10-26 00:00:00+00:00,998333.0,295695.0,149745676.66866937,2.643400963823,1371014302.8909335,1499602467.845549
2021-10-27 00:00:00+00:00,944035.0,286086.0,156733808.06444988,2.563731148388,1651375185.747216,1640928502.0140328
2021-10-28 00:00:00+00:00,1055114.0,297884.0,152740589.71327287,2.64447556709,2398481816.422591,1928994059.4605405
2021-10-29 00:00:00+00:00,1014855.0,307314.0,170710070.85601085,2.709231626512,2082313445.8281612,2050845077.9939167
2021-10-30 00:00:00+00:00,906672.0,251998.0,154737198.8888614,2.6854484387,835538490.0637796,911389894.52982
2021-10-31 00:00:00+00:00,893617.0,216741.0,140567236.29171762,2.660031269082,852106287.2035377,2150915216.710403
2021-11-01 00:00:00+00:00,1053426.0,289324.0,159350397.3506241,2.639313472843,1458609423.3702695,1188439113.2312498
2021-11-02 00:00:00+00:00,1035030.0,300911.0,170117315.37816852,2.705646798155,2098199421.2839453,2207234092.8450947
2021-11-03 00:00:00+00:00,1069212.0,290879.0,173347392.0267809,2.692667749587,2245276146.104003,2279703496.8662434
2021-11-04 00:00:00+00:00,998917.0,286047.0,153966938.33685192,2.624435938698,1289484985.8272254,1498091012.6775863
2021-11-05 00:00:00+00:00,1037437.0,282446.0,166887240.27999246,2.601770640962,1329443560.8211668,1384455642.2920117
2021-11-06 00:00:00+00:00,825483.0,237201.0,165810547.54697624,2.617491647791,741094411.8467587,1087803534.4619892
2021-11-07 00:00:00+00:00,826432.0,222930.0,164733856.36439633,2.682304638596,666121628.7764459,621106787.9792348
2021-11-08 00:00:00+00:00,1018796.0,294064.0,145353402.67446736,2.854649564891,2628277605.3874264,2190914153.5192113
2021-11-09 00:00:00+00:00,1195638.0,336872.0,163657165.1818164,2.82534877502,1602363831.789185,1897579046.5454247
2021-11-10 00:00:00+00:00,1022756.0,295892.0,160427088.53320405,2.721054645529,2033114051.0490558,2002903204.626097
2021-11-11 00:00:00+00:00,1037951.0,293052.0,170117315.37816852,2.723236415073,1330432658.2960997,1611725391.7412093
2021-11-12 00:00:00+00:00,975353.0,287476.0,152890245.6038357,2.650242500833,1520159257.7557065,1453489641.394416
2021-11-13 00:00:00+00:00,828248.0,234794.0,164733856.36439633,2.661045965713,674977473.691963,672247415.6912093
2021-11-14 00:00:00+00:00,806451.0,222847.0,175346393.03899404,2.684880108371,968172291.8105688,797949415.6099789
2021-11-15 00:00:00+00:00,1083387.0,291313.0,170197841.1880367,2.626068388319,1309529992.6100848,1046531733.3757194
2021-11-16 00:00:00+00:00,1030573.0,301154.0,169070703.8870979,2.481173720882,1926246284.3825715,2256597370.7494946
2021-11-17 00:00:00+00:00,993545.0,288569.0,167943564.96308035,2.470657927214,1971425817.6039164,2241373696.0494003
2021-11-18 00:00:00+00:00,990087.0,295608.0,162307875.21222878,2.337640428663,3607130845.3722105,2826733076.5038033
2021-11-19 00:00:00+00:00,976682.0,283868.0,154417909.23642087,2.386216999692,2087156302.6521797,1958642237.4358547
2021-11-20 00:00:00+00:00,848464.0,248520.0,163435012.5131676,2.455017801074,842223686.1129518,726751123.1151724
2021-11-21 00:00:00+00:00,842004.0,218828.0,148782219.4855693,2.424879879847,864666103.3683368,886129964.1720169
2021-11-22 00:00:00+00:00,947435.0,286930.0,158926461.6863336,2.319018826324,2403174217.082261,2086908744.2821715
2021-11-23 00:00:00+00:00,909010.0,282832.0,148782219.4855693,2.368765838495,1851499107.2261527,1787028165.6761823
2021-11-24 00:00:00+00:00,1071921.0,295032.0,176960669.86290583,2.346842971087,1647549337.27405,1413469934.9566717
2021-11-25 00:00:00+00:00,973237.0,287824.0,146527943.26061293,2.404923210419,1793103735.2444444,2240240760.904982
2021-11-26 00:00:00+00:00,996141.0,291679.0,148782219.4855693,2.198435955413,3375308272.2222724,2273358771.620758
2021-11-27 00:00:00+00:00,777970.0,238622.0,161180737.91128996,2.23272965194,671552358.319143,731477712.2832946
2021-11-28 00:00:00+00:00,816560.0,215317.0,155140985.08780918,2.336711996385,706321122.8353873,634730887.2050301
2021-11-29 00:00:00+00:00,993217.0,303388.0,158774565.89045352,2.35943908323,1568273189.521839,1712982161.3844063
2021-11-30 00:00:00+00:00,977183.0,296340.0,148781761.08892423,2.324578694477,1816480224.3559046,1488415681.00508
2021-12-01 00:00:00+00:00,1057704.0,284941.0,152112695.48981774,2.324286205718,1671256298.0647542,1621039760.3970158
2021-12-02 00:00:00+00:00,1184757.0,315565.0,172098305.0928763,2.300196624281,1584896973.786081,1651104430.7613482
2021-12-03 00:00:00+00:00,1010596.0,289452.0,186532356.82816276,2.184991514137,1647442444.7500334,1595922633.9155416
2021-12-04 00:00:00+00:00,961294.0,244342.0,172098305.0928763,2.009166960477,2436945170.5951805,2576100053.643694
2021-12-05 00:00:00+00:00,978899.0,221615.0,184311733.36128417,2.016818310956,1298999357.4254603,1487309693.2965221
2021-12-06 00:00:00+00:00,1078373.0,286268.0,190973602.1630712,2.067537537544,2521382426.0569315,2120040756.2661326
2021-12-07 00:00:00+00:00,983177.0,284544.0,170987992.5600126,2.064377234197,1263394319.3496761,2125757070.0770178
2021-12-08 00:00:00+00:00,927369.0,268196.0,186532356.82816276,2.06171865801,1368706667.9555078,1286552661.707711
2021-12-09 00:00:00+00:00,1123743.0,285532.0,180980797.3615419,1.960546627964,1207295121.7174087,1149899668.8786445
2021-12-10 00:00:00+00:00,930831.0,270853.0,173208616.0268912,1.941373722658,1677555892.268091,1223958962.682383
2021-12-11 00:00:00+00:00,805461.0,222133.0,176623989.86056373,2.016910635367,597320695.8649635,692896312.3742793
2021-12-12 00:00:00+00:00,725043.0,211066.0,168385593.1552785,2.049751176277,474917233.5110173,588375472.9328301
2021-12-13 00:00:00+00:00,996713.0,281785.0,169588348.35705444,1.915299897932,1340446335.9905488,1347310918.1814792
2021-12-14 00:00:00+00:00,966596.0,281921.0,178007627.84162176,1.974877505476,1280474713.2218118,1287791547.3356435
2021-12-15 00:00:00+00:00,1058257.0,280841.0,169588348.35705444,1.995926977652,1306025277.4954917,1414127755.839334
2021-12-16 00:00:00+00:00,873836.0,256019.0,138316737.3584049,1.94871973203,1176226227.2169468,1225753171.4382384
2021-12-17 00:00:00+00:00,979005.0,260119.0,179210381.31143162,1.896526938461,1267857819.600157,1521173754.7578268
2021-12-18 00:00:00+00:00,855978.0,234236.0,153952542.85772967,1.919525855516,806356614.7176331,562333943.5442711
2021-12-19 00:00:00+00:00,755797.0,214374.0,179210381.31143162,1.918249189772,484809419.0692951,593589767.672318
2021-12-20 00:00:00+00:00,1015255.0,266803.0,173196610.49845013,1.922187343668,1494183459.9301457,1292799324.1608539
2021-12-21 00:00:00+00:00,1009227.0,303464.0,193643433.34094656,2.007205377658,1439922850.069272,1379959210.5231028
2021-12-22 00:00:00+00:00,992589.0,286626.0,178007627.84162176,1.990870317874,1244417273.5596123,1314389093.4069169
2021-12-23 00:00:00+00:00,991240.0,292194.0,182818645.1847934,2.070150565572,1717378223.2600305,1320787450.0227985
2021-12-24 00:00:00+00:00,974212.0,256631.0,181615889.98301744,2.071634649338,1326829012.9494505,1064032294.7996558
2021-12-25 00:00:00+00:00,866151.0,204665.0,177168715.84969082,2.064057745187,1458125873.700662,733682058.0425463
2021-12-26 00:00:00+00:00,774902.0,201930.0,161682279.2989218,2.071542317446,630927602.4864901,593473438.0515444
2021-12-27 00:00:00+00:00,992531.0,248198.0,178574457.26635152,2.070718360007,1586224050.414049,1040350768.8473358
2021-12-28 00:00:00+00:00,1051572.0,269681.0,161682279.2989218,1.945824586517,1248191996.5493944,1136207706.6523693
2021-12-29 00:00:00+00:00,1142870.0,276509.0,174954703.60370144,1.898459995686,1330335656.0186567,1592928574.2556176
2021-12-30 00:00:00+00:00,977727.0,245011.0,143583516.198115,1.923609297095,1308159535.12143,1798395182.4785256
2021-12-31 00:00:00+00:00,1093396.0,262509.0,179781040.66224742,1.893385603418,1098026464.2370567,1512890047.348388
2022-01-01 00:00:00+00:00,695722.0,188065.0,207532476.14266497,1.941966039424,725869725.6946398,810344421.3984154
2022-01-02 00:00:00+00:00,734444.0,194826.0,190640298.17523527,1.933497096507,518572187.5067951,448529988.7743454
2022-01-03 00:00:00+00:00,948843.0,241163.0,168921783.14925957,1.897502355497,1087483717.7908385,780966352.7939895
2022-01-04 00:00:00+00:00,971141.0,274049.0,177367872.13297442,1.876886228678,1264150958.9030356,1296492526.5601134
2022-01-05 00:00:00+00:00,1023484.0,274757.0,180987625.79562452,1.782277170897,1137198815.9258606,1208680251.2859921
2022-01-06 00:00:00+00:00,937879.0,258406.0,176161288.73707855,1.768057798633,1345951345.0882907,1207710589.0085754
2022-01-07 00:00:00+00:00,961733.0,255659.0,168921783.14925957,1.704571291459,1410844963.4894903,1172598087.217943
2022-01-08 00:00:00+00:00,823193.0,226064.0,174267690.69443855,1.71699299406,684923001.8869128,643232746.1339722
2022-01-09 00:00:00+00:00,734904.0,203966.0,170826077.22420472,1.72082066082,573413301.1403291,486311710.876996
2022-01-10 00:00:00+00:00,977953.0,269292.0,172037608.9072826,1.718638590786,1114990900.171524,1127926388.9536402
2022-01-11 00:00:00+00:00,973363.0,285302.0,191422128.04877573,1.758039861455,1045809951.7706188,1580694150.5076833
2022-01-12 00:00:00+00:00,958871.0,266587.0,168403012.11344224,1.805597050184,1088697176.4382522,949284440.5486269
2022-01-13 00:00:00+00:00,943218.0,276789.0,216864310.83947846,1.752041588022,1322841091.8117054,1150792586.6337664
2022-01-14 00:00:00+00:00,959705.0,262404.0,192633661.47646034,1.771675205411,1088555789.5979393,900304901.6235685
2022-01-15 00:00:00+00:00,819060.0,234931.0,201114388.49182567,1.775752274618,492316570.5748153,459016474.9394468
2022-01-16 00:00:00+00:00,768912.0,217903.0,212018180.6179535,1.774015355513,363979560.2107744,473222560.65594774
2022-01-17 00:00:00+00:00,963405.0,258684.0,195056726.58722284,1.73630676024,923562330.9961869,1246824590.2346394
2022-01-18 00:00:00+00:00,906852.0,267423.0,164768413.57499513,1.745911520714,848086325.0384178,1012783139.3783448
2022-01-19 00:00:00+00:00,940760.0,267790.0,209595115.507191,1.721981468557,1012685689.9443197,1251255048.1726243
2022-01-20 00:00:00+00:00,944092.0,272287.0,204748985.28566605,1.681574639726,1383031044.6142435,1095144050.765988
2022-01-21 00:00:00+00:00,1017544.0,272514.0,176007153.4708342,1.514790775018,2099810152.1736987,1596910192.258523
2022-01-22 00:00:00+00:00,980566.0,246984.0,177474950.51551133,1.455165902925,1336242522.6853676,1348059684.380827
2022-01-23 00:00:00+00:00,764279.0,208492.0,186746029.7638628,1.508378975549,914193660.2057774,798569457.5056982
2022-01-24 00:00:00+00:00,967257.0,271583.0,198665989.06991374,1.526343091945,2120776747.7104707,1900334563.15521
2022-01-25 00:00:00+00:00,892344.0,266941.0,201314869.12761322,1.538880544803,1029558822.5828502,1017642643.46355
2022-01-26 00:00:00+00:00,872302.0,258696.0,172177190.40011233,1.534660000135,1078791671.4296036,1307902422.0918386
2022-01-27 00:00:00+00:00,894323.0,252850.0,173501629.47536534,1.543763850705,1019124741.9114761,1455035831.5335245
2022-01-28 00:00:00+00:00,953545.0,266473.0,203963747.27811924,1.576577931046,1262167370.904658,1170432465.6133518
2022-01-29 00:00:00+00:00,800040.0,227066.0,197341548.08746725,1.592485103381,947993694.1567631,1473276654.6727712
2022-01-30 00:00:00+00:00,780477.0,208908.0,193368228.95451477,1.589486377439,1451456779.931875,1186741556.8222585
2022-01-31 00:00:00+00:00,993797.0,262993.0,189394909.82156226,1.609690053329,923517189.8485947,996882742.8600149
2022-02-01 00:00:00+00:00,1058396.0,274556.0,203963747.27811924,1.61452774476,1045357984.4602518,922712398.8464538
2022-02-02 00:00:00+00:00,954043.0,275434.0,202639308.20286623,1.539179072383,673424860.6271731,721136357.6644396
2022-02-03 00:00:00+00:00,931571.0,267726.0,194692668.02976775,1.544771260316,953345008.1739901,862116940.968314
2022-02-04 00:00:00+00:00,885216.0,249753.0,172457231.3989618,1.709053357873,1028277342.625864,994935177.9765581
2022-02-05 00:00:00+00:00,951087.0,253867.0,157888392.03489855,1.726159971835,550570197.2387187,632596243.0948496
2022-02-06 00:00:00+00:00,891700.0,221803.0,206979739.90370578,1.760874145144,740786582.3977196,525489531.1734925
2022-02-07 00:00:00+00:00,927917.0,262908.0,180443875.51955137,1.821609827046,1172784596.9600673,1395139561.696982
2022-02-08 00:00:00+00:00,1014770.0,277455.0,204326153.27423212,1.831529736531,1436843441.2756464,1517811202.508926
2022-02-09 00:00:00+00:00,998247.0,263940.0,185751048.77849868,1.840095004198,856845365.8975238,985609881.1554228
2022-02-10 00:00:00+00:00,1029721.0,261192.0,195038601.0263654,1.806667830508,926202733.9853343,1357665310.1048973
2022-02-11 00:00:00+00:00,987669.0,258085.0,188404635.40797237,1.754236923972,874851893.4302512,846329397.3785644
2022-02-12 00:00:00+00:00,1060262.0,224735.0,248110329.79467425,1.745950590083,553936154.8361261,461112558.41438764
2022-02-13 00:00:00+00:00,829229.0,212378.0,209633326.53317943,1.746704565079,371796403.1674647,331560433.0558238
2022-02-14 00:00:00+00:00,899786.0,249689.0,202999360.9147864,1.765131690456,726404184.9930557,851383606.6619743
2022-02-15 00:00:00+00:00,1013694.0,272685.0,232188811.92841446,1.839746953131,1621327426.7971563,1654927503.5970178
2022-02-16 00:00:00+00:00,925324.0,267496.0,206979739.90370578,1.820760197081,994195621.6008714,1030267795.9613007
2022-02-17 00:00:00+00:00,931220.0,256201.0,213573837.40352312,1.680750155719,842941602.8098077,991110509.9471184
2022-02-18 00:00:00+00:00,940726.0,258376.0,186294129.77324113,1.658393382535,1088927092.3696537,1209141924.4085581
2022-02-19 00:00:00+00:00,839236.0,218004.0,207147948.8360009,1.660632849962,496171244.95122695,454227470.8164228
2022-02-20 00:00:00+00:00,741534.0,202691.0,200196675.81508097,1.597672365828,493186237.7778352,484608672.5467357
2022-02-21 00:00:00+00:00,886316.0,238620.0,171001327.92603725,1.53935959409,963064117.2904214,894609730.0194105
2022-02-22 00:00:00+00:00,886571.0,256251.0,211318714.25012627,1.585255941769,893898828.5979571,893049486.0555642
2022-02-23 00:00:00+00:00,859810.0,253563.0,208538204.64136493,1.548559725335,766211286.7080421,841370945.3406931
2022-02-24 00:00:00+00:00,958866.0,255800.0,183513620.16447982,1.589005849792,1757352367.2460377,1512453584.438957
2022-02-25 00:00:00+00:00,936543.0,260990.0,186294129.77324113,1.632120546767,1185851610.5109897,1183457637.716276
2022-02-26 00:00:00+00:00,818914.0,221994.0,173781837.53479856,1.621580052318,514569247.1575013,455063291.24832916
2022-02-27 00:00:00+00:00,768705.0,206112.0,189074637.3800357,1.564733720961,510554466.3611291,591057611.8110644
2022-02-28 00:00:00+00:00,981066.0,274389.0,214099221.8569208,1.785886675274,1355345579.4268818,1410414962.9864058
2022-03-01 00:00:00+00:00,1065354.0,275460.0,225221260.2919661,1.831088158538,1573144680.8299735,1513961283.77914
2022-03-02 00:00:00+00:00,1091796.0,289957.0,189074637.3800357,1.815856076135,1294067116.2682652,1417773710.0131207
2022-03-03 00:00:00+00:00,1011448.0,270823.0,204804563.21490383,1.753487692697,1283954909.4311254,1126044107.0621135
2022-03-04 00:00:00+00:00,949176.0,257979.0,190365287.083752,1.617160596022,1050759647.6458232,1114444122.3348987
2022-03-05 00:00:00+00:00,801293.0,226147.0,168452736.32210043,1.62862859109,450098906.4894958,446243400.17581916
2022-03-06 00:00:00+00:00,771254.0,205542.0,179409010.71686143,1.588284555745,369717567.69733524,403560529.9217331
2022-03-07 00:00:00+00:00,917289.0,255761.0,202691097.01043913,1.578754463552,827484459.0694695,738308336.4371754
2022-03-08 00:00:00+00:00,962840.0,258526.0,202691097.01043913,1.603838311539,930200578.3054305,994486913.6681399
2022-03-09 00:00:00+00:00,960901.0,272021.0,188995751.55182588,1.735654059064,973723756.5772157,1132025207.9022093
2022-03-10 00:00:00+00:00,993366.0,259229.0,198582492.38679036,1.630630592506,1226192524.848711,2396502955.9729943
2022-03-11 00:00:00+00:00,903967.0,252248.0,188995751.55182588,1.605299073538,865170728.2200959,782629832.5618377
2022-03-12 00:00:00+00:00,787792.0,222124.0,213647371.40520012,1.610487025913,330372242.05419624,374702677.82463217
2022-03-13 00:00:00+00:00,751546.0,206930.0,206799699.66195828,1.563583025151,338439954.33788586,340028515.6420682
2022-03-14 00:00:00+00:00,936153.0,263759.0,209538768.75368094,1.638923579978,912707116.8180585,713282759.8352182
2022-03-15 00:00:00+00:00,949102.0,266692.0,190365287.083752,1.62739184969,744648282.3125523,1101229400.677488
2022-03-16 00:00:00+00:00,1014991.0,276789.0,212277837.84540358,1.697348146346,983392211.1696025,1270244690.8460171
2022-03-17 00:00:00+00:00,1009859.0,272685.0,217498770.49195018,1.69308040701,1198217546.6778264,985901141.4005651
2022-03-18 00:00:00+00:00,1004891.0,266839.0,195149455.6100258,1.727490580808,1795475223.8345232,1699431549.1017277
2022-03-19 00:00:00+00:00,864890.0,236675.0,211525632.9748357,1.742021306446,892688526.692001,710870785.1068516
2022-03-20 00:00:00+00:00,780069.0,211211.0,210160950.38143575,1.705071792374,462809573.9748279,488299956.1424999
2022-03-21 00:00:00+00:00,941088.0,260248.0,208796269.75317717,1.695351371558,1339449670.4655142,1789381186.6589105
2022-03-22 00:00:00+00:00,920483.0,260695.0,203337543.30986008,1.748109505852,1647323579.9822373,1769792573.5721679
2022-03-23 00:00:00+00:00,972037.0,266381.0,197878816.86654297,1.761428760821,997224032.4348755,1093909861.068736
2022-03-24 00:00:00+00:00,966209.0,269340.0,195149455.6100258,1.810651634482,1793816341.4508426,1862719877.5388541
2022-03-25 00:00:00+00:00,1068732.0,286600.0,212890313.6030943,1.816863848057,1984130338.430206,1724367213.2468536
2022-03-26 00:00:00+00:00,825356.0,229765.0,219713722.63981134,1.823441620909,837617042.5263053,909495435.4876797
2022-03-27 00:00:00+00:00,812882.0,219139.0,178773276.2800745,1.912928867709,878728924.4667187,978605204.9687805
2022-03-28 00:00:00+00:00,1029256.0,289835.0,216984359.4181528,1.926069685862,2062291358.9804661,1923266838.7221642
2022-03-29 00:00:00+00:00,972049.0,293194.0,206066906.5315186,1.931857269809,1829428489.7777264,2421231135.9969916
2022-03-30 00:00:00+00:00,940234.0,269490.0,184232002.72339162,1.916462997871,1675916598.8153906,1508786321.683038
2022-03-31 00:00:00+00:00,979952.0,280038.0,194529355.7761953,1.854211355144,1179490385.879204,1161810777.7259302
2022-04-01 00:00:00+00:00,1073859.0,286454.0,200371606.9667937,1.880179566094,1504321404.9954085,1570692378.2350204
2022-04-02 00:00:00+00:00,932911.0,250576.0,191845154.9534147,1.867666383452,531090349.41289747,482186664.50523233
2022-04-03 00:00:00+00:00,794992.0,223619.0,197529456.29566738,1.886983002157,402132799.0267559,501619728.96981895
2022-04-04 00:00:00+00:00,985718.0,276178.0,224529884.601845,1.894586551764,1297701691.7832341,1153665271.3062422
2022-04-05 00:00:00+00:00,952254.0,276073.0,206055906.26269802,1.855218925189,1042450724.5072497,801482225.9270654
2022-04-06 00:00:00+00:00,919776.0,272206.0,213161283.96368802,1.760916830916,1299524531.2899518,1588908894.1339424
2022-04-07 00:00:00+00:00,927811.0,266096.0,196108379.93693003,1.771822948566,1241297320.6537282,1068465366.6766943
2022-04-08 00:00:00+00:00,929602.0,270556.0,190424080.64102572,1.718699748527,827985090.5205224,839085933.5715859
2022-04-09 00:00:00+00:00,786423.0,228357.0,217424508.94720334,1.737109234767,404471392.72410566,427457461.9622537
2022-04-10 00:00:00+00:00,754197.0,218201.0,198950530.60805637,1.720498052487,713078291.0692972,877723121.0390854
2022-04-11 00:00:00+00:00,986075.0,279217.0,194687305.62454104,1.612532718343,1190845239.4029086,1131407624.711293
2022-04-12 00:00:00+00:00,970523.0,273114.0,217424508.94720334,1.633029961572,786025260.995951,828894686.9930595
2022-04-13 00:00:00+00:00,960119.0,283767.0,198950530.60805637,1.6754481725,721608907.4493186,724625726.5557697
2022-04-14 00:00:00+00:00,910470.0,259632.0,194402491.26414412,1.624100214604,1622163039.351816,2131352576.8126457
2022-04-15 00:00:00+00:00,893942.0,258904.0,221692722.3840367,1.648615453539,761637960.0523291,1156855184.8980787
2022-04-16 00:00:00+00:00,774863.0,220729.0,188017879.7563923,1.645198704281,495170268.1107562,467409653.24585605
2022-04-17 00:00:00+00:00,760823.0,211027.0,231514551.65214053,1.615563193564,482653869.84929574,445722523.7847961
2022-04-18 00:00:00+00:00,930250.0,248528.0,188017879.7563923,1.660587322655,808621276.3799788,842538568.5756354
2022-04-19 00:00:00+00:00,945444.0,273229.0,173986693.6444649,1.68715900189,1063406229.7694464,1013071163.5913762
2022-04-20 00:00:00+00:00,961981.0,283298.0,224498959.6064222,1.683056618589,1037004396.5180794,984603425.4340824
2022-04-21 00:00:00+00:00,970130.0,279919.0,237127026.0969115,1.642192379664,2927965583.34486,2964225353.046931
2022-04-22 00:00:00+00:00,945273.0,261784.0,189420997.3573397,1.614479409264,834940555.379126,582912062.3207461
2022-04-23 00:00:00+00:00,857006.0,238246.0,228708314.42975506,1.608260125691,397807667.0630971,352308233.42745084
2022-04-24 00:00:00+00:00,796298.0,217733.0,239933263.31929696,1.60550883035,354589060.9568181,436714873.6350317
2022-04-25 00:00:00+00:00,1003326.0,277416.0,227305196.82880765,1.644601591866,1240188424.9941907,748927041.7443123
2022-04-26 00:00:00+00:00,965991.0,277059.0,196436589.40305808,1.549627067302,1129930386.0936046,1117730310.702338
2022-04-27 00:00:00+00:00,967943.0,285596.0,243520196.0268335,1.596095580203,1003585652.3046046,1012978354.2492645
2022-04-28 00:00:00+00:00,1003139.0,272681.0,195503621.29393408,1.617507844772,897136654.4712174,1023744224.1166267
2022-04-29 00:00:00+00:00,1059989.0,290674.0,222163205.91889024,1.572635096383,1114510829.8920615,960560426.1286505
2022-04-30 00:00:00+00:00,944577.0,256188.0,222163205.91889024,1.537292898922,454266226.9384124,371408198.30022997
2022-05-01 00:00:00+00:00,834397.0,233382.0,247341701.32425618,1.567381909459,498285639.82523847,385605631.845338
2022-05-02 00:00:00+00:00,966035.0,269678.0,236974085.31819177,1.573983130319,1151187323.852975,1302248978.6301074
2022-05-03 00:00:00+00:00,956710.0,283138.0,222163205.91889024,1.540983434257,1134979978.474021,1274510805.3781645
2022-05-04 00:00:00+00:00,862312.0,229490.0,216238853.30606294,1.618770611892,1788122823.8137922,1280271136.3207326
2022-05-05 00:00:00+00:00,1189734.0,317562.0,232530821.92495468,1.493350506698,1859977036.5275059,1596699875.6246877
2022-05-06 00:00:00+00:00,1086467.0,288758.0,210314500.6932356,1.476077962977,2445066438.146801,1865407837.7362914
2022-05-07 00:00:00+00:00,837217.0,234267.0,211795589.91282582,1.454866736249,616165740.3521852,568928984.67994
2022-05-08 00:00:00+00:00,813799.0,223007.0,229568645.618541,1.397053307677,1216957776.959154,956109418.7140576
2022-05-09 00:00:00+00:00,1067791.0,287708.0,229568645.618541,1.25746370058,4561616725.71919,1993914797.178415
2022-05-10 00:00:00+00:00,978190.0,279809.0,227185770.43526816,1.282199871846,1551797680.6669624,1469202622.947521
2022-05-11 00:00:00+00:00,981424.0,253805.0,225257596.8970556,1.198898869373,2687272583.200557,2955204033.1246614
2022-05-12 00:00:00+00:00,1058679.0,282227.0,209722591.14017218,1.211574517788,2685448279.8577414,2962074246.5580015
2022-05-13 00:00:00+00:00,1028898.0,267948.0,236132103.61132318,1.224580870454,1604454413.3519702,1400141467.6090653
2022-05-14 00:00:00+00:00,1101356.0,292088.0,219043595.9365268,1.254528110725,1375459564.8784149,1948622853.21049
2022-05-15 00:00:00+00:00,1016251.0,233949.0,189527081.86659092,1.301371234936,543738317.4885833,522198907.42874736
2022-05-16 00:00:00+00:00,1094147.0,272399.0,254774110.96699148,1.248816594441,1349340621.4704442,1529783435.9852252
2022-05-17 00:00:00+00:00,1029420.0,278212.0,228364598.4958405,1.272635339124,1629193480.0935214,1566579878.6374352
2022-05-18 00:00:00+00:00,902599.0,264173.0,208169091.45930022,1.204897921252,1212222277.6123347,1149486223.9489114
2022-05-19 00:00:00+00:00,897588.0,260343.0,189527081.86659092,1.268265640482,1911370343.267501,1443275545.87132
2022-05-20 00:00:00+00:00,949339.0,269360.0,198848086.66294557,1.226785298597,1129015638.4885008,1100206218.815394
2022-05-21 00:00:00+00:00,758937.0,216560.0,209722591.14017218,1.235285942059,383716326.1895171,317510458.9936099
2022-05-22 00:00:00+00:00,749577.0,210953.0,189527081.86659092,1.273331088604,483408557.93176305,472598052.78682315
2022-05-23 00:00:00+00:00,939531.0,268759.0,248560107.76942173,1.22293867204,1114237155.1461627,1120051643.8414419
2022-05-24 00:00:00+00:00,841611.0,237379.0,186420080.26780605,1.246431579256,1149405844.0540667,1035763472.0477563
2022-05-25 00:00:00+00:00,1016156.0,284400.0,219464677.3862468,1.244237310755,870724735.2956756,838768667.945536
2022-05-26 00:00:00+00:00,894042.0,260517.0,209555370.5705583,1.235100855496,1216739985.6506963,1421411146.919918
2022-05-27 00:00:00+00:00,942679.0,275683.0,205096744.25322008,1.20688817198,1349244359.447764,1146576688.9420514
2022-05-28 00:00:00+00:00,783393.0,227772.0,219958828.41078094,1.225163407756,332374702.01817244,534318207.73075634
2022-05-29 00:00:00+00:00,751185.0,205693.0,221445035.75646704,1.241234457517,442263530.6587381,422817453.2925957
2022-05-30 00:00:00+00:00,925404.0,267947.0,228876076.7651775,1.337557348648,1032044885.1978624,1109067662.6872516
2022-05-31 00:00:00+00:00,998795.0,277824.0,216986411.57926878,1.340327318645,1050266414.2278621,908674927.9447553
2022-06-01 00:00:00+00:00,962754.0,274630.0,202124327.42170793,1.258203816602,1543305483.1862578,1053632506.599348
2022-06-02 00:00:00+00:00,945705.0,262596.0,185776038.0586009,1.289506254729,754322938.5705297,920619090.7229712
2022-06-03 00:00:00+00:00,932672.0,269049.0,212527787.4020705,1.255277674265,560970477.0162878,913582017.1509459
2022-06-04 00:00:00+00:00,776053.0,219811.0,206582953.73904616,1.261962571345,579227895.7441252,807161060.1303658
2022-06-05 00:00:00+00:00,721815.0,195813.0,216986411.57926878,1.26746929363,245010003.70355904,320930489.8292956
2022-06-06 00:00:00+00:00,952859.0,268569.0,222931245.24229312,1.32794694055,946431669.3145162,1139804660.876863
2022-06-07 00:00:00+00:00,941706.0,265801.0,240765744.0912262,1.322740859864,948260957.5644497,856971357.8150846
2022-06-08 00:00:00+00:00,888118.0,261456.0,266501680.44994769,1.283418736198,711016072.8999883,632859172.0295416
2022-06-09 00:00:00+00:00,914304.0,264597.0,219787040.62041968,1.278193263932,860060832.8191522,850327149.9770656
2022-06-10 00:00:00+00:00,900195.0,259531.0,221292430.34450084,1.237117043464,808950505.2279977,760542753.098693
2022-06-11 00:00:00+00:00,831309.0,228805.0,231830164.91635683,1.208249128114,739934416.8115733,644564201.8217282
2022-06-12 00:00:00+00:00,762985.0,219703.0,191184616.35301408,1.144614146671,895715935.8520691,1108582872.7723613
2022-06-13 00:00:00+00:00,1011323.0,273372.0,200216961.2007889,0.962386955567,2901180451.9657836,2351301266.597621
2022-06-14 00:00:00+00:00,1075994.0,275578.0,219787040.62041968,0.958749419408,2364418021.7931886,1786432078.9628015
2022-06-15 00:00:00+00:00,1063571.0,297032.0,248389462.7200627,0.982571637347,2093463453.1650004,2385702668.897987
2022-06-16 00:00:00+00:00,911369.0,258005.0,179141492.0570769,0.89010384052,1625598853.6388824,1539164438.5075727
2022-06-17 00:00:00+00:00,876153.0,248214.0,162582194.25337106,0.900449527228,1748778724.2620838,2521949584.929082
2022-06-18 00:00:00+00:00,924686.0,246705.0,234840946.53228176,0.839761069586,1706681805.8896482,1586174559.3247218
2022-06-19 00:00:00+00:00,733337.0,195875.0,200216961.2007889,0.905122908176,760481166.8164437,764337710.6869117
2022-06-20 00:00:00+00:00,833932.0,239275.0,198711571.4767077,0.909413901996,818251144.2307689,1079037808.6484952
2022-06-21 00:00:00+00:00,927938.0,260657.0,225808603.85226956,0.916201262025,1210406267.5083392,1120067276.8192432
2022-06-22 00:00:00+00:00,859651.0,247129.0,193096459.39267662,0.887627935977,772787795.1278499,1134061705.8979485
2022-06-23 00:00:00+00:00,866807.0,258973.0,223431041.43862218,0.936392381423,781481026.1046447,809934068.6879224
2022-06-24 00:00:00+00:00,869532.0,250666.0,189622395.5064278,0.946260674502,921856294.4959223,808678727.8564428
2022-06-25 00:00:00+00:00,742895.0,217926.0,221961099.20676234,0.953541799671,302163698.5601175,364066377.5289691
2022-06-26 00:00:00+00:00,734812.0,207474.0,202851865.00959057,0.93595363596,243390652.40518808,280667149.6460417
2022-06-27 00:00:00+00:00,953524.0,258934.0,199911982.66258603,0.92317584654,985003652.2342486,636071080.1302992
2022-06-28 00:00:00+00:00,922274.0,253741.0,214611394.3976086,0.902427057507,682393409.3185649,714190552.2123786
2022-06-29 00:00:00+00:00,899514.0,257517.0,221961099.20676234,0.895265183982,990662235.9451638,1324969706.7962759
2022-06-30 00:00:00+00:00,967680.0,275120.0,251359920.5600924,0.865015984997,1046539721.5356412,1177789656.4592593
2022-07-01 00:00:00+00:00,946760.0,272893.0,196972102.43229666,0.866810006703,1032912514.2999432,1084448450.9988396
2022-07-02 00:00:00+00:00,844916.0,235532.0,202851865.00959057,0.862322030966,305799765.8759576,345861137.81221473
2022-07-03 00:00:00+00:00,701943.0,196946.0,227840863.90077138,0.864908319377,339026648.759821,339488720.3198997
2022-07-04 00:00:00+00:00,883632.0,251379.0,210201571.9354594,0.907445950743,546833296.3330151,562034875.6294851
2022-07-05 00:00:00+00:00,864471.0,244533.0,173453043.65626052,0.906388103368,569658286.5019351,601664652.2696337
2022-07-06 00:00:00+00:00,969280.0,264360.0,186599522.89308378,0.924592307191,664275777.0091224,909794375.1134087
2022-07-07 00:00:00+00:00,1007259.0,284162.0,227523378.27089575,0.973646516264,910831733.7287456,932969136.3424777
2022-07-08 00:00:00+00:00,936111.0,264779.0,214480636.8679379,0.981374953634,811147813.5055667,868229233.2045496
2022-07-09 00:00:00+00:00,773277.0,219088.0,194191928.48263425,0.97256585657,311846972.41996473,288643844.6291227
2022-07-10 00:00:00+00:00,705622.0,198306.0,221726603.85028365,0.938937826789,356439418.7057046,355091523.21772933
2022-07-11 00:00:00+00:00,839927.0,234215.0,178250799.86937034,0.903257154365,660062608.363552,632265441.9245238
2022-07-12 00:00:00+00:00,943773.0,274945.0,218828216.63997763,0.875464077465,623227676.3728105,692390771.0315349
2022-07-13 00:00:00+00:00,815549.0,225738.0,159411284.0458004,0.91248166822,581105988.7456421,473951723.4207281
2022-07-14 00:00:00+00:00,983744.0,282646.0,179699992.43110403,0.931267482062,528345023.05166173,632831403.5980281
2022-07-15 00:00:00+00:00,943171.0,267630.0,205785475.23701978,0.947404727073,854651957.7093495,615879617.6021292
2022-07-16 00:00:00+00:00,771028.0,223950.0,214480636.8679379,0.963942951894,319753802.8305548,270770344.05085284
2022-07-17 00:00:00+00:00,723539.0,201095.0,179699992.43110403,0.947388315858,557387016.0294762,225057902.98636478
2022-07-18 00:00:00+00:00,887138.0,254873.0,189844346.62375587,1.014380417157,987904401.0466386,969824585.2462238
2022-07-19 00:00:00+00:00,994059.0,279366.0,199988700.81640768,1.064015965884,1422111095.9493039,1507276409.8146331
2022-07-20 00:00:00+00:00,905497.0,254748.0,182598379.64141008,1.059545792317,740501948.192833,849913124.1550138
2022-07-21 00:00:00+00:00,964460.0,278928.0,198824710.56678498,1.055572042956,2342473576.8009157,2417512321.0019016
2022-07-22 00:00:00+00:00,848578.0,262220.0,181711863.29949582,1.037202359622,851866875.606982,660986716.4317697
2022-07-23 00:00:00+00:00,755495.0,219584.0,211997172.19748574,1.027767986307,329164540.97202426,321926713.2155507
2022-07-24 00:00:00+00:00,736224.0,201963.0,216126988.5789976,1.035693112787,272296495.97598094,403519710.1100938
2022-07-25 00:00:00+00:00,892636.0,251613.0,195477912.61837205,0.984744106523,503951089.46537644,613766562.9619111
2022-07-26 00:00:00+00:00,945582.0,260791.0,220256802.97819823,0.970493939661,652789491.2758789,648280215.9558576
2022-07-27 00:00:00+00:00,916926.0,265290.0,227139827.63763633,1.048530886503,586414488.5380996,620757166.4724047
2022-07-28 00:00:00+00:00,1008866.0,283820.0,194101308.47940892,1.090974652069,1039477353.4702631,881215227.0017991
2022-07-29 00:00:00+00:00,945142.0,280447.0,200984333.13884702,1.096121570662,717813447.2267497,797323621.0314256
2022-07-30 00:00:00+00:00,785742.0,228995.0,177582046.91798395,1.08119685014,326805972.97356683,301574377.04684436
2022-07-31 00:00:00+00:00,787873.0,215224.0,209243963.9195595,1.06930792552,248244560.51869535,294543688.3951822
2022-08-01 00:00:00+00:00,907238.0,248469.0,187218281.83765957,1.068081818605,710771906.2363087,701373418.770996
2022-08-02 00:00:00+00:00,946865.0,267917.0,213373778.31876013,1.054827227962,698486619.1883925,782573366.028996
2022-08-03 00:00:00+00:00,977386.0,282580.0,199607727.01757267,1.044976588452,543776678.1830907,632323805.2254982
2022-08-04 00:00:00+00:00,948545.0,278115.0,183293576.20328617,1.037537603272,493460045.1902723,406709378.6702699
2022-08-05 00:00:00+00:00,944004.0,269270.0,210085555.7118224,1.065899475533,605647614.5392296,1081430639.768815
2022-08-06 00:00:00+00:00,856759.0,232291.0,225491829.9721472,1.054367720796,323301248.2525529,286400918.2136629
2022-08-07 00:00:00+00:00,716918.0,199770.0,222690689.0141953,1.061585802404,328591973.66495854,310144105.9668683
2022-08-08 00:00:00+00:00,918162.0,257482.0,201682132.83796665,1.091208903728,745842009.3957473,660325604.7731466
2022-08-09 00:00:00+00:00,941249.0,251924.0,200281563.36740136,1.064322658536,633110971.4735363,616950590.9615498
2022-08-10 00:00:00+00:00,1035793.0,270675.0,207284414.75387046,1.097349862382,806933040.0038832,674957105.2395409
2022-08-11 00:00:00+00:00,1002846.0,284126.0,196079850.92206284,1.098103095757,709386062.569755,730384772.9550874
2022-08-12 00:00:00+00:00,948381.0,269215.0,215687835.61090487,1.118913448413,587107102.7431697,647569149.9588794
2022-08-13 00:00:00+00:00,834925.0,239894.0,194679281.45149755,1.120303000575,360202702.82699054,375177748.7023971
2022-08-14 00:00:00+00:00,811197.0,202156.0,186275858.57764184,1.1152866103,293435840.8604343,429494979.96052164
2022-08-15 00:00:00+00:00,922140.0,245572.0,203082702.30853194,1.105125221321,689426291.5225369,733126403.5611441
2022-08-16 00:00:00+00:00,1020819.0,269531.0,207284414.75387046,1.095336349684,503520404.8581363,497483649.6999749
2022-08-17 00:00:00+00:00,915870.0,255933.0,180673576.661738,1.071575714816,717001148.0900509,775800467.9669968
2022-08-18 00:00:00+00:00,1009836.0,292682.0,202447354.27677864,1.066480347068,561480090.8074924,635506547.4567041
2022-08-19 00:00:00+00:00,982140.0,276337.0,250867150.56061098,0.962223516455,1083197506.0208735,998074309.5980177
2022-08-20 00:00:00+00:00,841648.0,226096.0,209995535.8811957,0.97348633387,281598313.7048377,282148422.82282835
2022-08-21 00:00:00+00:00,753797.0,201437.0,205767438.51073447,0.99226378976,219062097.84163743,269358031.9170454
2022-08-22 00:00:00+00:00,880923.0,250080.0,204358071.36758935,0.981225385052,498594699.3182286,491860044.7080925
2022-08-23 00:00:00+00:00,930754.0,257650.0,242410953.7902015,0.992293505064,468349104.6953228,435981311.6109669
2022-08-24 00:00:00+00:00,930584.0,260385.0,205767438.51073447,0.987637310218,459249927.3416149,580739716.2436275
2022-08-25 00:00:00+00:00,898274.0,255143.0,224089197.16521153,0.995543286361,466478752.66212195,607068480.8180983
2022-08-26 00:00:00+00:00,937226.0,265467.0,248048418.30380782,0.934524032452,565877904.0665336,487681514.1486455
2022-08-27 00:00:00+00:00,830874.0,221784.0,204358071.36758935,0.925756657439,325790180.3183949,354185965.25698274
2022-08-28 00:00:00+00:00,776186.0,204472.0,226907929.42201468,0.908751979889,395211971.5923072,238068910.33764836
2022-08-29 00:00:00+00:00,939245.0,253563.0,221270464.90840834,0.936300029003,617177349.9325747,734797895.2234417
2022-08-30 00:00:00+00:00,951380.0,263101.0,228317294.53567272,0.91691540216,950488609.4399889,989181838.5497746
2022-08-31 00:00:00+00:00,916812.0,258575.0,220515247.03199774,0.926540201628,901504666.2460889,606231569.0280988
2022-09-01 00:00:00+00:00,969786.0,270341.0,212503107.41825658,0.930819103606,681802909.4856224,672189467.0306133
2022-09-02 00:00:00+00:00,996822.0,270262.0,198644209.06016544,0.924346524698,848803582.3711416,571652336.8854237
2022-09-03 00:00:00+00:00,916603.0,235843.0,226362005.77634776,0.917781321543,260125281.91901034,233644583.04625463
2022-09-04 00:00:00+00:00,774639.0,206295.0,258699436.75684294,0.924996509034,451681868.1479709,446675634.5422587
2022-09-05 00:00:00+00:00,942780.0,253103.0,235601272.08754978,0.917682178845,924559158.5752193,854261871.1669149
2022-09-06 00:00:00+00:00,927513.0,267063.0,218662618.29239127,0.874858544608,1040000328.200606,1052226501.4129982
2022-09-07 00:00:00+00:00,951645.0,264285.0,224822129.16652596,0.895970446823,587483207.9988716,642114332.3735863
2022-09-08 00:00:00+00:00,947648.0,266823.0,195564453.62309808,0.897686434169,693423276.1883743,661601720.6581092
2022-09-09 00:00:00+00:00,1021884.0,286018.0,226362005.77634776,0.991990113442,890890586.5748926,771715258.7791024
2022-09-10 00:00:00+00:00,873305.0,240963.0,241760782.96168447,1.008276774233,398543453.9012992,330601464.0460621
2022-09-11 00:00:00+00:00,871675.0,225743.0,281797599.2087124,1.00926214108,316768115.5568918,325554128.57849205
2022-09-12 00:00:00+00:00,989815.0,269113.0,235601272.08754978,1.038445934441,622832480.3062074,502854218.7637097
2022-09-13 00:00:00+00:00,948189.0,259359.0,212237771.6665518,0.939370352409,1709746531.5384064,1083597242.9197977
2022-09-14 00:00:00+00:00,977568.0,269647.0,202308898.9554361,0.944134275318,5876042960.752746,6058500862.5322075
2022-09-15 00:00:00+00:00,953771.0,277597.0,234168568.49770647,0.919794265144,2302376122.439956,1698782188.7082012
2022-09-16 00:00:00+00:00,933213.0,260328.0,203901883.69419253,0.922172305414,456822592.215166,526211408.70450956
2022-09-17 00:00:00+00:00,918990.0,245261.0,270807189.9623499,0.939999035144,322480561.6135798,249430671.0269493
2022-09-18 00:00:00+00:00,775872.0,212149.0,245319452.49341667,0.907953496893,270178796.3538328,233350184.84074354
2022-09-19 00:00:00+00:00,912328.0,255334.0,207087850.8778092,0.914684111914,651508763.7850485,635613130.5439719
2022-09-20 00:00:00+00:00,952698.0,268728.0,242133487.6036962,0.88338246827,466554806.57409686,457956557.02782184
2022-09-21 00:00:00+00:00,918372.0,263619.0,224610669.2407527,0.86699153682,550314419.4131734,497004760.29586244
2022-09-22 00:00:00+00:00,860577.0,246387.0,203901883.69419253,0.909510592046,602865512.8279037,468044973.81207585
2022-09-23 00:00:00+00:00,968636.0,276441.0,215052767.68990275,0.90563544045,566406073.4767263,501560990.4622368
2022-09-24 00:00:00+00:00,799441.0,226763.0,232575586.05284625,0.886975013788,201709322.5603114,173949867.80164936
2022-09-25 00:00:00+00:00,781165.0,208905.0,234168568.49770647,0.881057004179,309045516.3077449,188988846.21615198
2022-09-26 00:00:00+00:00,938059.0,264276.0,238947520.42007956,0.900322536822,413281505.60936576,517515329.31679523
2022-09-27 00:00:00+00:00,966074.0,275487.0,205494866.13905278,0.896561719809,690833282.561844,672494790.4080547
2022-09-28 00:00:00+00:00,849979.0,258906.0,234113533.83376324,0.913487552122,775362568.95389,677958467.2236825
2022-09-29 00:00:00+00:00,874705.0,266329.0,222928607.6727852,0.917870607279,590095508.5336466,981873188.1757834
2022-09-30 00:00:00+00:00,1005499.0,292553.0,263461080.36655265,0.91356153704,614849080.4198108,1231385049.195145
2022-10-01 00:00:00+00:00,867330.0,236007.0,282168375.28330106,0.907912672634,230827326.47013718,334185215.2502597
2022-10-02 00:00:00+00:00,852250.0,216756.0,244753785.44980425,0.894190083633,320142184.81198263,212858705.7869021
2022-10-03 00:00:00+00:00,964012.0,268836.0,240076960.03696054,0.923308111571,456281665.0296079,455744629.0074545
2022-10-04 00:00:00+00:00,932869.0,280235.0,254107431.7857407,0.956568501176,615468243.3186692,688497909.5951263
2022-10-05 00:00:00+00:00,891063.0,267518.0,272814728.9473646,0.948163366006,480882927.392285,791803415.507341
2022-10-06 00:00:00+00:00,930050.0,276491.0,247871668.3100749,0.938866609583,402839396.7905144,801264838.0195698
2022-10-07 00:00:00+00:00,936123.0,270954.0,266578963.2268233,0.919983246052,567215547.1278603,878914322.5836219
2022-10-08 00:00:00+00:00,815047.0,235954.0,272814728.9473646,0.914595870208,249243566.52917412,223332525.51489833
2022-10-09 00:00:00+00:00,787417.0,214993.0,246312725.75750184,0.915262738221,198512475.1781928,213126339.82525805
2022-10-10 00:00:00+00:00,896218.0,253025.0,282818946.6660149,0.902773565181,335636843.11929184,310361063.4597789
2022-10-11 00:00:00+00:00,916599.0,272927.0,277924882.76934755,0.897697758664,899252087.7825449,468132347.75283337
2022-10-12 00:00:00+00:00,871140.0,260366.0,242520438.8933889,0.904197086018,647755029.7453882,443028196.3883768
2022-10-13 00:00:00+00:00,933599.0,275214.0,253141772.82091248,0.915299590894,662947760.7229855,767214576.9821925
2022-10-14 00:00:00+00:00,984001.0,284575.0,276154659.1735337,0.905697877908,601498765.9034904,693137445.5257719
2022-10-15 00:00:00+00:00,838678.0,241112.0,269073772.43763787,0.900728724487,207864809.9542689,174065987.23378414
2022-10-16 00:00:00+00:00,769067.0,214703.0,254911993.86760643,0.909910910294,179756847.73746595,261616651.80664614
2022-10-17 00:00:00+00:00,870371.0,261168.0,265533327.79513,0.924678135264,444788243.2466979,425764739.9195234
2022-10-18 00:00:00+00:00,887194.0,258490.0,251371549.22509858,0.91398573907,708951383.9122653,1426423530.0659559
2022-10-19 00:00:00+00:00,923688.0,260354.0,267303548.841824,0.904610705933,372055088.14068097,369706300.618624
2022-10-20 00:00:00+00:00,893489.0,268532.0,256682214.9143004,0.900242542303,450541356.743686,369255581.07762295
2022-10-21 00:00:00+00:00,913925.0,266487.0,276154659.1735337,0.907143363442,419578614.99485147,494290892.733919
2022-10-22 00:00:00+00:00,817446.0,231911.0,240750215.297575,0.909318069409,254285908.54468945,212259492.6859866
2022-10-23 00:00:00+00:00,803523.0,218227.0,274810664.8495725,0.926261633178,216747220.1662427,273226975.97057927
2022-10-24 00:00:00+00:00,922514.0,266297.0,249031191.57743755,0.915784798173,490827902.80209494,413136575.0255459
2022-10-25 00:00:00+00:00,829386.0,251891.0,223395628.20390147,0.951195313284,626941128.7038556,674153342.1740592
2022-10-26 00:00:00+00:00,1051950.0,305561.0,283822315.5587801,0.983939477562,1067015307.8563066,1433507592.4984794
2022-10-27 00:00:00+00:00,895161.0,265430.0,247200081.03795677,0.959624512348,622859260.2564288,575633575.3219112
2022-10-28 00:00:00+00:00,925522.0,279384.0,291146762.99030495,0.975004031923,456736940.4107859,467603383.7304326
2022-10-29 00:00:00+00:00,871729.0,251735.0,261848975.90100646,0.98443454901,412790387.9509139,390277263.4533673
2022-10-30 00:00:00+00:00,830676.0,223333.0,247200081.03795677,0.975832100659,266043377.08704567,268265748.58312985
2022-10-31 00:00:00+00:00,980614.0,290008.0,316782326.363841,0.97009674747,662199826.4880533,483482862.7576765
2022-11-01 00:00:00+00:00,955117.0,273150.0,263680086.44048724,0.970049689813,671854896.6159377,644273476.1909893
2022-11-02 00:00:00+00:00,869056.0,258761.0,223395628.20390147,0.954490976446,643464410.9403853,1578816811.7462003
2022-11-03 00:00:00+00:00,1009478.0,294320.0,300302320.96131057,0.956986021054,579291121.5587451,498090186.1473047
2022-11-04 00:00:00+00:00,939102.0,281439.0,236213409.89066952,1.000981821699,2610832671.3554325,1018362621.7916753
2022-11-05 00:00:00+00:00,916525.0,253538.0,276497868.12725526,1.007111287598,372031441.0698056,344078678.772018
2022-11-06 00:00:00+00:00,811578.0,223686.0,250862304.7537192,0.991409279364,477333021.2184256,477549823.39356875
2022-11-07 00:00:00+00:00,920253.0,267661.0,263168681.007737,0.976088727485,1402487915.696481,1573972837.7249916
2022-11-08 00:00:00+00:00,1051006.0,296138.0,297875785.74780756,0.880744871078,1385376659.048614,1623861234.9602404
2022-11-09 00:00:00+00:00,1076579.0,293667.0,272291362.9163776,0.753958696179,1431799436.1664379,1767470609.9510064
2022-11-10 00:00:00+00:00,1056871.0,294575.0,268636444.9930961,0.839903712816,1156773579.819814,1767670821.2641084
2022-11-11 00:00:00+00:00,964454.0,278829.0,244879482.43907723,0.811340136624,952422169.764373,1758866372.1235714
2022-11-12 00:00:00+00:00,942728.0,245106.0,305185621.59437066,0.806378353685,440628841.5240612,937683124.6768161
2022-11-13 00:00:00+00:00,895185.0,224942.0,235742186.31510308,0.785273663056,648520007.3574419,790866947.4190521
2022-11-14 00:00:00+00:00,954601.0,244858.0,224777435.1767992,0.801361740695,1210117638.992287,1253276254.3246562
2022-11-15 00:00:00+00:00,986709.0,281221.0,283256116.6862222,0.81368542899,1001621589.4770993,1083446319.795931
2022-11-16 00:00:00+00:00,944275.0,264899.0,274118823.1937887,0.806089820633,741828529.6948823,1226939294.2186215
2022-11-17 00:00:00+00:00,902258.0,254924.0,252189315.65409958,0.81024033294,596992551.3742924,1469408096.2549329
2022-11-18 00:00:00+00:00,955851.0,275776.0,254016775.9315107,0.818509642211,2075878513.4183075,609061490.0264314
2022-11-19 00:00:00+00:00,1113245.0,262900.0,268636444.9930961,0.820610369081,357896222.4149207,323710436.1756742
2022-11-20 00:00:00+00:00,1013890.0,229629.0,272422405.8222946,0.799184425512,272380299.95734763,337029880.83002293
2022-11-21 00:00:00+00:00,974239.0,269034.0,236949653.08915246,0.777592696604,616966510.6739124,733208284.4978687
2022-11-22 00:00:00+00:00,931145.0,257097.0,231439196.90173662,0.79805211183,528302417.20549256,472788159.0546408
2022-11-23 00:00:00+00:00,1057775.0,270971.0,258991483.1288546,0.817451445016,640989537.8097856,1366685561.6275547
2022-11-24 00:00:00+00:00,988182.0,250821.0,236949653.08915246,0.81837142484,410630215.1980694,404475705.30595046
2022-11-25 00:00:00+00:00,981465.0,262820.0,225928740.7143208,0.816011276502,531421595.5469325,435595793.5968671
2022-11-26 00:00:00+00:00,892687.0,230269.0,200213272.3346683,0.812740435671,302589906.8978748,275538537.90308994
2022-11-27 00:00:00+00:00,855437.0,223392.0,249807385.95646903,0.812332752733,230763023.00380173,219343209.63742334
2022-11-28 00:00:00+00:00,931505.0,259679.0,255317844.78890425,0.802349876662,357749106.400355,433666845.8265063
2022-11-29 00:00:00+00:00,955669.0,271896.0,240623291.42910284,0.814147810046,499476425.4916587,410405905.2056098
2022-11-30 00:00:00+00:00,946754.0,272102.0,253481024.29641938,0.850801464317,651032699.813796,653997926.0628313
2022-12-01 00:00:00+00:00,1030232.0,286994.0,281033310.52353734,0.840529289057,589834559.3639733,562717930.3324296
2022-12-02 00:00:00+00:00,970221.0,271522.0,229602379.05427116,0.84670015577,459307971.87641716,453949234.25824773
2022-12-03 00:00:00+00:00,938854.0,249912.0,240623291.42910284,0.838232388894,203826416.66117558,267594209.2687393
2022-12-04 00:00:00+00:00,842351.0,216703.0,257154662.63636974,0.84968361727,175194413.25148198,200024777.04699066
2022-12-05 00:00:00+00:00,960563.0,273083.0,268175577.6562208,0.84468600446,420484110.76837844,410839583.9658164
2022-12-06 00:00:00+00:00,941978.0,264624.0,230616963.69146737,0.850384196971,481131909.5548795,444768460.92978394
2022-12-07 00:00:00+00:00,899850.0,266558.0,292794731.64825046,0.839503933452,411934462.7929488,448390404.8488927
2022-12-08 00:00:00+00:00,905789.0,270258.0,284283257.4040977,0.858945882155,444293485.5251259,437841177.13232976
2022-12-09 00:00:00+00:00,946767.0,268606.0,258748834.67163926,0.854978591377,353646881.42783487,530471651.43712723
2022-12-10 00:00:00+00:00,909506.0,231276.0,262153422.40825662,0.854415449082,232874580.32470617,301185621.3457625
2022-12-11 00:00:00+00:00,781176.0,220885.0,250237357.97618175,0.853211507586,232718945.66004968,243190742.66290686
2022-12-12 00:00:00+00:00,905428.0,264207.0,243428180.05164233,0.858539391858,446113086.1446554,540813731.9178009
2022-12-13 00:00:00+00:00,974065.0,286344.0,280878667.2161756,0.887729303381,617820936.6171783,1180248490.716806
2022-12-14 00:00:00+00:00,930586.0,279228.0,251939654.29579514,0.890254354657,547376211.235614,719033716.8777502
2022-12-15 00:00:00+00:00,897844.0,271326.0,236618999.6757982,0.86728278142,471214682.51988935,447538602.71083367
2022-12-16 00:00:00+00:00,893040.0,258839.0,221298345.05580127,0.830992951979,455851344.7714658,679690916.4198656
2022-12-17 00:00:00+00:00,967830.0,261183.0,234916703.3561848,0.839657772493,290070861.3146808,396368516.7530621
2022-12-18 00:00:00+00:00,783263.0,207910.0,246832767.78825966,0.839875774864,201779861.95869753,207034060.95160332
2022-12-19 00:00:00+00:00,971140.0,262020.0,234239565.52880722,0.823536056851,387397176.11010027,390711173.63995695
2022-12-20 00:00:00+00:00,950486.0,270300.0,246114014.59309366,0.847633081501,412923953.05876565,393743820.67868257
2022-12-21 00:00:00+00:00,905699.0,268746.0,251387888.03406778,0.843195618816,501942706.88522476,472760956.27359927
2022-12-22 00:00:00+00:00,908585.0,276334.0,237324228.90008143,0.844194325117,449231392.6865188,354683795.44445306
2022-12-23 00:00:00+00:00,891725.0,275188.0,232050357.99056575,0.842886604017,408220260.05747974,331299680.9925598
2022-12-24 00:00:00+00:00,758680.0,215536.0,156458196.4740352,0.84590101132,193660043.99229223,227589196.1369674
2022-12-25 00:00:00+00:00,731599.0,196741.0,247871973.2505712,0.845706555551,161806857.12478384,135245767.07357824
2022-12-26 00:00:00+00:00,787672.0,227132.0,226776484.54959166,0.848591013908,216077293.15510327,239436787.48248935
2022-12-27 00:00:00+00:00,867369.0,241695.0,202165083.59657398,0.8399359586,328777275.787558,287299924.98652774
2022-12-28 00:00:00+00:00,904203.0,269982.0,295336819.0305875,0.83299277844,434818772.9710529,358569511.94029295
2022-12-29 00:00:00+00:00,945186.0,266982.0,247871973.2505712,0.838526883526,377733716.23103786,438647759.123393
2022-12-30 00:00:00+00:00,1050756.0,286348.0,277757245.1131045,0.836965256607,415299126.0407999,456668741.6847647
2022-12-31 00:00:00+00:00,839910.0,243946.0,274241330.32960796,0.835246001939,345787539.37654805,262846421.2190798
2023-01-01 00:00:00+00:00,719716.0,189355.0,272483374.20358884,0.839542831106,264464464.7995658,155416552.99110574
2023-01-02 00:00:00+00:00,842261.0,228547.0,274241330.32960796,0.843780085391,272892989.37885594,252650220.34598586
2023-01-03 00:00:00+00:00,985169.0,273459.0,261567697.33085108,0.843211245785,277760512.705053,314593960.3321817
2023-01-04 00:00:00+00:00,922281.0,279254.0,242356483.09554735,0.852695347503,443586977.78010505,362544549.5666179
2023-01-05 00:00:00+00:00,922508.0,274976.0,266083690.58224788,0.851818124476,307412832.334553,355074121.3006952
2023-01-06 00:00:00+00:00,932794.0,273358.0,305064103.230472,0.858998530318,319712265.07762265,371014028.9848622
2023-01-07 00:00:00+00:00,809225.0,250336.0,260999287.23473147,0.858446501208,204043465.19556737,178645511.45151284
2023-01-08 00:00:00+00:00,755503.0,229074.0,259304487.7459012,0.864443193289,189357677.8155398,162236369.46156985
2023-01-09 00:00:00+00:00,981056.0,286289.0,257609688.25707096,0.870777665108,416887148.60608965,460699598.94225174
2023-01-10 00:00:00+00:00,1146540.0,306036.0,286421296.6507751,0.883951640903,414973098.18133426,450122082.65939367
2023-01-11 00:00:00+00:00,944957.0,288569.0,249135683.4913812,0.904886150128,367851197.64863604,430001857.73361945
2023-01-12 00:00:00+00:00,1034292.0,310585.0,255914886.32772788,0.956915395927,619347324.4615531,589226936.8595736
2023-01-13 00:00:00+00:00,1072059.0,320370.0,269473292.0004212,1.006737285894,815811002.4818592,827598316.8074863
2023-01-14 00:00:00+00:00,965948.0,303624.0,289810898.0689484,1.063923229924,831942878.9309565,732681849.0571795
2023-01-15 00:00:00+00:00,807742.0,255156.0,281119760.7470869,1.056945343653,336031006.5898011,317943033.3940364
2023-01-16 00:00:00+00:00,966312.0,303811.0,274688842.3501408,1.071886746547,394565578.2778774,474760196.09180737
2023-01-17 00:00:00+00:00,988775.0,309004.0,291506526.6305745,1.071274656024,420732865.37301606,512911016.99871457
2023-01-18 00:00:00+00:00,942079.0,294539.0,261608421.54211786,1.047738862359,568177003.6733141,600734431.944855
2023-01-19 00:00:00+00:00,926693.0,298607.0,270951578.87773,1.066296173366,689115062.7342128,456565773.6761329
2023-01-20 00:00:00+00:00,933005.0,303214.0,246659370.34330428,1.145445917644,608468431.9999396,996529660.9540149
2023-01-21 00:00:00+00:00,906764.0,286001.0,257871158.0697071,1.152147571819,521385714.3197009,414017576.9233216
2023-01-22 00:00:00+00:00,863236.0,249747.0,282163369.29496235,1.147415859687,345868740.29577994,287251333.13731366
2023-01-23 00:00:00+00:00,933346.0,296833.0,295243790.10298526,1.157946337765,485779860.6097581,396947370.24767506
2023-01-24 00:00:00+00:00,908199.0,288416.0,241053473.78927338,1.14168583391,402795715.38085884,500872754.4284507
2023-01-25 00:00:00+00:00,912032.0,306272.0,327010528.27306205,1.166238508234,558001411.9994531,543061497.5339391
2023-01-26 00:00:00+00:00,892287.0,297461.0,289637896.2397839,1.161820741319,423528496.1799234,507131288.78521514
2023-01-27 00:00:00+00:00,929064.0,305372.0,287769263.1581637,1.165635900125,764115133.4652209,712579009.7680213
2023-01-28 00:00:00+00:00,857014.0,268374.0,313930107.46503913,1.162375118008,263782795.3289777,289946900.3731712
2023-01-29 00:00:00+00:00,829895.0,258804.0,311438925.8972278,1.200618353218,331506350.12252903,309133045.438986
2023-01-30 00:00:00+00:00,957363.0,311188.0,269948141.5759668,1.15137768201,606674656.7979547,545685883.0878648
2023-01-31 00:00:00+00:00,944348.0,312359.0,224956785.116114,1.167609671158,491865956.009356,439097799.2737331
2023-02-01 00:00:00+00:00,1050528.0,343824.0,267991996.86764714,1.196241930423,478322389.8730651,448445910.7892027
2023-02-02 00:00:00+00:00,983946.0,335421.0,283641162.98475456,1.184795889398,549406479.5773382,606221596.8821092
2023-02-03 00:00:00+00:00,988867.0,317695.0,260167412.40066835,1.181415746292,478549772.17467844,547089227.930912
2023-02-04 00:00:00+00:00,961115.0,302062.0,266035849.34247735,1.176437733184,301211755.7226494,337362423.25221455
2023-02-05 00:00:00+00:00,802171.0,256347.0,297334187.21039253,1.156408398602,294878998.66835153,241513617.10493004
2023-02-06 00:00:00+00:00,920525.0,304492.0,289509602.74341375,1.145679319019,373185619.3048227,379789633.371217
2023-02-07 00:00:00+00:00,944049.0,303225.0,277772726.04294556,1.171652534251,479914281.1128257,461911249.702505
2023-02-08 00:00:00+00:00,942153.0,315120.0,269948141.5759668,1.154986688723,342039796.37842023,295407263.7693957
2023-02-09 00:00:00+00:00,1056974.0,363668.0,316895645.5609893,1.099040577212,554217105.6052132,521358267.0652335
2023-02-10 00:00:00+00:00,923753.0,302716.0,287553455.21824396,1.089446116412,624716433.4662964,485608627.9485938
2023-02-11 00:00:00+00:00,896301.0,281958.0,289509602.74341375,1.101770368949,301117899.1936395,250632951.46409917
2023-02-12 00:00:00+00:00,861493.0,256348.0,315851203.95835894,1.097210551986,216786561.8934131,224481797.05143106
2023-02-13 00:00:00+00:00,957593.0,297879.0,303650130.99469703,1.09866674955,534127111.2646506,582356024.8205203
2023-02-14 00:00:00+00:00,913570.0,305330.0,299757180.2739148,1.119923157609,426846412.7051273,441030566.8229084
2023-02-15 00:00:00+00:00,993456.0,325059.0,317275457.11597276,1.22364317031,720462041.1079464,544356653.0847687
2023-02-16 00:00:00+00:00,1118226.0,341817.0,348419062.8822308,1.195012046683,744111717.3384652,621354011.8315365
2023-02-17 00:00:00+00:00,1050009.0,322140.0,321168407.83675504,1.237767811543,640934234.2406237,606057779.884903
2023-02-18 00:00:00+00:00,1046593.0,273988.0,327007835.31939054,1.239058645614,282442427.4393221,352935334.42980456
2023-02-19 00:00:00+00:00,928713.0,244509.0,315328983.1570438,1.225347760367,272173794.4676657,308456853.9871858
2023-02-20 00:00:00+00:00,908106.0,267205.0,286131854.15263903,1.246658143379,525899694.8677487,336513290.4223684
2023-02-21 00:00:00+00:00,1012926.0,293613.0,325061358.5575373,1.226544841574,569789029.4022369,604231185.8699863
2023-02-22 00:00:00+00:00,931144.0,277803.0,272506528.0313633,1.214898364016,453748169.1049923,501991458.97064894
2023-02-23 00:00:00+00:00,1071298.0,291650.0,332847259.9991018,1.20196788302,525226876.3318626,535953672.16814756
2023-02-24 00:00:00+00:00,964247.0,298377.0,262774152.63086984,1.165447448567,648172529.6678185,597365106.253034
2023-02-25 00:00:00+00:00,811239.0,259206.0,228809606.14131212,1.164771417267,298948537.6602939,269440816.8031267
2023-02-26 00:00:00+00:00,905055.0,271471.0,359556659.2106423,1.183865293006,240802581.8285798,205931090.0914671
2023-02-27 00:00:00+00:00,982682.0,296912.0,299630547.8012448,1.181751158136,476020941.5862641,434291991.3093314
2023-02-28 00:00:00+00:00,983627.0,335341.0,293209894.2181328,1.165088210397,470728750.8785393,474235912.36240155
2023-03-01 00:00:00+00:00,1076257.0,377754.0,363837095.9600217,1.188892073095,765458045.1645736,445805306.8900022
2023-03-02 00:00:00+00:00,939444.0,330024.0,308191421.3000036,1.181929202448,408940243.1264911,377819082.1165568
2023-03-03 00:00:00+00:00,1086253.0,355066.0,359556659.2106423,1.126016843463,621091569.3618425,685964745.7840713
2023-03-04 00:00:00+00:00,905589.0,306924.0,325313168.29752123,1.125231451633,266797460.9348052,278178770.3731469
2023-03-05 00:00:00+00:00,995537.0,287178.0,331733821.88063323,1.130220819242,336264192.4578858,280829088.42684656
2023-03-06 00:00:00+00:00,931807.0,318245.0,282508803.8856414,1.130223291427,570915008.5418167,404277740.3469677
2023-03-07 00:00:00+00:00,1063023.0,360867.0,353136002.54561603,1.122035533533,689200767.5711142,771701378.6146556
2023-03-08 00:00:00+00:00,885079.0,290018.0,284649020.71937394,1.098460296734,558167366.040581,789177045.6118397
2023-03-09 00:00:00+00:00,929904.0,339133.0,288929457.4687534,1.031092147146,629686694.8031121,530204557.10792863
2023-03-10 00:00:00+00:00,979055.0,322995.0,291688415.56457573,1.026171253096,722356895.6623806,889796039.2252018
2023-03-11 00:00:00+00:00,982511.0,323403.0,357219694.88274616,1.043781214381,744219782.1770753,968568122.7376972
2023-03-12 00:00:00+00:00,886609.0,263955.0,348559825.8912209,1.118453254664,564223606.9192145,535741862.62139624
2023-03-13 00:00:00+00:00,999918.0,335201.0,339899953.782142,1.222477139001,1721269976.1197007,1135576879.3035676
2023-03-14 00:00:00+00:00,1024780.0,327923.0,316085307.0409517,1.252017069531,1459779742.5767672,1086403301.5414217
2023-03-15 00:00:00+00:00,1006730.0,343857.0,318250273.5094446,1.233259096934,787535592.5640281,682169712.8946791
2023-03-16 00:00:00+00:00,879957.0,295146.0,290105693.8312686,1.264318230866,680089647.9542696,692784719.7945437
2023-03-17 00:00:00+00:00,1085422.0,339244.0,318250273.5094446,1.381709504388,1409166363.636579,1002825655.8450296
2023-03-18 00:00:00+00:00,955447.0,293458.0,350724792.3597138,1.357927080335,633206200.2282413,537428772.1961234
2023-03-19 00:00:00+00:00,845573.0,271293.0,320415243.0954912,1.41718434858,792215879.7993821,489923164.91120565
2023-03-20 00:00:00+00:00,1014355.0,337263.0,333405048.1415559,1.398348824456,982673460.3381182,903332859.2894416
2023-03-21 00:00:00+00:00,990544.0,331907.0,313920337.45490515,1.413889214116,756080794.3802772,789211817.0392063
2023-03-22 00:00:00+00:00,940276.0,296448.0,344229889.8366814,1.371700451034,941944401.809611,1046199104.5175573
2023-03-23 00:00:00+00:00,902932.0,292159.0,398970829.72571325,1.421886913625,819083915.5510443,733465920.7821567
2023-03-24 00:00:00+00:00,893101.0,294570.0,377232885.49311525,1.375231386162,576804824.3701365,712357698.7850165
2023-03-25 00:00:00+00:00,898042.0,287422.0,337646717.00662136,1.376280144651,370999244.34759074,367089930.381604
2023-03-26 00:00:00+00:00,851151.0,266890.0,335318120.4383247,1.403671575252,328147581.65792567,319129961.2678885
2023-03-27 00:00:00+00:00,1057595.0,295339.0,344632513.417874,1.357098415255,519876486.62948793,641458341.048372
2023-03-28 00:00:00+00:00,982699.0,317587.0,312032141.34263265,1.363066939643,736696066.3894857,781275887.0788515
2023-03-29 00:00:00+00:00,977852.0,328588.0,342303913.496396,1.417071461284,650163136.3752136,758390223.2470303
2023-03-30 00:00:00+00:00,1021839.0,331354.0,360932699.4554946,1.420441511641,806902387.4311134,1186781701.4312968
2023-03-31 00:00:00+00:00,1043754.0,308895.0,328332327.3802533,1.443820674085,658136411.6205544,673636285.885488
2023-04-01 00:00:00+00:00,1038858.0,316521.0,326003727.4587754,1.442211549223,380364312.77957106,341705098.96696496
2023-04-02 00:00:00+00:00,1012005.0,342161.0,346961109.98617065,1.425206305097,303630654.34487075,284801865.42217135
2023-04-03 00:00:00+00:00,985157.0,336905.0,305046344.9313801,1.409099995135,548227402.3429476,512256450.887278
2023-04-04 00:00:00+00:00,1108155.0,419443.0,377232885.49311525,1.4219430768,412965771.56934834,439050162.3725404
2023-04-05 00:00:00+00:00,964688.0,345029.0,323675130.8904787,1.424960408187,611939372.0805023,497220026.2243526
2023-04-06 00:00:00+00:00,1022873.0,352346.0,375586794.88083017,1.41726242259,439322958.00758094,368325398.8478012
2023-04-07 00:00:00+00:00,956362.0,351639.0,338032941.7856073,1.411891341659,360401746.4302405,368453753.7893497
2023-04-08 00:00:00+00:00,885739.0,325340.0,349935509.4099869,1.413111240664,282939879.94023895,305981847.94112206
2023-04-09 00:00:00+00:00,936112.0,277152.0,347554997.25628686,1.432780320048,242434396.18463367,201656439.30427247
2023-04-10 00:00:00+00:00,947327.0,292988.0,292803183.44178885,1.498410626119,614825319.7533286,534273014.27045983
2023-04-11 00:00:00+00:00,1146146.0,375758.0,366599104.7697063,1.524007596955,759329953.6564515,736093402.4686859
2023-04-12 00:00:00+00:00,1056542.0,344791.0,380882187.97572565,1.506773205338,990992250.4508189,659612982.9488745
2023-04-13 00:00:00+00:00,1009669.0,326572.0,338032941.7856073,1.528589539867,583221967.8465761,580249427.0116746
2023-04-14 00:00:00+00:00,1016042.0,316304.0,333271914.0502675,1.531450017782,708991504.5736698,768455495.3903222
2023-04-15 00:00:00+00:00,1045660.0,275326.0,376121160.2403859,1.525286478334,376399724.400215,405003114.96687055
2023-04-16 00:00:00+00:00,840992.0,235578.0,295183695.5954889,1.523487449103,348493625.0593914,290464364.55095184
2023-04-17 00:00:00+00:00,984242.0,316549.0,368979620.3513461,1.481199761253,643764794.0704929,512926801.57685626
2023-04-18 00:00:00+00:00,1149264.0,313000.0,395165271.18174505,1.524898878521,569164847.7035385,560189049.1448973
2023-04-19 00:00:00+00:00,985732.0,298359.0,330891401.89656746,1.445557031038,610535107.5658308,593528294.2450166
2023-04-20 00:00:00+00:00,951443.0,297440.0,319518832.8346639,1.418296444501,659550117.2511418,529883663.4828497
2023-04-21 00:00:00+00:00,1015546.0,352999.0,351118489.414672,1.370138666353,942688415.7581484,694468539.8992074
2023-04-22 00:00:00+00:00,914896.0,356615.0,360804517.52650416,1.396814023725,370963646.4375477,319425821.1110612
2023-04-23 00:00:00+00:00,840711.0,434101.0,355961503.4705881,1.385375480736,257309987.1309924,300256528.4471163
2023-04-24 00:00:00+00:00,998948.0,358615.0,341432464.7898097,1.381178300296,491228707.79230505,483972288.4034642
2023-04-25 00:00:00+00:00,895988.0,373152.0,302688355.8294509,1.420027669157,487152935.67783517,454717652.9117882
2023-04-26 00:00:00+00:00,893248.0,433927.0,314795889.2257562,1.423548393886,651062423.2617638,606628771.3148848
2023-04-27 00:00:00+00:00,892914.0,419005.0,314795889.2257562,1.477024680925,538997278.1804926,465986566.4257211
2023-04-28 00:00:00+00:00,957827.0,484327.0,355961503.4705881,1.470212541775,495827278.5208494,603837663.6148226
2023-04-29 00:00:00+00:00,803633.0,487346.0,331746436.67797756,1.463534273428,293685136.94291925,369095254.9794479
2023-04-30 00:00:00+00:00,767567.0,561448.0,358383012.2420311,1.470402257877,328175757.9896214,268849830.0065735
2023-05-01 00:00:00+00:00,929691.0,685711.0,440714244.2186647,1.408272273073,501805363.2170383,434246214.7187333
2023-05-02 00:00:00+00:00,820724.0,460621.0,312374380.4543132,1.436592482997,408929237.01612103,568699382.9037391
2023-05-03 00:00:00+00:00,953701.0,488518.0,341432464.7898097,1.45181633614,486821058.3867684,404779408.2307999
2023-05-04 00:00:00+00:00,914598.0,490738.0,351712781.63476974,1.442232154866,523611351.9175263,543081951.5676574
2023-05-05 00:00:00+00:00,822037.0,411057.0,283977798.86046904,1.476466635695,448854808.98858213,622948235.6045598
2023-05-06 00:00:00+00:00,764917.0,603617.0,355568839.3482855,1.443843173393,323130841.6173442,321254926.70457244
2023-05-07 00:00:00+00:00,549932.0,614264.0,331705160.33113664,1.429877064919,185087393.99777967,235707643.33112404
2023-05-08 00:00:00+00:00,696710.0,573864.0,326932423.8404329,1.378067479397,561951846.0862803,560241369.0156007
2023-05-09 00:00:00+00:00,772112.0,592036.0,360341575.83898926,1.374090435543,567524736.2286081,501079132.6839447
2023-05-10 00:00:00+00:00,891517.0,672910.0,405682570.78249,1.374436923429,459309114.1083244,465784338.48670894
2023-05-11 00:00:00+00:00,831417.0,544837.0,360341575.83898926,1.341912915639,588541728.4421669,420038091.1116759
2023-05-12 00:00:00+00:00,809188.0,508450.0,336477896.8218404,1.331264514159,608812736.0088099,681686887.0316225
2023-05-13 00:00:00+00:00,705679.0,581550.0,346023366.366878,1.334669775407,244815880.2482707,227347002.77166802
2023-05-14 00:00:00+00:00,835319.0,626942.0,415228040.3275276,1.338338944895,262835336.5556367,196542820.64083588
2023-05-15 00:00:00+00:00,817441.0,526691.0,350796102.85758173,1.352469393563,833528385.3294346,1258012464.7531297
2023-05-16 00:00:00+00:00,814467.0,564700.0,365114312.329693,1.341803499909,667672724.2313561,504762420.7918555
2023-05-17 00:00:00+00:00,841652.0,579967.0,381818888.3289712,1.360182926857,551638370.018312,498792080.04547536
2023-05-18 00:00:00+00:00,814709.0,478050.0,345151895.57295674,1.332798511609,548524223.1971943,476869770.9064612
2023-05-19 00:00:00+00:00,904374.0,513521.0,369469366.9436957,1.335285312277,407385820.0619743,396627832.42738676
2023-05-20 00:00:00+00:00,719434.0,423450.0,322669911.9767492,1.345668504663,242322344.48796257,203744830.0522274
2023-05-21 00:00:00+00:00,775828.0,487763.0,371932494.472369,1.329584607553,251676734.75775564,205409995.11375096
2023-05-22 00:00:00+00:00,817592.0,506455.0,354690591.130938,1.331796174941,434075697.7237378,378652328.47689253
2023-05-23 00:00:00+00:00,859507.0,514901.0,379321880.60529494,1.349756710174,526799444.6782221,512993288.9758598
2023-05-24 00:00:00+00:00,859470.0,398061.0,347301204.99801207,1.306148991112,552949559.546096,555174851.0963625
2023-05-25 00:00:00+00:00,923963.0,466257.0,371932494.472369,1.312302574122,519604938.02420866,416376205.84194976
2023-05-26 00:00:00+00:00,963216.0,533103.0,376858753.0766216,1.323951129649,565591476.3611298,681154243.8750808
2023-05-27 00:00:00+00:00,877266.0,469559.0,357153718.6596113,1.330559181986,304479345.520262,273345391.2506131
2023-05-28 00:00:00+00:00,863880.0,499561.0,394100656.4180527,1.391560954233,436374195.90633464,406914957.09703165
2023-05-29 00:00:00+00:00,912071.0,548854.0,399026915.02230525,1.374801000798,523297983.0507005,598456163.9424638
2023-05-30 00:00:00+00:00,959148.0,511408.0,379321880.60529494,1.371662586882,857272103.2029439,706061360.6434221
2023-05-31 00:00:00+00:00,925966.0,421021.0,350148490.60783935,1.347122513076,791335849.3827635,650365962.632174
2023-06-01 00:00:00+00:00,919298.0,351891.0,336187210.7165766,1.32755818548,635293218.6769458,464631461.960231
2023-06-02 00:00:00+00:00,982760.0,485798.0,417687139.47589916,1.348499664123,834502786.121017,933592985.2831856
2023-06-03 00:00:00+00:00,873884.0,380045.0,331093464.7106818,1.339845350422,546894421.3981935,456777820.9992955
2023-06-04 00:00:00+00:00,879948.0,357474.0,376937175.09623784,1.343716524322,576390613.7264328,586507105.7360628
2023-06-05 00:00:00+00:00,884289.0,363110.0,351468445.06676406,1.276417765634,839723570.5917908,1132357325.3984764
2023-06-06 00:00:00+00:00,1032895.0,468063.0,384577792.2713316,1.3462357416,871850010.9890054,936276612.3416545
2023-06-07 00:00:00+00:00,1004588.0,429649.0,343827827.8916703,1.303228127244,737788768.0930606,1008087769.8209076
2023-06-08 00:00:00+00:00,964762.0,403263.0,392218409.4464253,1.312170481703,736913882.8916149,753108988.1293192
2023-06-09 00:00:00+00:00,1020140.0,387748.0,430421502.65688765,1.309627647538,669341596.3575736,668571439.054759
2023-06-10 00:00:00+00:00,943047.0,364874.0,392218409.4464253,1.279906228962,834814552.0884708,882032273.2873442
2023-06-11 00:00:00+00:00,872589.0,401105.0,415140264.63920337,1.282204028842,1100769618.4421365,1272247698.9802935
2023-06-12 00:00:00+00:00,985947.0,371500.0,399859030.2890159,1.282415132209,965570684.3215721,936500863.5767441
2023-06-13 00:00:00+00:00,933842.0,405497.0,374390300.25954205,1.281288526881,851740350.184654,818132920.5305417
2023-06-14 00:00:00+00:00,828183.0,333934.0,312665624.1002991,1.242758133707,796211270.5057794,642818474.1895621
2023-06-15 00:00:00+00:00,919869.0,421465.0,385148460.99591213,1.265794710232,951325191.003643,1064013246.4603227
2023-06-16 00:00:00+00:00,958674.0,521861.0,398160232.46596813,1.303742036635,1063745976.3348023,1126650194.3911202
2023-06-17 00:00:00+00:00,863600.0,468094.0,364329623.6459102,1.312806147734,712508872.860221,689236448.4344027
2023-06-18 00:00:00+00:00,883864.0,442763.0,392955523.1284677,1.304485514887,862860949.2499743,809773814.253865
2023-06-19 00:00:00+00:00,920552.0,412858.0,369534332.9834107,1.326002267293,856428680.9802121,897075910.3729647
2023-06-20 00:00:00+00:00,951926.0,446312.0,353920204.97090924,1.401058308786,1200312259.884165,1298077088.847566
2023-06-21 00:00:00+00:00,920555.0,363604.0,314884890.5607413,1.487688159529,1791847181.8378477,1820154900.2424061
2023-06-22 00:00:00+00:00,1000988.0,390860.0,356522561.5133547,1.479224774259,1331878044.920246,1536318026.8900058
2023-06-23 00:00:00+00:00,948738.0,373178.0,325294309.2357423,1.511461032551,1363635352.6575825,1339420773.1090717
2023-06-24 00:00:00+00:00,1011110.0,360123.0,379943751.6584117,1.506266238891,1089905381.74988,1052595940.8138927
2023-06-25 00:00:00+00:00,944147.0,384437.0,398160232.46596813,1.501725462895,1049011558.9532341,993848540.4568249
2023-06-26 00:00:00+00:00,998904.0,405162.0,379943751.6584117,1.490477217783,1037700045.499439,955549889.204597
2023-06-27 00:00:00+00:00,978594.0,433747.0,364329623.6459102,1.508993136561,1078793904.3595793,1100739124.8929987
2023-06-28 00:00:00+00:00,826245.0,331234.0,280122385.0259662,1.480047953676,909876060.0450349,940497563.3217518
2023-06-29 00:00:00+00:00,970467.0,435226.0,367574940.7040657,1.4974352167,1242720945.5816686,1297883729.989557
2023-06-30 00:00:00+00:00,1067040.0,446825.0,397786578.4244695,1.497404119431,1485772608.9008744,1420472076.4476504
2023-07-01 00:00:00+00:00,918349.0,320180.0,334845664.3921468,1.500071404388,1067961137.2464523,1568140045.562506
2023-07-02 00:00:00+00:00,997177.0,307552.0,430515854.7363883,1.500295120753,812089739.2080618,743451699.1102014
2023-07-03 00:00:00+00:00,977874.0,333178.0,344916211.5074136,1.525922363387,978251919.1445062,1025329074.819045
2023-07-04 00:00:00+00:00,963366.0,377184.0,354986758.6226805,1.509148391226,1032064424.57331,1023773875.9816047
2023-07-05 00:00:00+00:00,964759.0,494320.0,392751304.8668361,1.494037535141,1075915303.8416293,932749731.7183135
2023-07-06 00:00:00+00:00,973154.0,393611.0,349951485.0650471,1.470491737414,1095076736.4361298,1086529381.3771129
2023-07-07 00:00:00+00:00,1021136.0,558253.0,440586401.8516551,1.487208780434,969501233.8176913,1080107056.6798732
2023-07-08 00:00:00+00:00,1009931.0,574664.0,448139310.3754069,1.483788128844,823911899.023036,721101231.6773714
2023-07-09 00:00:00+00:00,978223.0,593770.0,425480581.17875487,1.478660537861,773496312.5236406,749967182.4530892
2023-07-10 00:00:00+00:00,925790.0,508406.0,387716031.3092027,1.489525354536,1077502900.3661854,1119026365.4010975
2023-07-11 00:00:00+00:00,937945.0,430012.0,339880937.9497802,1.499536522954,1054897931.0990657,1133448356.3959382
2023-07-12 00:00:00+00:00,942309.0,477324.0,383801277.4233714,1.487755265888,1346846837.0567837,1007768790.544624
2023-07-13 00:00:00+00:00,874515.0,373263.0,321592672.2254732,1.538500113181,1321040252.7004912,1193035227.613018
2023-07-14 00:00:00+00:00,996373.0,421261.0,369831573.2522498,1.483457241083,1292919346.3603623,1225776097.4636307
2023-07-15 00:00:00+00:00,914738.0,489697.0,369831573.2522498,1.482403144167,656513729.4250947,696249493.7720021
2023-07-16 00:00:00+00:00,927843.0,591972.0,415390537.04825526,1.480253300626,689281357.6327257,679846117.8906131
2023-07-17 00:00:00+00:00,931087.0,440009.0,364471694.9315955,1.475399676867,803666503.9120829,794356663.3954933
2023-07-18 00:00:00+00:00,1028951.0,569852.0,434150109.24098927,1.45985580542,1048074567.5633272,1046191039.7050512
2023-07-19 00:00:00+00:00,969285.0,482668.0,396630964.85552126,1.463037215762,1056402950.7524126,1039806159.9533406
2023-07-20 00:00:00+00:00,901211.0,398519.0,343032185.5080904,1.457534391178,849882119.9347205,845629627.8390981
2023-07-21 00:00:00+00:00,855163.0,322339.0,300153162.8019681,1.463442609814,695401723.8372062,687450653.1248277
2023-07-22 00:00:00+00:00,923147.0,288229.0,359111820.4700533,1.453936935337,536732442.2613235,564666041.5136054
2023-07-23 00:00:00+00:00,894084.0,560423.0,393951023.7656381,1.470319604139,600648103.4070201,589327255.8050841
2023-07-24 00:00:00+00:00,938461.0,530301.0,401990843.1761756,1.427138509577,927268775.8621706,961191136.6314224
2023-07-25 00:00:00+00:00,940528.0,463976.0,369831573.2522498,1.42923855151,789776371.0094199,712749920.4693509
2023-07-26 00:00:00+00:00,1015337.0,451236.0,380796719.35454816,1.436080716187,930691007.3020767,1006930999.435666
2023-07-27 00:00:00+00:00,943734.0,413776.0,358973120.0187306,1.429632064392,1067170918.1156282,864851754.6619195
2023-07-28 00:00:00+00:00,948590.0,448372.0,364175629.4388057,1.440164978549,923857987.0442667,872559690.2518774
2023-07-29 00:00:00+00:00,889450.0,423912.0,343365595.50431174,1.442211649973,580905069.8278558,579898222.4491282
2023-07-30 00:00:00+00:00,1010937.0,645339.0,437010757.5740507,1.437384415792,562143318.461607,540688562.260673
2023-07-31 00:00:00+00:00,922082.0,446746.0,366776886.0217465,1.435482408871,719240959.6124932,763312557.7441633
2023-08-01 00:00:00+00:00,983005.0,405391.0,361574376.6016714,1.449024030947,991518442.2991308,844126473.0768316
2023-08-02 00:00:00+00:00,1069904.0,393762.0,400593191.63352495,1.432048628755,846921824.3359314,1040367562.8333988
2023-08-03 00:00:00+00:00,1030326.0,476666.0,392789429.37631553,1.434367776395,746280083.1613512,798202141.4254638
2023-08-04 00:00:00+00:00,912508.0,318338.0,314751795.5668019,1.427652983063,678493082.8014365,696895123.643467
2023-08-05 00:00:00+00:00,992041.0,499440.0,400593191.63352495,1.427408392655,695423381.3740139,619263670.5100077
2023-08-06 00:00:00+00:00,973822.0,611086.0,426605738.7339005,1.427044043698,632608980.712539,614249367.3282944
2023-08-07 00:00:00+00:00,952272.0,423178.0,379783157.699031,1.432710437146,1122855797.1153345,942793907.4464515
2023-08-08 00:00:00+00:00,874562.0,332667.0,325156814.40695214,1.46267267691,857933795.8277384,1186774721.721069
2023-08-09 00:00:00+00:00,1057273.0,508817.0,421665740.3548995,1.452750656477,892273524.3995882,862800215.7135954
2023-08-10 00:00:00+00:00,947623.0,355773.0,330756211.7722732,1.445222004734,775522208.169451,824350964.6751641
2023-08-11 00:00:00+00:00,954168.0,502936.0,393261324.2234607,1.443460117805,787879979.1135216,730657940.0963038
2023-08-12 00:00:00+00:00,926800.0,512116.0,434931397.94081676,1.444002195989,719627653.894859,634291194.1085294
2023-08-13 00:00:00+00:00,860881.0,497535.0,351591250.5061046,1.437480909277,551710882.8346087,514469464.5489839
2023-08-14 00:00:00+00:00,1007719.0,563322.0,445348917.30773246,1.443311936754,804196425.624728,1141414509.0452604
2023-08-15 00:00:00+00:00,1073564.0,581895.0,445348917.30773246,1.43140313407,834903032.1689364,870508533.1876655
2023-08-16 00:00:00+00:00,947796.0,574119.0,424513878.57390106,1.411251226179,784369082.5800291,751429624.8251747
2023-08-17 00:00:00+00:00,1050502.0,492845.0,406283221.55695194,1.309597789983,1127433169.7398996,1040142200.9467963
2023-08-18 00:00:00+00:00,1016460.0,424283.0,362008769.87302023,1.279955274829,951762443.737999,1014166637.4918222
2023-08-19 00:00:00+00:00,878361.0,521811.0,364613147.83959585,1.282875825078,530295889.0710548,593541469.0596708
2023-08-20 00:00:00+00:00,929724.0,611930.0,421909500.6073255,1.287026193244,484378750.42173547,505425957.9307308
2023-08-21 00:00:00+00:00,1002377.0,551541.0,429722638.2573589,1.285209423972,700207001.7166302,847780696.2173408
2023-08-22 00:00:00+00:00,922178.0,422819.0,381739775.69656736,1.278234400958,872625590.0097282,846136815.5546036
2023-08-23 00:00:00+00:00,937656.0,409372.0,392623891.4787874,1.301640510691,1054928471.8199363,1148566387.047946
2023-08-24 00:00:00+00:00,946410.0,401881.0,384329021.8498855,1.286264498958,662689898.7894454,694511538.4697555
2023-08-25 00:00:00+00:00,922155.0,425953.0,373269193.02365756,1.282530939849,531838391.9390811,641050761.7851198
2023-08-26 00:00:00+00:00,917123.0,499325.0,378799107.4367715,1.280910484603,430677908.616843,349799928.63977826
2023-08-27 00:00:00+00:00,808508.0,411227.0,320735012.0713819,1.284719699038,415200119.06160086,443393935.2098906
2023-08-28 00:00:00+00:00,873786.0,326485.0,326264922.5029578,1.285785965076,637465438.2160416,627635100.975131
2023-08-29 00:00:00+00:00,1060996.0,509039.0,436863202.80216116,1.3631929159,1103612950.5409732,1282520632.9937384
2023-08-30 00:00:00+00:00,877649.0,406652.0,348384580.15541375,1.344866297954,748850483.8959785,776066187.8015928
2023-08-31 00:00:00+00:00,968985.0,433684.0,398153805.89190143,1.279294333561,726853245.0269765,620560676.2459128
2023-09-01 00:00:00+00:00,1051172.0,418665.0,417508504.3470313,1.272142442172,966772067.1953701,673612452.3821607
2023-09-02 00:00:00+00:00,955720.0,545957.0,420273463.5443573,1.275429178013,482307766.9850559,484256487.0645945
2023-09-03 00:00:00+00:00,864433.0,627700.0,436863202.80216116,1.280178738226,465521492.91899323,484595577.97193253
2023-09-04 00:00:00+00:00,920027.0,575666.0,411978589.9339173,1.272295663234,655031014.2256775,554385716.244862
2023-09-05 00:00:00+00:00,940913.0,453308.0,342854665.74229974,1.271797475869,572924998.5624917,617589315.100762
2023-09-06 00:00:00+00:00,1001123.0,485735.0,364053703.2546238,1.270666304167,709643605.5979337,635257554.1963723
2023-09-07 00:00:00+00:00,1003310.0,541513.0,393005454.3704645,1.293153415402,674146390.8484808,700192454.5692831
2023-09-08 00:00:00+00:00,986937.0,408954.0,358011817.1993768,1.278230950625,616123405.5273647,783138692.2396268
2023-09-09 00:00:00+00:00,1116330.0,599142.0,406464544.3974311,1.277871761676,514183263.35432523,483852290.8793512
2023-09-10 00:00:00+00:00,1049360.0,557602.0,395697270.82537055,1.274805713565,519957777.48943114,504061754.7961148
2023-09-11 00:00:00+00:00,1120614.0,463598.0,427999091.5415522,1.240998802155,758221842.100989,859952906.2638748
2023-09-12 00:00:00+00:00,1042537.0,461193.0,379546364.3434979,1.276849786407,869573168.3772601,859776809.9528196
2023-09-13 00:00:00+00:00,1049105.0,513232.0,395697270.82537055,1.294929881704,634482331.3931302,694438978.594581
2023-09-14 00:00:00+00:00,1131002.0,574875.0,436074544.78248847,1.31072461763,914681914.3242486,849757315.9304928
2023-09-15 00:00:00+00:00,1234300.0,708663.0,506061819.12466383,1.316247721823,787567472.3218884,860136495.8541253
2023-09-16 00:00:00+00:00,1053706.0,591563.0,417231817.9694916,1.31045230781,468594599.7987049,522929041.8194162
2023-09-17 00:00:00+00:00,1039207.0,616879.0,401080907.6114008,1.30778359727,463238537.3432786,471995554.7448311
2023-09-18 00:00:00+00:00,1125172.0,625728.0,419923634.42439765,1.320321096515,762075581.4816847,753947484.3840661
2023-09-19 00:00:00+00:00,1035954.0,491377.0,386415687.751435,1.341491282124,710377552.779763,722679373.0093273
2023-09-20 00:00:00+00:00,1062056.0,561350.0,414558854.2037332,1.337531751739,662903642.9225196,762922876.4686092
2023-09-21 00:00:00+00:00,1078476.0,427398.0,391843298.7563836,1.310046276386,606927318.6686344,645188064.0642239
2023-09-22 00:00:00+00:00,978848.0,433758.0,366288300.9225151,1.310529519075,666808026.5995288,553522217.267134
2023-09-23 00:00:00+00:00,1090192.0,639336.0,442953294.4241206,1.310250960634,389308169.9821582,432369884.70536935
2023-09-24 00:00:00+00:00,1061159.0,428059.0,414558854.2037332,1.296058458113,502083720.7653034,480783941.1851191
2023-09-25 00:00:00+00:00,1104115.0,294377.0,411719407.7284147,1.296187807462,809377067.556415,832663368.2515947
2023-09-26 00:00:00+00:00,1027673.0,305251.0,386164409.8945462,1.291644411828,716713168.7474055,633065623.7642415
2023-09-27 00:00:00+00:00,1072094.0,341149.0,445792740.8994391,1.298711354638,730663781.5798781,692067300.2823977
2023-09-28 00:00:00+00:00,1045920.0,376671.0,414558854.2037332,1.332826815107,887219903.0889817,859792774.4817817
2023-09-29 00:00:00+00:00,1050872.0,323661.0,417398296.5902521,1.326653306014,629263195.2840594,672850032.6847655
2023-09-30 00:00:00+00:00,1019753.0,280334.0,391843298.7563836,1.329742814001,636562308.7846076,633906251.2285973
2023-10-01 00:00:00+00:00,921731.0,320190.0,400361634.09353954,1.377331393995,615114009.4814659,519806608.0424025
2023-10-02 00:00:00+00:00,1027085.0,340200.0,445792740.8994391,1.35843524556,1237507240.3946235,1120093444.689736
2023-10-03 00:00:00+00:00,1077556.0,309334.0,466801496.99817747,1.351957092666,723259103.5535903,721873873.9885828
2023-10-04 00:00:00+00:00,904067.0,293693.0,373280258.5727724,1.369035570095,896808261.2610899,807800545.9462042
2023-10-05 00:00:00+00:00,946720.0,321037.0,401774937.148881,1.350981968888,761455476.8469597,780533994.3600444
2023-10-06 00:00:00+00:00,915218.0,293272.0,455914820.2886373,1.37581058469,735590490.5614884,853583420.3034046
2023-10-07 00:00:00+00:00,853582.0,242646.0,487258964.67074007,1.376921632645,570478571.5416805,598710257.4015411
2023-10-08 00:00:00+00:00,786381.0,243277.0,421721210.10054034,1.375035048808,638451368.8305748,635540720.6729802
2023-10-09 00:00:00+00:00,942188.0,280007.0,444516948.8581938,1.357643501831,754244212.5224401,737485630.778102
2023-10-10 00:00:00+00:00,903210.0,283755.0,461613756.003859,1.349224905545,785196807.8492708,811698441.5462734
2023-10-11 00:00:00+00:00,867301.0,265623.0,455914820.2886373,1.320267435058,956424372.673659,771668569.857064
2023-10-12 00:00:00+00:00,911879.0,272350.0,470162157.5250749,1.316151935393,869530257.5958058,765334449.685024
2023-10-13 00:00:00+00:00,917035.0,278419.0,393226531.5244317,1.321220609655,685257655.8359313,669430672.7236603
2023-10-14 00:00:00+00:00,806946.0,258882.0,416022274.3853186,1.321559699731,491745137.1555899,524512028.7923634
2023-10-15 00:00:00+00:00,795940.0,258142.0,475861093.2402966,1.334644980263,563249222.7597411,566580976.045695
2023-10-16 00:00:00+00:00,1018543.0,298000.0,417078811.4760414,1.401484702482,1179742559.5782075,1295112842.9913073
2023-10-17 00:00:00+00:00,917408.0,294069.0,491483968.44434166,1.397569787083,904928180.61231,1036308377.6420692
2023-10-18 00:00:00+00:00,932487.0,275052.0,439908488.33259135,1.392147247637,807385018.0289675,880859246.6183103
2023-10-19 00:00:00+00:00,918882.0,282274.0,424739231.01810473,1.410163206398,840640839.6475987,1020001690.1816227
2023-10-20 00:00:00+00:00,952627.0,293330.0,406536123.98821926,1.458847579295,1256620966.27068,1289044975.7316375
2023-10-21 00:00:00+00:00,871252.0,268430.0,455077750.01582444,1.469157536053,804332238.132493,724857062.3684404
2023-10-22 00:00:00+00:00,795000.0,247456.0,464179303.53076714,1.471860430263,653284654.9499042,650283805.3476466
2023-10-23 00:00:00+00:00,1071672.0,312741.0,476314711.12985504,1.613500605985,1536091387.416661,1465539021.7076192
2023-10-24 00:00:00+00:00,1021188.0,372695.0,382265308.79004353,1.654397557736,1999902871.738786,1808848633.7007751
2023-10-25 00:00:00+00:00,1090466.0,477890.0,436874638.61719257,1.681601781377,1302720057.3082342,1196245776.3238711
2023-10-26 00:00:00+00:00,1099370.0,429794.0,455077750.01582444,1.663662918099,1024594172.8768414,1052631980.9046465
2023-10-27 00:00:00+00:00,1052994.0,456280.0,467213153.24616593,1.648793504518,1255967815.7596738,1255101616.0802088
2023-10-28 00:00:00+00:00,1018571.0,564578.0,485416264.64479774,1.65738945553,818596440.2265388,846941925.8424554
2023-10-29 00:00:00+00:00,909920.0,403706.0,415637677.503162,1.679987904494,830057146.2355795,735057333.5704021
2023-10-30 00:00:00+00:00,1097494.0,461480.0,482896145.81756824,1.674700476949,1203417338.317165,1233969636.1894634
2023-10-31 00:00:00+00:00,1044499.0,437895.0,481286783.3729944,1.679986208289,1144210483.0209033,1180604565.2091975
2023-11-01 00:00:00+00:00,1053031.0,461955.0,462656325.7712219,1.715331297044,1319046258.536958,1437062573.7743638
2023-11-02 00:00:00+00:00,1062991.0,410238.0,447130946.6720661,1.687432786238,1594923565.5660942,1241546746.8440173
2023-11-03 00:00:00+00:00,990903.0,450384.0,422290336.5363693,1.677473281454,1090183285.4729223,1273708876.1064837
2023-11-04 00:00:00+00:00,1118816.0,704138.0,521652772.6078469,1.695198047921,787129727.246383,771638506.1329587
2023-11-05 00:00:00+00:00,1144443.0,666535.0,506127389.0373817,1.69531363252,888262389.0282677,852211983.265218
2023-11-06 00:00:00+00:00,993108.0,439013.0,394344652.3693652,1.690062847822,1092058087.785498,989278837.853318
2023-11-07 00:00:00+00:00,961106.0,449873.0,412975109.97113776,1.707693280842,1295985672.2701926,1144782780.188082
2023-11-08 00:00:00+00:00,1004807.0,585167.0,462656325.7712219,1.724477503,934256327.3134236,1204566487.068975
2023-11-09 00:00:00+00:00,989778.0,571031.0,444025872.64075875,1.762200964364,1248074501.5192785,1410810246.3163142
2023-11-10 00:00:00+00:00,1127201.0,526138.0,478181704.8703776,1.792853668717,2161343408.432581,1036713965.3471786
2023-11-11 00:00:00+00:00,1073475.0,628048.0,496812162.47215015,1.773581111946,919900379.728959,928722269.6050589
2023-11-12 00:00:00+00:00,1008655.0,706503.0,506634196.247056,1.776498366314,864661180.7548031,857721928.3466172
2023-11-13 00:00:00+00:00,963722.0,418873.0,389037995.74489516,1.751221714879,1015981428.8550377,1037730383.5316815
2023-11-14 00:00:00+00:00,957065.0,525384.0,443696223.8353265,1.705402061503,1290509663.3066409,1124236012.0750496
2023-11-15 00:00:00+00:00,961281.0,569166.0,475848126.7972334,1.810152914492,1462800534.7842221,1220534592.9476302
2023-11-16 00:00:00+00:00,933700.0,628280.0,475848126.7972334,1.729237075753,961436199.8577396,1002054101.1993964
2023-11-17 00:00:00+00:00,1014052.0,532945.0,482278507.3896148,1.747806543208,1080753817.8898292,1220373154.8898916
2023-11-18 00:00:00+00:00,860889.0,629610.0,479063314.77848727,1.74769689693,569458347.4584733,519066775.32681906
2023-11-19 00:00:00+00:00,962703.0,712264.0,546582308.683555,1.78814575059,807058205.8323103,787489706.747052
2023-11-20 00:00:00+00:00,1064908.0,630519.0,533721547.49879223,1.789732455017,1250968995.806306,1423822890.2646198
2023-11-21 00:00:00+00:00,1007505.0,530112.0,488708887.9819962,1.717720966087,1229734697.4664054,1477443501.0159936
2023-11-22 00:00:00+00:00,979014.0,536770.0,456556985.02008927,1.780655097435,1323543081.0454032,1764339572.1887314
2023-11-23 00:00:00+00:00,970303.0,586979.0,472632934.1861059,1.775570834214,1015838469.5111058,1237065978.5692768
2023-11-24 00:00:00+00:00,1136807.0,624489.0,540151928.0911736,1.793664605571,1464559055.5076709,1665663229.6772957
2023-11-25 00:00:00+00:00,1032695.0,612626.0,511704247.8625202,1.796938311512,969349618.3172592,988413449.5861254
2023-11-26 00:00:00+00:00,983533.0,578192.0,493217212.10255015,1.781247130023,946760633.8051177,1087415350.8611772
2023-11-27 00:00:00+00:00,981736.0,478456.0,439166011.3759895,1.768699884325,1341979428.4018285,1343847767.656067
2023-11-28 00:00:00+00:00,996007.0,447781.0,496595410.01969415,1.795694998493,1366652113.5638852,1748068798.9864452
2023-11-29 00:00:00+00:00,915309.0,358838.0,459435208.60806966,1.794443185541,1312521826.5440977,1257035323.1574667
2023-11-30 00:00:00+00:00,958958.0,410936.0,452678812.77378166,1.787790724759,1169231613.0235877,1206719727.8937314
2023-12-01 00:00:00+00:00,1131524.0,497410.0,570915812.8429431,1.831958430263,1688433504.907745,1676307806.4479094
2023-12-02 00:00:00+00:00,860355.0,435763.0,429031407.8953413,1.866562636124,1036753370.5028481,1121547221.963854
2023-12-03 00:00:00+00:00,919493.0,707186.0,557403011.4451509,1.88957149278,1059268602.5442419,1039412575.4031001
2023-12-04 00:00:00+00:00,1034656.0,567712.0,523621012.81527853,1.974157660867,2173935540.9119997,1857535963.302775
2023-12-05 00:00:00+00:00,867570.0,513549.0,466191609.30696577,2.070210110876,1911292616.2185252,2220499324.132079
2023-12-06 00:00:00+00:00,867353.0,469800.0,459435208.60806966,2.049004981703,2124090918.4785624,1496581576.545392
2023-12-07 00:00:00+00:00,898183.0,368965.0,388493008.56657284,2.024192806038,1787060445.5438747,1191454340.1748085
2023-12-08 00:00:00+00:00,924415.0,411806.0,456057010.69092566,2.063554127808,1665539257.471087,1578833481.4947476
2023-12-09 00:00:00+00:00,927620.0,593873.0,530377413.51417464,2.040603828859,1349612194.2792127,1148295558.6444767
2023-12-10 00:00:00+00:00,848613.0,528723.0,469156589.98176646,2.039126541822,1029608553.6401014,909170069.2175086
2023-12-11 00:00:00+00:00,1010741.0,528218.0,528635574.132489,1.920421604102,2070633763.340743,1782471843.645783
2023-12-12 00:00:00+00:00,886419.0,547067.0,481794448.28640914,1.928403638971,1708734091.5434387,1436442869.7133465
2023-12-13 00:00:00+00:00,742559.0,586126.0,498523421.11458844,1.994507456072,1568277199.8691022,1591525220.1515603
2023-12-14 00:00:00+00:00,711343.0,569840.0,488486038.38126975,1.997076014934,1169420076.108415,1298936175.9026275
2023-12-15 00:00:00+00:00,860116.0,632050.0,545364546.9606683,1.945584187067,1282672201.7188807,1171122045.118133
2023-12-16 00:00:00+00:00,724669.0,636141.0,508560808.6658516,1.954587603816,673331751.3727481,936515600.1532843
2023-12-17 00:00:00+00:00,703993.0,621213.0,501869218.570991,1.918432937883,693650633.6859949,484274245.07006085
2023-12-18 00:00:00+00:00,928612.0,641771.0,562093524.6067921,1.970997560336,1353357458.097721,1339201497.4595757
2023-12-19 00:00:00+00:00,817240.0,662370.0,542018754.3222103,1.952266717846,1480190046.9948215,1080547446.9845483
2023-12-20 00:00:00+00:00,787679.0,580281.0,485140240.9248672,2.010355157868,1414877577.4419372,1629166356.59503
2023-12-21 00:00:00+00:00,815395.0,589222.0,488486038.38126975,2.02055347695,1111393268.3316753,1324467032.2639287
2023-12-22 00:00:00+00:00,1012121.0,623750.0,562093524.6067921,2.024349186253,1630880406.2219064,1545169831.391428
2023-12-23 00:00:00+00:00,893092.0,609387.0,561495983.9886068,2.012046953684,847220870.6710505,967891362.678605
2023-12-24 00:00:00+00:00,880971.0,724746.0,612085087.5512701,1.978993772604,828135946.2239043,1344927250.5481386
2023-12-25 00:00:00+00:00,702609.0,531891.0,497542850.09060687,2.002168071468,1426212484.3650227,1063564765.0126916
2023-12-26 00:00:00+00:00,742922.0,556724.0,497542850.09060687,1.947666354666,983944630.0640022,1112351722.3719115
2023-12-27 00:00:00+00:00,776011.0,541778.0,461748397.66264915,1.98454282113,1673546761.049567,2574714194.308249
2023-12-28 00:00:00+00:00,848615.0,417387.0,433112840.87468374,1.948191066046,998550415.8094116,1058368582.7276194
2023-12-29 00:00:00+00:00,910761.0,579710.0,540496187.8497554,1.915289168243,1131225908.2755396,1256911684.769997
2023-12-30 00:00:00+00:00,787521.0,540497.0,519019516.3929808,1.923525954915,1485601092.9604497,819745128.2130092
2023-12-31 00:00:00+00:00,791644.0,724837.0,558393411.4865339,1.923147103068,1223608650.877507,1375287697.2165587
2024-01-01 00:00:00+00:00,827239.0,655722.0,554813968.8209385,2.005011405976,1227117607.5535545,1183945166.8566902
2024-01-02 00:00:00+00:00,867688.0,364237.0,468907288.1482407,2.041843744783,1890899524.8254497,1917102688.0903623
2024-01-03 00:00:00+00:00,940343.0,502203.0,565552301.9721254,1.941607815328,1705417846.520628,1467087227.4667275
2024-01-04 00:00:00+00:00,1010934.0,482718.0,608505644.8856747,1.991280476371,1701915064.644337,1672271191.4491324
2024-01-05 00:00:00+00:00,813324.0,416347.0,493963402.27061075,1.983754393826,1591981467.3902068,1662020173.0669396
2024-01-06 00:00:00+00:00,808917.0,389306.0,509355148.2310429,1.972626827535,2004576998.475832,2037092727.4894273
2024-01-07 00:00:00+00:00,713381.0,348435.0,429363545.32436717,1.968589392178,1684583334.0296133,1869984594.521839
2024-01-08 00:00:00+00:00,756849.0,409400.0,447556920.0629499,2.105199604079,1899254985.454641,1458227208.447706
2024-01-09 00:00:00+00:00,902934.0,470829.0,553078470.4920907,2.061111820714,2593465056.82355,1979348359.6635795
2024-01-10 00:00:00+00:00,839431.0,384427.0,483943659.060734,2.090437479903,2495000942.5668306,1854162672.191275
2024-01-11 00:00:00+00:00,960999.0,450822.0,629490625.5312515,2.06755309096,2933300964.835904,2670425097.8799167
2024-01-12 00:00:00+00:00,987727.0,367870.0,611297256.0323596,1.910157143573,2733096279.3449707,2549154713.349504
2024-01-13 00:00:00+00:00,845713.0,667027.0,578549188.8384776,1.911017344621,1197597226.6963544,1289803754.6460843
2024-01-14 00:00:00+00:00,722721.0,591106.0,465750289.56184196,1.868072683047,798803084.9976469,833594857.1669163
2024-01-15 00:00:00+00:00,786699.0,401054.0,414808852.869068,1.895817002527,1389901711.0828886,1232445436.380202
2024-01-16 00:00:00+00:00,782242.0,469892.0,454834268.91044486,1.915131498731,1962032804.8405578,2056759156.6447482
2024-01-17 00:00:00+00:00,809220.0,455050.0,440279571.215455,1.892920670298,1884967397.6393185,1652862686.0272532
2024-01-18 00:00:00+00:00,897358.0,480795.0,516691726.2546159,1.826405496575,1951278505.556604,1802650288.8088405
2024-01-19 00:00:00+00:00,806018.0,461325.0,480304987.2568318,1.840326498572,1839886698.1079998,1844198034.210634
2024-01-20 00:00:00+00:00,817313.0,565601.0,512668948.5237081,1.842828285649,1019863218.8162655,964693894.7328657
2024-01-21 00:00:00+00:00,767739.0,593968.0,489551346.64456606,1.836787376079,807551678.7332922,863900615.9104898
2024-01-22 00:00:00+00:00,951076.0,451204.0,559487254.0274162,1.750703117876,1786349645.7387657,1720087330.730239
2024-01-23 00:00:00+00:00,865990.0,368563.0,538506480.3019457,1.75685238167,2102611914.0076509,1942301985.0196135
2024-01-24 00:00:00+00:00,899326.0,368789.0,524519302.8536838,1.769398537471,1994447815.1774707,1807879403.9625452
2024-01-25 00:00:00+00:00,1101397.0,347123.0,632919954.5134856,1.759912897525,1843311870.9688165,1806984196.2313018
2024-01-26 00:00:00+00:00,892906.0,496525.0,531512894.0955074,1.843658004535,2328443055.1348696,2065393228.1520362
2024-01-27 00:00:00+00:00,965883.0,603739.0,597952003.3397532,1.854538165179,1045821314.2489444,1104974926.7536182
2024-01-28 00:00:00+00:00,898096.0,629248.0,559487254.0274162,1.847823938144,1041216756.3608484,991292347.2308283
2024-01-29 00:00:00+00:00,959589.0,580828.0,545500071.5437692,1.900281404617,1880044940.484966,1828611745.8196836
2024-01-30 00:00:00+00:00,907924.0,524001.0,503538529.12821317,1.884454643724,1761389913.686639,2341083233.471433
2024-01-31 00:00:00+00:00,870798.0,437107.0,458080188.57405275,1.865776569305,1583109079.106859,1688400108.6640368
2024-02-01 00:00:00+00:00,933880.0,410372.0,535009687.19872653,1.883692689819,1675161005.6417925,1631239360.4316335
2024-02-02 00:00:00+00:00,932903.0,432087.0,677399664.675745,1.888479126867,1613792964.9007518,1758958999.4861329
2024-02-03 00:00:00+00:00,820828.0,515129.0,566738184.0279739,1.880647419447,945725694.2896564,981631287.1069247
2024-02-04 00:00:00+00:00,802004.0,331515.0,581751117.2721473,1.862423695961,929759094.4410266,871324411.2037902
2024-02-05 00:00:00+00:00,852467.0,281772.0,585504347.880863,1.863325630825,1472178234.3647535,1397713260.3935628
2024-02-06 00:00:00+00:00,865722.0,280196.0,638049614.2354698,1.881777313878,1472778612.1370645,1423921292.288078
2024-02-07 00:00:00+00:00,901234.0,425025.0,600517281.1250362,1.929905898886,1528508512.1663668,1715401796.4878573
2024-02-08 00:00:00+00:00,818130.0,287438.0,517946153.68673813,1.974244701407,2151098367.4578843,2184530888.576196
2024-02-09 00:00:00+00:00,950564.0,330447.0,623036680.9912964,2.050894304805,2249257023.978393,2342726944.891643
2024-02-10 00:00:00+00:00,963958.0,406003.0,570491420.041345,2.075743628106,1349019861.2807877,1410952568.5188653
2024-02-11 00:00:00+00:00,840255.0,323411.0,514192923.07802254,2.091679256465,1384232668.485064,1154368507.0243793
2024-02-12 00:00:00+00:00,1013562.0,413637.0,671828711.3325322,2.163451148703,2731821813.467718,2546859385.5719604
2024-02-13 00:00:00+00:00,843469.0,305214.0,506686456.45593584,2.144571750971,1979246718.4385,2258211544.7039533
2024-02-14 00:00:00+00:00,803805.0,298455.0,521699389.70010924,2.227481564237,3022967029.2706876,3115952125.381176
2024-02-15 00:00:00+00:00,892019.0,309299.0,606890743.6292629,2.227672856945,2617657029.837225,2625592766.145821
2024-02-16 00:00:00+00:00,836256.0,306995.0,544386619.0220116,2.233361065632,2095213881.7781124,2315336097.4890013
2024-02-17 00:00:00+00:00,850883.0,330435.0,609388005.4074552,2.211108586549,1469552315.5668006,1481321946.5993094
2024-02-18 00:00:00+00:00,748090.0,346126.0,491572990.75567466,2.229209056718,1291316298.097519,1202690029.6582887
2024-02-19 00:00:00+00:00,867774.0,366190.0,552511787.2013328,2.207720044105,2203952020.23664,2432026229.667456
2024-02-20 00:00:00+00:00,866223.0,396745.0,572824725.2000104,2.226411177484,2421557169.5496936,2449858133.3468533
2024-02-21 00:00:00+00:00,821320.0,369350.0,560636961.2307789,2.199223255693,2195357009.9967184,1981340188.3445635
2024-02-22 00:00:00+00:00,855859.0,366922.0,548449203.1116722,2.176256754311,1876163553.2270648,1891320859.8487487
2024-02-23 00:00:00+00:00,938307.0,403218.0,645951285.6149,2.151044247173,2117111623.7840047,2254369427.7608
2024-02-24 00:00:00+00:00,819174.0,342157.0,556574377.1411183,2.182874558495,1550271958.1824288,1539725907.8876925
2024-02-25 00:00:00+00:00,894568.0,421219.0,666264217.7634526,2.188723304731,1702745681.34758,1625977276.6158938
2024-02-26 00:00:00+00:00,887140.0,355313.0,540324029.0822262,2.30035580813,2360753245.1665998,2750845770.73008
2024-02-27 00:00:00+00:00,917983.0,388230.0,524073681.0233341,2.39296751458,3463449102.9944396,3262049208.3761983
2024-02-28 00:00:00+00:00,1054242.0,415406.0,605325415.4676697,2.578804516452,4746077066.269508,4254164940.4273133
2024-02-29 00:00:00+00:00,989364.0,407609.0,540324029.0822262,2.523625575021,4206529408.085778,3808097723.4267364
2024-03-01 00:00:00+00:00,1058499.0,415081.0,607463923.1349978,2.552193764104,4465167472.556433,4807072125.542824
2024-03-02 00:00:00+00:00,843207.0,342086.0,500960507.5972892,2.530515094253,1966417632.8346493,1854800390.6700363
2024-03-03 00:00:00+00:00,868123.0,385135.0,611408497.2364956,2.564912446775,1951721516.9566748,1905360862.6617093
2024-03-04 00:00:00+00:00,889591.0,358771.0,508849650.1201027,2.751198902437,3846887096.3529067,3606486935.818295
2024-03-05 00:00:00+00:00,1163884.0,424703.0,658743346.6931944,2.565781926711,4777421163.221901,3998578340.993618
2024-03-06 00:00:00+00:00,922558.0,381467.0,552239931.1554857,2.612226371577,3556385353.55036,3819242759.981991
2024-03-07 00:00:00+00:00,1034779.0,437969.0,710022770.2513908,2.630694305772,4057745117.571206,3531725381.7692366
2024-03-08 00:00:00+00:00,947450.0,424558.0,607463923.1349978,2.663773784415,3737469322.752178,3979849116.2499886
2024-03-09 00:00:00+00:00,915625.0,362520.0,642965061.6475674,2.664446669894,2305562077.7113686,2408277592.3587537
2024-03-10 00:00:00+00:00,862638.0,363011.0,564073647.779797,2.673324643842,2485538143.670051,2216652557.617603
2024-03-11 00:00:00+00:00,1150718.0,393001.0,670577063.3175056,2.776042557045,4469812870.294325,3791024857.0725484
2024-03-12 00:00:00+00:00,1016389.0,344882.0,556184505.2569835,2.732831670246,3679496053.235701,3437583463.690185
2024-03-13 00:00:00+00:00,1093495.0,387845.0,631131350.7034383,2.746836537171,4112967302.1094894,4276056565.101808
2024-03-14 00:00:00+00:00,1000634.0,330080.0,580862770.2919041,2.676637138189,3989505152.562396,4870642560.154161
2024-03-15 00:00:00+00:00,963220.0,311078.0,529980319.0136912,2.593181988006,3916583608.4235864,4080432214.9904113
2024-03-16 00:00:00+00:00,916345.0,355299.0,600922569.4689919,2.443363523614,2341855563.8595357,1934641991.5758846
2024-03-17 00:00:00+00:00,861558.0,365645.0,609268716.934864,2.541969044316,2667984238.1775284,3439181858.656071
2024-03-18 00:00:00+00:00,910571.0,417117.0,600922569.4689919,2.51875351754,2672674221.9451065,2629366489.224054
2024-03-19 00:00:00+00:00,974102.0,459004.0,655172524.9925482,2.30649799611,3945073948.9730964,3426727587.1967936
2024-03-20 00:00:00+00:00,942142.0,360623.0,621787935.1290596,2.517432122856,3215565516.908793,3063992677.7077274
2024-03-21 00:00:00+00:00,819742.0,328692.0,500768805.88775134,2.425056482588,2790530532.8322983,2813264496.386464
2024-03-22 00:00:00+00:00,915500.0,347556.0,563364908.8771799,2.347242779085,3020199908.089507,3681964376.4389815
2024-03-23 00:00:00+00:00,908728.0,315648.0,650999448.2549993,2.355130916016,1514580070.3782728,1592475173.4809585
2024-03-24 00:00:00+00:00,918817.0,331993.0,709422480.5161046,2.459089042138,1598990315.5956433,1638676663.5139794
2024-03-25 00:00:00+00:00,918815.0,320633.0,550845690.6829845,2.531973278125,3063859478.4897475,3293291563.0712357
2024-03-26 00:00:00+00:00,851577.0,313314.0,559191838.1488566,2.529858023857,3514402747.965475,3552773140.9695425
2024-03-27 00:00:00+00:00,865580.0,358499.0,567537979.6055032,2.497305617703,3611972512.1035976,3418043620.417628
2024-03-28 00:00:00+00:00,942681.0,433584.0,630471212.2216165,2.542320039061,3642064988.6472764,4705673248.621351
2024-03-29 00:00:00+00:00,847610.0,451776.0,595046224.9834744,2.50681430136,2288944431.2154436,2165151564.9486904
2024-03-30 00:00:00+00:00,826192.0,486300.0,640501145.6086524,2.495980095994,1353951300.0815494,1234268057.0880327
2024-03-31 00:00:00+00:00,691124.0,315001.0,566120367.485718,2.54947270434,1340451596.35353,1915264160.67625
2024-04-01 00:00:00+00:00,970510.0,330165.0,619839819.6746066,2.483865174687,2759134382.0567975,3359631030.570075
2024-04-02 00:00:00+00:00,953501.0,358331.0,611575288.1108959,2.325824861038,2706971439.9907913,2608029810.688274
2024-04-03 00:00:00+00:00,965290.0,369696.0,586781693.4197637,2.343574739079,2184556871.536304,2354116476.3431454
2024-04-04 00:00:00+00:00,978380.0,324609.0,570252630.2923423,2.422340254314,2418882571.8528104,2856777426.597815
2024-04-05 00:00:00+00:00,950040.0,346357.0,611575288.1108959,2.401839662162,2826734902.1454587,2546738749.6051345
2024-04-06 00:00:00+00:00,907389.0,433426.0,640501145.6086524,2.442327543695,1613784219.0825415,1627452433.1878116
2024-04-07 00:00:00+00:00,833045.0,526443.0,702485129.3612516,2.449775072637,1584094055.8163147,1437655451.071374
2024-04-08 00:00:00+00:00,896193.0,454644.0,652897939.9789873,2.52594267686,2526723898.6834836,2519361698.040128
2024-04-09 00:00:00+00:00,890535.0,450513.0,603310756.5471852,2.431151797828,2473900799.951197,2197368728.1985617
2024-04-10 00:00:00+00:00,846297.0,538372.0,627214744.5940204,2.480887886464,2066631184.6258297,2311934192.324846
2024-04-11 00:00:00+00:00,748021.0,479937.0,566860611.5965838,2.459930871341,1249769527.4946682,1376463065.8105
2024-04-12 00:00:00+00:00,832502.0,441977.0,584038201.0151991,2.355699837214,2288629783.564408,2029785361.7084792
2024-04-13 00:00:00+00:00,869723.0,510750.0,704281364.0491091,2.266724603585,1319723853.1226263,1371000124.5657976
2024-04-14 00:00:00+00:00,839158.0,468144.0,674220574.8366151,2.303797513539,1174116122.709088,1044493607.2119559
2024-04-15 00:00:00+00:00,813736.0,503794.0,605510198.6103525,2.224653591762,1312446632.4801137,1297569499.6195338
2024-04-16 00:00:00+00:00,941086.0,453968.0,708575759.8577794,2.235583060627,1990406866.6966221,2359806021.291552
2024-04-17 00:00:00+00:00,794595.0,385424.0,588332603.0078033,2.150115532828,1551388033.2522345,1430882093.2468734
2024-04-18 00:00:00+00:00,823945.0,416810.0,622687788.0289676,2.223657090198,2576449355.591794,1658720633.437927
2024-04-19 00:00:00+00:00,880733.0,398632.0,648454181.4327914,2.229521797353,1782511972.536152,1645007187.882028
2024-04-20 00:00:00+00:00,509709.0,630654.0,558271813.7953093,2.268874228093,403171051.8136952,437728864.1895912
2024-04-21 00:00:00+00:00,565959.0,644793.0,601215796.6177483,2.270178573833,519503172.7630669,396862194.8397795
2024-04-22 00:00:00+00:00,659537.0,673406.0,652748583.4253956,2.336371416788,924482039.6843057,1148634602.6555724
2024-04-23 00:00:00+00:00,547174.0,928131.0,721458959.6516582,2.315430605828,1213560025.5623422,964037169.1154251
2024-04-24 00:00:00+00:00,835569.0,600768.0,672198686.5397469,2.229186378145,1518760586.321203,911747611.3350198
2024-04-25 00:00:00+00:00,818807.0,525222.0,626294685.533232,2.239412644798,971073295.9484218,1082706985.5828738
2024-04-26 00:00:00+00:00,847289.0,440854.0,582497851.0693291,2.213395882136,1021503592.8068514,1189589647.7395566
2024-04-27 00:00:00+00:00,856864.0,459297.0,613155632.0406893,2.200293292653,935435041.109089,905166913.8649529
2024-04-28 00:00:00+00:00,707117.0,480244.0,613155632.0406893,2.182739504636,1198257772.090673,943059356.2999291
2024-04-29 00:00:00+00:00,856192.0,400991.0,573738484.1765486,2.213049963714,1560046741.252434,1248822220.2858489
2024-04-30 00:00:00+00:00,827915.0,501881.0,617535318.6404514,2.099491659604,1962031953.0122588,1496753316.2490275
2024-05-01 00:00:00+00:00,781183.0,477225.0,578118170.7763108,2.01516295818,1903324679.9462922,1720289631.567253
2024-05-02 00:00:00+00:00,744998.0,563418.0,635054046.1192689,2.050901531028,1723018460.224813,1641154801.6628354
2024-05-03 00:00:00+00:00,731936.0,437975.0,564979117.283768,2.180678249434,1342142323.4595866,1342363934.7101614
2024-05-04 00:00:00+00:00,613171.0,668343.0,617535318.6404514,2.210725676775,901310365.1310493,976432109.0717331
2024-05-05 00:00:00+00:00,573428.0,626139.0,608775951.7476709,2.216655067084,803501972.4915265,621590947.5729357
2024-05-06 00:00:00+00:00,670316.0,507965.0,534321336.312408,2.186202853853,1162586956.2241044,1439602349.9281583
2024-05-07 00:00:00+00:00,702887.0,373579.0,534321336.312408,2.157205469069,1141879942.5190902,1155625292.350686
2024-05-08 00:00:00+00:00,697417.0,453934.0,556219750.3909875,2.110540935051,1194057040.5187128,1001095195.5848074
2024-05-09 00:00:00+00:00,671205.0,521126.0,612635655.6510732,2.175223560734,1231408001.6442835,1456406704.460676
2024-05-10 00:00:00+00:00,606931.0,720578.0,599332434.9336824,2.102988744981,1406340783.0413165,1276439412.074325
2024-05-11 00:00:00+00:00,612137.0,712455.0,657199019.7430513,2.100448702876,823935974.9827567,833367102.1489147
2024-05-12 00:00:00+00:00,573640.0,562310.0,545599186.5386837,2.119745795365,949364746.0793374,892490624.7070361
2024-05-13 00:00:00+00:00,746125.0,541770.0,607599089.9064494,2.168233271084,1737240311.2677543,1647669577.409376
2024-05-14 00:00:00+00:00,686207.0,422749.0,562132490.5322264,2.121406641577,1196614132.9689434,1236439395.4529204
2024-05-15 00:00:00+00:00,714393.0,499145.0,582799130.9401395,2.275705533512,2106315297.0048697,2686157449.0581408
2024-05-16 00:00:00+00:00,689540.0,481822.0,586932455.4505274,2.238813737175,1667589808.8717525,1700906544.5239358
2024-05-17 00:00:00+00:00,743911.0,564502.0,640665709.7975173,2.293532882786,1376981909.4382381,1594151812.3313427
2024-05-18 00:00:00+00:00,650957.0,399736.0,529065876.59314966,2.293351817746,882936075.3083751,979132969.6580758
2024-05-19 00:00:00+00:00,637953.0,641786.0,636532379.3351383,2.267741433359,912362423.903572,906560902.6932888
2024-05-20 00:00:00+00:00,706063.0,632582.0,644799034.3079053,2.430732575262,1776781673.4224308,1860925786.8914912
2024-05-21 00:00:00+00:00,746087.0,544407.0,570399145.5049934,2.392177115696,3466293633.895886,2686835583.5814877
2024-05-22 00:00:00+00:00,709347.0,587003.0,632399054.8247503,2.350508549105,2178362677.0550346,2049304228.437726
2024-05-23 00:00:00+00:00,728396.0,736406.0,706501036.6485612,2.30342600975,1878250694.3870876,1811461654.2685177
2024-05-24 00:00:00+00:00,663534.0,739561.0,671140034.0912752,2.329942400919,2150793315.268641,1786788347.4602065
2024-05-25 00:00:00+00:00,591356.0,844733.0,671140034.0912752,2.351755247843,798539354.2425708,728761204.9512857
2024-05-26 00:00:00+00:00,538911.0,852881.0,704697038.5139561,2.321857258415,812786788.8717285,775617272.8240478
2024-05-27 00:00:00+00:00,612909.0,549315.0,515938903.7370268,2.349289009693,1150320178.7366307,1018749258.1174184
2024-05-28 00:00:00+00:00,653177.0,594169.0,562079781.798083,2.276025405912,1225594624.778178,1409109652.9887187
2024-05-29 00:00:00+00:00,559784.0,721240.0,574663655.4364581,2.249666771523,1483119361.0905282,1296322725.7072432
2024-05-30 00:00:00+00:00,649063.0,510008.0,515938903.7370268,2.274593932765,1153299220.537832,1807393307.5852115
2024-05-31 00:00:00+00:00,656289.0,713689.0,620804533.4975141,2.240434640049,2185276287.276727,1647956960.0518856
2024-06-01 00:00:00+00:00,570980.0,737521.0,591442157.6477985,2.250811711614,846635803.7741137,816669790.9088746
2024-06-02 00:00:00+00:00,536181.0,729457.0,587247529.0748333,2.252890611825,770755279.3916632,718881836.722855
2024-06-03 00:00:00+00:00,689745.0,758731.0,658556160.4529,2.282844084426,1740897371.7014961,1974636294.0261083
2024-06-04 00:00:00+00:00,637180.0,636795.0,562079781.798083,2.336035028633,1380800432.2407796,1575163485.9215999
2024-06-05 00:00:00+00:00,592424.0,562197.0,515938903.7370268,2.350051564625,2470575998.208576,1835412387.2375233
2024-06-06 00:00:00+00:00,624088.0,602842.0,554745618.7245225,2.333807126267,1492055990.3123357,1588110319.0874434
2024-06-07 00:00:00+00:00,583336.0,250713.0,590944002.2950455,2.283767499815,1103744306.426826,1394177804.2530358
2024-06-08 00:00:00+00:00,772154.0,529506.0,715791324.8666921,2.281753656488,1106394537.6345448,639347898.5477585
2024-06-09 00:00:00+00:00,609844.0,761292.0,636721355.3029393,2.291783692164,577924506.9887055,582133234.3489246
2024-06-10 00:00:00+00:00,684041.0,661124.0,578459271.8356823,2.284430208974,1095055941.27558,1005641340.4504477
2024-06-11 00:00:00+00:00,684207.0,469892.0,511874032.7312927,2.210797104332,2452996577.571833,2746327135.783263
2024-06-12 00:00:00+00:00,677849.0,690905.0,607590313.5693108,2.236528862009,1795135917.6513035,1886044299.4364297
2024-06-13 00:00:00+00:00,613255.0,729876.0,603428732.7544087,2.189193919128,1428930010.4125683,1713946447.230935
2024-06-14 00:00:00+00:00,606488.0,599059.0,532681918.82778853,2.162288948988,1651008988.0202909,1346630159.5367327
2024-06-15 00:00:00+00:00,635369.0,447381.0,557651385.7391865,2.168574282271,745017406.3454175,609564757.792241
2024-06-16 00:00:00+00:00,735939.0,452652.0,678337127.495931,2.181700780897,720536352.1469629,804422193.92424
2024-06-17 00:00:00+00:00,724644.0,465013.0,582620846.6579129,2.17600767278,1356525960.1657567,1176485747.8805323
2024-06-18 00:00:00+00:00,733498.0,605888.0,632559780.4807087,2.131170120016,1637969218.0694506,1655451460.389721
2024-06-19 00:00:00+00:00,622245.0,635236.0,570136116.1985496,2.122527340691,1302821350.9952133,1726426899.4376197
2024-06-20 00:00:00+00:00,661281.0,528366.0,553312848.2609435,2.122824344632,1463883815.3837893,1428778347.381724
2024-06-21 00:00:00+00:00,719280.0,592761.0,582332777.6713909,2.094841851078,1372409499.4582953,1258761963.9217005
2024-06-22 00:00:00+00:00,639305.0,681231.0,632247019.8647388,2.094393635978,681374013.6899844,677676027.3666003
2024-06-23 00:00:00+00:00,511478.0,497676.0,465866224.5329962,2.064629768046,589859035.2840358,568390749.8083589
2024-06-24 00:00:00+00:00,756391.0,525488.0,632247019.8647388,1.965852605759,1992677156.7472737,1601739976.043632
2024-06-25 00:00:00+00:00,631668.0,550745.0,515780460.73663557,2.013824808421,1395623414.9976034,1770498523.3849697
2024-06-26 00:00:00+00:00,659381.0,465408.0,503301903.18315285,1.983142815892,1812882988.4242938,1445926373.6518712
2024-06-27 00:00:00+00:00,741302.0,427935.0,540737581.8333095,2.00449611147,2071532854.0984912,1385001133.0384617
2024-06-28 00:00:00+00:00,752964.0,595003.0,561535179.7523502,1.963323618484,2074047896.6727781,1638323936.0149143
2024-06-29 00:00:00+00:00,720705.0,703622.0,653044617.7837796,1.982090071071,770557911.8047997,609965378.0784667
2024-06-30 00:00:00+00:00,653363.0,518698.0,503301903.18315285,2.04224535277,681355973.4502558,654767314.1904294
2024-07-01 00:00:00+00:00,907181.0,596143.0,586492300.8490242,2.04314593286,1445202126.7511728,1385271053.8540971
2024-07-02 00:00:00+00:00,750376.0,608523.0,615608939.1336229,2.017079157971,1244546333.4703293,1301861999.2332711
2024-07-03 00:00:00+00:00,769767.0,536681.0,603130375.5904316,1.956495892684,1248962020.7077086,1144150203.591415
2024-07-04 00:00:00+00:00,715636.0,535655.0,582332777.6713909,1.867131113244,1847448986.8384454,1590593685.7016485
2024-07-05 00:00:00+00:00,694964.0,493163.0,480652547.1920645,1.84216706331,2069835003.6838188,2038911185.104989
2024-07-06 00:00:00+00:00,720587.0,656568.0,652035051.0748852,1.891715119434,920316147.276125,930541875.9600328
2024-07-07 00:00:00+00:00,594423.0,684693.0,557193592.6181126,1.82212870475,724373378.7429619,598703498.488702
2024-07-08 00:00:00+00:00,798942.0,586774.0,628324689.305936,1.84231499501,1785947160.0933633,1490439240.3545022
2024-07-09 00:00:00+00:00,762581.0,644607.0,608566046.9111612,1.882826099963,1411481679.6161659,1286803496.419166
2024-07-10 00:00:00+00:00,646708.0,632748.0,537434950.2233378,1.873671456415,1520846818.3197594,1495678324.4259603
2024-07-11 00:00:00+00:00,646553.0,646591.0,553241861.8629625,1.860391707754,1594774346.970319,1293091663.3444712
2024-07-12 00:00:00+00:00,708446.0,659272.0,592759140.9620242,1.877696697499,1376965799.0720253,1333579784.8110783
2024-07-13 00:00:00+00:00,601071.0,733907.0,608566046.9111612,1.924461076714,768903653.3377378,558286593.124414
2024-07-14 00:00:00+00:00,751254.0,588547.0,659938506.8946977,1.978252221421,701660062.6671671,667084111.2857225
2024-07-15 00:00:00+00:00,787506.0,544485.0,604614321.846499,2.094337235781,1821126943.0839841,1819569968.297671
2024-07-16 00:00:00+00:00,746639.0,536502.0,580903954.3870618,2.10249498714,4483357772.879777,1624032510.4163015
2024-07-17 00:00:00+00:00,729938.0,617766.0,628324689.305936,2.0722141993,1266485283.7470565,1290034182.1161647
2024-07-18 00:00:00+00:00,764574.0,435804.0,515736551.86932254,2.063284607936,1284657404.924638,1495801449.4981418
2024-07-19 00:00:00+00:00,755308.0,507835.0,599556359.5658232,2.146794861585,1507278228.589759,1661648110.295352
2024-07-20 00:00:00+00:00,673407.0,696460.0,672971424.2421774,2.159544550027,720603199.6212134,651729544.5918896
2024-07-21 00:00:00+00:00,607493.0,858284.0,689285884.3643016,2.186185421436,556819477.8265411,549075787.8762212
2024-07-22 00:00:00+00:00,749350.0,827992.0,730072034.6696123,2.167482354881,1411099756.4995692,1372245031.8311539
2024-07-23 00:00:00+00:00,671794.0,827733.0,689285884.3643016,2.109594621683,2662882109.536461,2819498234.462891
2024-07-24 00:00:00+00:00,681137.0,601149.0,571006057.2887083,2.091076478928,1416567717.5837755,1433063570.6379902
2024-07-25 00:00:00+00:00,713877.0,708129.0,664814194.1811152,2.101052278672,2037767565.9586785,1880149960.9275708
2024-07-26 00:00:00+00:00,715636.0,458448.0,652578352.0261246,2.167988897972,1796897693.5433893,1753075644.2607498
2024-07-27 00:00:00+00:00,694649.0,454253.0,628106661.8429382,2.17149524018,1176971685.1918018,937924851.2702569
2024-07-28 00:00:00+00:00,578686.0,756828.0,603634977.532957,2.173689504641,625536917.8308582,544819733.1102479
2024-07-29 00:00:00+00:00,794379.0,821955.0,725993416.7024786,2.130351323441,1699163665.237516,2189196628.661977
2024-07-30 00:00:00+00:00,673555.0,670957.0,611792207.594019,2.10753663783,1395513781.3820727,1508966559.6349134
2024-07-31 00:00:00+00:00,740485.0,578053.0,615358184.0246311,2.060104597961,1068832367.0369031,1127937425.702377
2024-08-01 00:00:00+00:00,772675.0,532152.0,630987878.5179507,2.073446664875,1772064344.785116,1974599378.2150617
2024-08-02 00:00:00+00:00,764749.0,410307.0,563382038.5632738,1.958129492294,1609124782.124256,1434037131.3070335
2024-08-03 00:00:00+00:00,692352.0,502369.0,608452598.5330584,1.931910948089,819374127.0078132,820187581.8608537
2024-08-04 00:00:00+00:00,668340.0,526479.0,644509051.7010149,1.85658107668,960875436.0404006,1012158303.0432404
2024-08-05 00:00:00+00:00,817104.0,550851.0,703100778.3637027,1.734614783702,3302147443.3517966,2981413699.566413
2024-08-06 00:00:00+00:00,729981.0,483465.0,630987878.5179507,1.790105908673,1835139876.184326,1700362692.7646308
2024-08-07 00:00:00+00:00,714826.0,381999.0,549860865.3802096,1.76102665944,1900565858.811551,2166405093.1403165
2024-08-08 00:00:00+00:00,722252.0,485878.0,581410258.657091,1.974027468759,1663504287.9860635,1565599468.6838799
2024-08-09 00:00:00+00:00,705635.0,394215.0,585917318.5481662,1.934847151042,1875285468.5845568,1605337199.1274242
2024-08-10 00:00:00+00:00,594175.0,556497.0,581410258.657091,1.937094140148,609344020.4536033,643640928.6414695
2024-08-11 00:00:00+00:00,630696.0,641944.0,725636064.8387561,1.872742222889,700608460.7277349,895259208.7713805
2024-08-12 00:00:00+00:00,714520.0,442326.0,617466711.8250475,1.890144044639,1627579640.9913752,1533428307.3061078
2024-08-13 00:00:00+00:00,706882.0,582647.0,671551385.0868212,1.926417221684,1749913446.8373375,1122569939.1509378
2024-08-14 00:00:00+00:00,662757.0,510189.0,593799520.5910221,1.87350048326,1214627953.928693,1271035735.6298609
2024-08-15 00:00:00+00:00,715632.0,658114.0,690944705.1107434,1.835793831991,1134232526.8916378,1294078200.5718215
2024-08-16 00:00:00+00:00,700335.0,581170.0,613213425.7080535,1.876508258409,1251106966.2633202,1673587893.9173145
2024-08-17 00:00:00+00:00,612305.0,706066.0,643442255.8959327,1.891903199321,624392577.9150083,473908974.8843285
2024-08-18 00:00:00+00:00,588717.0,758170.0,673671086.0838118,1.871999609436,654868695.1190965,516564028.4273368
2024-08-19 00:00:00+00:00,687027.0,560243.0,561392574.8457611,1.891279440638,1394100102.7190375,1151381812.2961392
2024-08-20 00:00:00+00:00,696903.0,715687.0,647760663.7619168,1.882426600371,1277468638.3481371,1191039989.6153145
2024-08-21 00:00:00+00:00,711700.0,684872.0,634805446.3824668,1.945233846186,1326754327.8424187,1390882995.2543926
2024-08-22 00:00:00+00:00,719227.0,797502.0,690944705.1107434,1.921170694846,1399366101.1049871,1284734684.4757912
2024-08-23 00:00:00+00:00,694990.0,799006.0,708218324.137675,2.035903975825,1693583704.5206897,1921035416.1633263
2024-08-24 00:00:00+00:00,611271.0,797698.0,660715874.9228643,2.032046751517,1135154617.609151,995547562.3542556
2024-08-25 00:00:00+00:00,539499.0,703385.0,574347786.0067085,2.046583028581,812009493.2832497,840373635.5497497
2024-08-26 00:00:00+00:00,656542.0,606871.0,578666193.8726926,1.998001382993,1364343576.168949,1406250295.95892
2024-08-27 00:00:00+00:00,685194.0,676465.0,613213425.7080535,1.891971799295,1465681092.7485795,1306910294.290545
2024-08-28 00:00:00+00:00,740845.0,721912.0,704440301.0132378,1.875827072948,1969364688.187204,2437200326.300963
2024-08-29 00:00:00+00:00,723280.0,525910.0,587091198.731184,1.883349152914,1245240456.3233318,1234167447.448213
2024-08-30 00:00:00+00:00,826297.0,548197.0,631567801.6874318,1.876982694923,1283303043.3433268,1179995921.7171586
2024-08-31 00:00:00+00:00,670825.0,695519.0,653806103.1655557,1.87073697854,713220999.166582,570329522.4713012
2024-09-01 00:00:00+00:00,660770.0,656333.0,631567801.6874318,1.820019010688,660988249.5565431,639065982.2042433
2024-09-02 00:00:00+00:00,717673.0,739986.0,742759315.4826825,1.877143284457,1060403767.1763954,911497647.5626967
2024-09-03 00:00:00+00:00,699302.0,592324.0,662701425.0377315,1.829729699885,1172738690.4012122,1521239226.572841
2024-09-04 00:00:00+00:00,699461.0,728756.0,671596746.9099072,1.841861370616,1110744854.5445714,1133946471.1557305
2024-09-05 00:00:00+00:00,734546.0,714387.0,689387390.6542588,1.781930708989,1177064166.8393888,887709212.795651
2024-09-06 00:00:00+00:00,726287.0,665444.0,644910781.2933799,1.710811543806,1544440559.313202,1531397180.7534964
2024-09-07 00:00:00+00:00,606660.0,794571.0,702730370.2602069,1.718206634267,550961496.2060821,660770347.0472957
2024-09-08 00:00:00+00:00,596940.0,906655.0,742759315.4826825,1.743469313486,778576793.1170377,398556227.2517915
2024-09-09 00:00:00+00:00,736827.0,570838.0,644910781.2933799,1.814072811646,1198107029.9781034,1547604124.8244286
2024-09-10 00:00:00+00:00,733172.0,556413.0,609329500.2093079,1.830850569033,2656670098.8451495,3119851986.589837
2024-09-11 00:00:00+00:00,662704.0,408991.0,496254188.9565946,1.822802476165,1715928822.8264759,2101941854.5595398
2024-09-12 00:00:00+00:00,775748.0,561823.0,700222817.5061857,1.844923692611,1540738496.4839027,1418656728.4884684
2024-09-13 00:00:00+00:00,794367.0,422965.0,566627674.5179347,1.918166417135,1495072607.7773223,1694912270.5028522
2024-09-14 00:00:00+00:00,688474.0,637192.0,640335338.4711611,1.901061522523,978501030.9390528,1028481552.5331452
2024-09-15 00:00:00+00:00,643849.0,730022.0,695616084.7776585,1.873189573393,858467483.9037657,839812653.7577957
2024-09-16 00:00:00+00:00,746172.0,486773.0,575841133.3412993,1.844209085413,1581676432.9122021,1225462783.8892534
2024-09-17 00:00:00+00:00,732953.0,551806.0,691009358.6828212,1.906555569386,1436565678.3334599,1511671989.9916196
2024-09-18 00:00:00+00:00,720313.0,535050.0,635728605.7426339,1.938486988135,1578442880.7406523,1471193137.7085116
2024-09-19 00:00:00+00:00,746741.0,449403.0,562020941.7894076,1.989407371018,2197748514.6314945,2024674078.4772034
2024-09-20 00:00:00+00:00,822445.0,524801.0,667975708.307565,1.991251479392,1742956265.3261154,1640173172.2512105
2024-09-21 00:00:00+00:00,665209.0,564640.0,621908420.8244321,1.997224680189,874518448.9538805,735741497.7569646
2024-09-22 00:00:00+00:00,595289.0,629903.0,626515146.9192694,2.00309504051,790610445.1755695,711894109.1615607
2024-09-23 00:00:00+00:00,796781.0,573531.0,672582441.036092,1.993210662996,1443959451.16966,1523022367.6569037
2024-09-24 00:00:00+00:00,749184.0,531570.0,667975708.307565,2.02322807255,1506999223.4002383,1656496369.0003178
2024-09-25 00:00:00+00:00,713234.0,504605.0,655944699.4434932,1.980828516174,1978736120.0168653,1492578223.023847
2024-09-26 00:00:00+00:00,721855.0,483781.0,571298869.5864017,2.040909822528,1742379498.9765608,1843679337.839879
2024-09-27 00:00:00+00:00,751618.0,434448.0,602061115.6314254,2.061133588941,1718677357.7859948,2246424967.5363383
2024-09-28 00:00:00+00:00,649697.0,521838.0,566904259.3924077,2.059734897491,955024339.8492013,870029416.5630776
2024-09-29 00:00:00+00:00,680061.0,685081.0,681164035.8409815,2.054377793402,938854016.5441741,745176530.9551138
2024-09-30 00:00:00+00:00,732082.0,593815.0,602061115.6314254,1.980655974681,2238038982.354344,2244161668.8128047
2024-10-01 00:00:00+00:00,863700.0,624352.0,689953249.9007359,1.906306811115,1934679503.398555,1639830620.5897522
2024-10-02 00:00:00+00:00,711643.0,599545.0,681164035.8409815,1.901135632078,1499077638.9909623,1430963627.0192447
2024-10-03 00:00:00+00:00,737116.0,574536.0,694347853.7664963,1.903667765594,1366693706.397611,1357055108.875425
2024-10-04 00:00:00+00:00,784413.0,571667.0,742688527.9310287,1.942653036999,1357756600.7775493,1303560802.9369235
2024-10-05 00:00:00+00:00,608641.0,759113.0,663585607.7214726,1.941600018448,668792046.0366905,660350039.4518657
2024-10-06 00:00:00+00:00,610738.0,744069.0,667980217.9154667,1.964736190677,807240899.045471,970435757.1631461
2024-10-07 00:00:00+00:00,719501.0,717392.0,681164035.8409815,1.952455630153,1525792601.2838755,1684116064.3877108
2024-10-08 00:00:00+00:00,822783.0,711462.0,733899313.8712744,1.926780183281,1531186298.6514213,1709685830.5519233
2024-10-09 00:00:00+00:00,668278.0,534258.0,575872986.8706377,1.880158282942,1537468686.0426888,1318546120.6494362
2024-10-10 00:00:00+00:00,679738.0,759342.0,709250576.1991408,1.868650690361,1300336836.9743207,1227145468.7745068
2024-10-11 00:00:00+00:00,718986.0,631180.0,640613421.5382024,1.931911669891,1557676136.810824,1585110791.4315891
2024-10-12 00:00:00+00:00,606243.0,732389.0,654340856.4238901,1.953970337674,799298961.65817,859194739.99934
2024-10-13 00:00:00+00:00,609844.0,643752.0,631461800.4774662,1.939547429605,705768818.4069281,683360380.6814296
2024-10-14 00:00:00+00:00,722649.0,609666.0,636037614.3024176,2.039522213226,2233266101.659804,2023204509.4939065
2024-10-15 00:00:00+00:00,787245.0,648296.0,713826383.4349256,2.060181206339,2399665088.315822,2834873180.2037845
2024-10-16 00:00:00+00:00,614677.0,722995.0,645189235.3631539,2.079852586869,2586616571.6740575,2231903308.4881606
2024-10-17 00:00:00+00:00,765780.0,637858.0,718402197.2598771,2.067823405287,1761441527.935223,1955093514.9601943
2024-10-18 00:00:00+00:00,723986.0,471530.0,622310179.41673,2.097751626956,2299913958.5869365,2603356394.262734
2024-10-19 00:00:00+00:00,685573.0,738236.0,791615159.1566001,2.095293659588,976083457.6380281,929448973.6391815
2024-10-20 00:00:00+00:00,688498.0,785369.0,791615159.1566001,2.110307256847,869940487.3069983,773440831.6389049
2024-10-21 00:00:00+00:00,717571.0,837363.0,782463538.0958639,2.056928495458,1863696791.5189483,1923546361.8102086
2024-10-22 00:00:00+00:00,639877.0,696851.0,639026240.6203893,2.0548573040083666,1806053662.758957,1937086010.8895493
2024-10-23 00:00:00+00:00,740774.0,655119.0,718143297.5144315,2.030149964645596,2064582912.096607,2002490548.894926
2024-10-24 00:00:00+00:00,656927.0,700022.0,699119632.4620647,2.0735534317639304,1477349778.4213731,1558594075.8741617
2024-10-25 00:00:00+00:00,859095.0,503588.0,727655130.0406147,2.015882390039284,2011461094.8138509,2790226068.124014
2024-10-26 00:00:00+00:00,727063.0,603956.0,694363719.6232325,2.038385405545456,1156889655.461078,927288903.877277
2024-10-27 00:00:00+00:00,654362.0,695610.0,765702460.1453481,2.0672450714484367,929421443.4557042,853853409.5794097
2024-10-28 00:00:00+00:00,756668.0,713082.0,798993870.5627303,2.12079659111609,2263745500.585034,2677973239.733127
2024-10-29 00:00:00+00:00,831182.0,617786.0,746678795.0929815,2.1993875776152856,3551228959.0327544,3277292753.76719
2024-10-30 00:00:00+00:00,794409.0,674680.0,803749783.4015626,2.1895048875101897,2587335821.3712564,2987486956.234688
2024-10-31 00:00:00+00:00,789382.0,562286.0,751434707.9318137,2.1253164193551783,2838306373.7977114,2579033493.2199106
2024-11-01 00:00:00+00:00,819093.0,547824.0,727655130.0406147,2.096717117505966,2508457716.357782,2152282108.864546
2024-11-02 00:00:00+00:00,690705.0,540251.0,670584141.7320336,2.088469515716,979478027.1318133,976344752.6642603
2024-11-03 00:00:00+00:00,627617.0,455287.0,627780898.788468,2.072996077959187,1262657249.0235677,1250633523.6970768
2024-11-04 00:00:00+00:00,811710.0,462249.0,722003987.1010513,2.0421715913323313,2063125882.2515738,1620344008.1930177
2024-11-05 00:00:00+00:00,768957.0,457869.0,702351990.309251,2.0934035678438234,3097708168.592795,2155229132.5939126
2024-11-06 00:00:00+00:00,894241.0,500965.0,773092476.7620561,2.265383861200003,4776996955.24404,5243705029.872821
2024-11-07 00:00:00+00:00,792482.0,567009.0,788251150.3516102,2.268079148113374,3080907590.358743,3723624784.4365945
2024-11-08 00:00:00+00:00,848426.0,481877.0,717510663.898805,2.2784564278185018,4111118321.4311914,4944607896.990401
2024-11-09 00:00:00+00:00,654475.0,587132.0,702351990.309251,2.2854908075229896,1635425125.131777,1607501832.4060364
2024-11-10 00:00:00+00:00,793243.0,553582.0,747828018.3540778,2.3862991652271037,2777506695.640825,2725900914.8817396
2024-11-11 00:00:00+00:00,941403.0,461089.0,687193309.4435323,2.614736204421691,4253166611.784786,4009344121.4257374
2024-11-12 00:00:00+00:00,1007782.0,502742.0,737722233.5356535,2.574402718870185,6117714814.977129,5736573807.771262
2024-11-13 00:00:00+00:00,859128.0,570985.0,697299094.2619566,2.6237625094988872,4731327493.493375,4828728371.209408
2024-11-14 00:00:00+00:00,839766.0,503550.0,641717281.3987055,2.516917131040333,4808549877.234495,5423691829.261917
2024-11-15 00:00:00+00:00,886479.0,559376.0,757933803.172502,2.6166281818489865,4080322897.9171276,4203261471.878882
2024-11-16 00:00:00+00:00,802492.0,608007.0,793304046.3989046,2.5963251574245816,2283254806.3157578,2138112113.8081062
2024-11-17 00:00:00+00:00,717710.0,598836.0,757933803.172502,2.570045957525609,1904774721.2897537,1494385139.941949
2024-11-18 00:00:00+00:00,796834.0,676948.0,789337179.1728685,2.586767436063493,3765301425.3406186,3891252418.9942865
2024-11-19 00:00:00+00:00,757888.0,815851.0,889845956.7430438,2.616096692148944,3900413468.704923,4094820315.540504
2024-11-20 00:00:00+00:00,750264.0,669311.0,747470599.8566331,2.6545840511759584,3762177617.7998414,5014465178.038927
2024-11-21 00:00:00+00:00,977195.0,480041.0,732216100.2096523,2.7357035205093947,5490464473.15789,5927378760.902991
2024-11-22 00:00:00+00:00,902930.0,539627.0,727131269.4347124,2.7268624607806946,6637688640.599318,5830178989.353775
2024-11-23 00:00:00+00:00,877099.0,451335.0,701707093.5935298,2.682475835762373,3311927182.090487,3297989391.6843567
2024-11-24 00:00:00+00:00,790852.0,463815.0,681367763.1716092,2.684190145202477,2895674272.8575044,2904240510.2634645
2024-11-25 00:00:00+00:00,956417.0,598037.0,859336950.1269213,2.550936868826199,4230548647.187099,3928053710.3726306
2024-11-26 00:00:00+00:00,790710.0,475347.0,706791931.6906307,2.504171774475637,4989189706.892877,5797909310.482024
2024-11-27 00:00:00+00:00,800136.0,462955.0,676282925.0745082,2.606953545179931,4011210063.1551204,5163071989.43454
2024-11-28 00:00:00+00:00,754947.0,523444.0,722046431.3376114,2.5937387638687115,2901168505.237663,4178817063.0651126
2024-11-29 00:00:00+00:00,767132.0,348672.0,615264919.1644242,2.630994842256662,2922889254.620258,3826788934.8929477
2024-11-30 00:00:00+00:00,828664.0,633055.0,833912781.6078997,2.6035102735918114,2156379916.887662,2184365933.2237153
2024-12-01 00:00:00+00:00,739652.0,698852.0,803403774.9917772,2.627590012401485,2349619121.8277016,1850274624.2689726
2024-12-02 00:00:00+00:00,925715.0,310261.0,649987948.1056839,2.572610271286454,3622097479.264951,4239650993.2455497
2024-12-03 00:00:00+00:00,918415.0,437755.0,811042072.2804599,2.5714581344527003,4118651603.587372,4378145283.036803
2024-12-04 00:00:00+00:00,887569.0,503460.0,759383337.5345526,2.6375374682187815,3919693117.767618,4291928414.677627
2024-12-05 00:00:00+00:00,968792.0,509543.0,800710325.3312784,2.5624396365200885,5666195141.756981,6400394362.831209
2024-12-06 00:00:00+00:00,872253.0,433339.0,702558733.033483,2.6197013566280365,4373568671.526044,4611486266.046305
2024-12-07 00:00:00+00:00,798958.0,443750.0,733553973.8810275,2.6172416537051104,2579395879.8089724,2066854864.7038887
2024-12-08 00:00:00+00:00,851865.0,419481.0,754217467.7793905,2.635830347444721,2216286744.411675,2104807098.5440211
2024-12-09 00:00:00+00:00,915304.0,401306.0,862700799.5875101,2.528321562198401,5879171737.060814,5485868409.207695
2024-12-10 00:00:00+00:00,985635.0,441945.0,795544448.1372591,2.504255955643038,4137622628.066235,4165731649.7661166
2024-12-11 00:00:00+00:00,858578.0,482129.0,733553973.8810275,2.607825988676539,4380962800.313908,5015677625.744592
2024-12-12 00:00:00+00:00,883811.0,471573.0,764549214.7285719,2.5725090268010704,2813943808.7285056,3000088845.167523
2024-12-13 00:00:00+00:00,936834.0,527292.0,878198423.730711,2.5964143923269845,2829341313.710675,3603040668.7579427
2024-12-14 00:00:00+00:00,774578.0,523313.0,821373819.2296414,2.5956011229498386,1660152506.7012024,1924671215.2251978
2024-12-15 00:00:00+00:00,789756.0,370567.0,707724610.2275023,2.671579602981782,2010587440.9059637,1842312751.236988
2024-12-16 00:00:00+00:00,952348.0,412496.0,797498864.7082182,2.690487024205537,4142815297.783283,4359336996.7900305
2024-12-17 00:00:00+00:00,829977.0,417545.0,733677846.6894215,2.6825053486643022,3411643022.0205297,3642275677.204139
2024-12-18 00:00:00+00:00,890898.0,415402.0,776835370.7386128,2.5337669288940026,3668178457.7843733,4765055212.016578
2024-12-19 00:00:00+00:00,861604.0,437556.0,782230057.3605849,2.449250681750823,4120390465.69232,3398868756.335576
2024-12-20 00:00:00+00:00,882836.0,391262.0,814598200.3974782,2.438923701718572,5378690768.670937,4840512551.060106
2024-12-21 00:00:00+00:00,744752.0,334464.0,782230057.3605849,2.424795342221161,1876737340.9619536,1892303814.6698983
2024-12-22 00:00:00+00:00,758970.0,332182.0,836176962.4220738,2.36832468298583,1937388142.4130177,1848406231.9007726
2024-12-23 00:00:00+00:00,804969.0,298335.0,749861922.0920451,2.3466031181287983,3557346543.425366,3335303018.173857
2024-12-24 00:00:00+00:00,763920.0,323103.0,712099092.4331796,2.4325472895826454,5621482999.034435,2981682335.261456
2024-12-25 00:00:00+00:00,702219.0,407080.0,814598200.3974782,2.4457574461003446,2109042399.995988,2225012193.5884852
2024-12-26 00:00:00+00:00,739743.0,298230.0,706704398.0428538,2.3548963638187823,2741310886.2835827,3453555281.8462734
2024-12-27 00:00:00+00:00,846364.0,348548.0,852361030.0563437,2.316536046291274,3327158756.1839356,4082128601.7713566
2024-12-28 00:00:00+00:00,704798.0,291855.0,771440684.1166407,2.3373921900161463,1587815556.8022585,1714807160.587242
2024-12-29 00:00:00+00:00,727603.0,432661.0,853362734.1174872,2.2939806186069815,1706062814.12466,2258066676.3256536
2024-12-30 00:00:00+00:00,812462.0,362074.0,867710158.6044941,2.264447243535571,3069474088.442546,4915821464.165303
2024-12-31 00:00:00+00:00,780332.0,315699.0,703991256.0098306,2.2808124449322915,2763012497.1044335,5772776995.004123
2025-01-01 00:00:00+00:00,661798.0,290700.0,764021519.2467396,2.3030404933089104,2352937927.9868755,2666284758.016094
2025-01-02 00:00:00+00:00,806065.0,412640.0,911368526.8668325,2.3578841474857937,3118449148.7354436,3079564838.742463
2025-01-03 00:00:00+00:00,774077.0,400483.0,774936113.276951,2.3862905574570155,2819865771.821775,2277406799.6137395
2025-01-04 00:00:00+00:00,699568.0,439080.0,813137188.4534372,2.3875160097101222,1549555085.942869,1693916330.6414113
2025-01-05 00:00:00+00:00,672568.0,433093.0,851338263.6299235,2.390965860098841,1731840997.7599897,1540201653.141544
2025-01-06 00:00:00+00:00,765227.0,364707.0,725820444.0702534,2.477062799747396,3604437149.4186096,3897117594.867897
2025-01-07 00:00:00+00:00,780759.0,344525.0,731277745.0146126,2.3467027834219376,3216670186.569448,3600172720.1096554
2025-01-08 00:00:00+00:00,739012.0,408966.0,682162075.8079149,2.298665904666954,3258093317.0278716,3181426660.6088595
2025-01-09 00:00:00+00:00,742304.0,528450.0,829509083.4280078,2.233820238836667,3122359620.8872633,3077406053.6461964
2025-01-10 00:00:00+00:00,797315.0,405326.0,774936113.276951,2.290082536703305,3184521507.544058,3025314456.2182207
2025-01-11 00:00:00+00:00,680515.0,368077.0,753106925.2165282,2.285501707170164,1747129829.4392176,1796381935.3241482
2025-01-12 00:00:00+00:00,706797.0,380129.0,939920313.6991916,2.278657758123868,1654960227.0366375,1400112806.2593808
2025-01-13 00:00:00+00:00,730319.0,407646.0,702796045.256185,2.2779845089607447,2935537592.332398,2558565090.3268933
2025-01-14 00:00:00+00:00,790420.0,348098.0,845551487.3779281,2.3280580564665416,3453915267.049859,3078531503.2748365
2025-01-15 00:00:00+00:00,804761.0,356513.0,763192581.1983879,2.4095410827754344,3541818503.7719045,2954821454.808907
2025-01-16 00:00:00+00:00,787871.0,381403.0,702796045.256185,2.3989108291075403,3281353660.928444,3584433541.1922374
2025-01-17 00:00:00+00:00,844973.0,420369.0,823589117.1405907,2.495913169030756,3831974148.592883,5396024049.99646
2025-01-18 00:00:00+00:00,730835.0,360806.0,713777234.3280816,2.4946785705686336,2721247721.3315663,2626897966.7995944
2025-01-19 00:00:00+00:00,777201.0,381533.0,823589117.1405907,2.4106728700866626,3279334633.326989,2767511106.3363433
2025-01-20 00:00:00+00:00,852334.0,353367.0,834570306.2124871,2.4450561327537335,4626677667.1910305,3978613426.4234366
2025-01-21 00:00:00+00:00,864025.0,329282.0,730249013.9826986,2.518858900509325,3610159487.8051505,4014278237.336862
2025-01-22 00:00:00+00:00,830610.0,429325.0,823589117.1405907,2.459018475131256,3341580356.19788,3384518776.453649
2025-01-23 00:00:00+00:00,797154.0,326782.0,746720793.6373154,2.455447281433525,3428770768.678644,3791082089.1318116
2025-01-24 00:00:00+00:00,778133.0,372822.0,768683171.7811084,2.4651832101972833,3004140461.461777,3216298719.6738462
2025-01-25 00:00:00+00:00,674223.0,328968.0,702796045.256185,2.4670204525538764,1926791146.354569,1907902683.046259
2025-01-26 00:00:00+00:00,652111.0,310325.0,752211392.1264914,2.418361700134125,1812928808.063513,1895872693.5639708
2025-01-27 00:00:00+00:00,800741.0,335928.0,841019046.8641225,2.393412498448327,4230818360.4913945,4133183254.3013754
2025-01-28 00:00:00+00:00,754559.0,311149.0,795344640.9204767,2.3732871181658965,2897112448.7026844,2801366480.2899094
2025-01-29 00:00:00+00:00,732357.0,349802.0,832962291.9147371,2.436318963363576,2582125930.765394,2504050968.0746756
2025-01-30 00:00:00+00:00,768553.0,346376.0,779222784.9668734,2.4577562130040627,3136020497.568373,3209429082.9933896
2025-01-31 00:00:00+00:00,767144.0,317922.0,671743786.5481226,2.3926271926371028,3026907643.8446774,3404913302.526765
2025-02-01 00:00:00+00:00,732561.0,352449.0,988806850.4558095,2.353296238999732,1908943077.8202703,2022609170.4029183
2025-02-02 00:00:00+00:00,762118.0,383886.0,918945495.2928308,2.278588298536274,2750452425.299973,2407580789.044493
2025-02-03 00:00:00+00:00,872269.0,363728.0,822214390.5251644,2.3717271049935724,4967339436.66049,4816624175.049278
2025-02-04 00:00:00+00:00,807567.0,313377.0,703987482.9783524,2.280750094282139,3209293499.990114,4366548147.554144
2025-02-05 00:00:00+00:00,755489.0,378194.0,773848838.1413312,2.2465355832791136,3574129686.6039205,5318652231.631899
2025-02-06 00:00:00+00:00,753978.0,426147.0,779222784.9668734,2.243314171452448,3241651650.5007973,3167307266.4304156
2025-02-07 00:00:00+00:00,753607.0,501276.0,929693396.6824036,2.2387599646519227,2980875269.7281327,3033643162.5987525
2025-02-08 00:00:00+00:00,655694.0,467968.0,859832041.5194248,2.2429885869544703,2056380690.6038737,2182442929.711437
2025-02-09 00:00:00+00:00,630935.0,382701.0,796800432.702752,2.232532160927027,2064463963.9108791,1809985210.1503718
2025-02-10 00:00:00+00:00,784554.0,364185.0,788864729.4327155,2.2560105134383015,3538542663.8812056,3574717081.4998593
2025-02-11 00:00:00+00:00,778968.0,331657.0,703735439.5557053,2.2178405166069126,3100348143.9645357,2880406067.375223
2025-02-12 00:00:00+00:00,713585.0,389778.0,754813011.8474292,2.2614665289821283,2685608871.509783,2615864366.037358
2025-02-13 00:00:00+00:00,752473.0,375861.0,896695156.1941719,2.2326518009087044,2921731034.7382307,2417694063.1421223
2025-02-14 00:00:00+00:00,734111.0,341719.0,862643446.7812971,2.2516623241667397,2863974483.0438952,3139453425.2192974
2025-02-15 00:00:00+00:00,651702.0,310167.0,908045728.7226007,2.254483790385446,1597837922.2365873,1569788046.3863604
2025-02-16 00:00:00+00:00,607272.0,306797.0,856968156.4308769,2.2219614753167987,1602664587.0420961,1713516097.4020076
2025-02-17 00:00:00+00:00,722465.0,327916.0,777514156.9042867,2.212551004856131,2246200158.7676315,2120679117.9992158
2025-02-18 00:00:00+00:00,752996.0,429401.0,794540011.6107242,2.2037234329299973,2566032827.1161165,2219032678.733773
2025-02-19 00:00:00+00:00,680832.0,448514.0,715086012.0841341,2.23047321584031,3233642818.1498466,2873259533.830023
2025-02-20 00:00:00+00:00,692965.0,482796.0,737787157.1409917,2.269163375900631,2403708695.185035,2970825967.8898473
2025-02-21 00:00:00+00:00,718521.0,454467.0,732111866.7905716,2.2145337837142764,3690748772.2329435,3033417224.6264067
2025-02-22 00:00:00+00:00,629577.0,558602.0,788864729.4327155,2.2259723481715947,1884451764.606441,2984156480.4060864
2025-02-23 00:00:00+00:00,515136.0,574133.0,727639381.136543,2.213616967746432,1210919273.824301,1283227956.979527
2025-02-24 00:00:00+00:00,713984.0,511496.0,714530231.5962585,2.116419481382366,2206510965.6466794,1945767709.5716977
2025-02-25 00:00:00+00:00,837361.0,493632.0,807968795.7163498,2.0450571925613175,5039360010.818348,3876660082.0986166
2025-02-26 00:00:00+00:00,827083.0,398655.0,862932663.9471062,1.9371568882829038,4282388915.677406,3952297250.4692087
2025-02-27 00:00:00+00:00,890859.0,326363.0,824457960.142975,1.9512523008535438,3074389418.657376,3142408244.60112
2025-02-28 00:00:00+00:00,915297.0,388679.0,857436273.1666324,1.9428821960052791,3977624857.690821,3591250988.278301
2025-03-01 00:00:00+00:00,796043.0,283151.0,791479639.2045211,1.979772195615528,1994353953.3690512,1999970423.1113021
2025-03-02 00:00:00+00:00,691454.0,271285.0,692544684.3039559,2.17233527887869,2157317364.7135854,2586081171.237739
2025-03-03 00:00:00+00:00,804674.0,372983.0,824457960.142975,1.9890487557357124,3128116198.831166,3086398314.132193
2025-03-04 00:00:00+00:00,752956.0,302840.0,802472412.8506724,2.011926611190173,2682940591.4720106,2549937111.827085
2025-03-05 00:00:00+00:00,735786.0,306253.0,736515778.888561,2.085499742580572,2165602898.4984007,2123570692.70648
2025-03-06 00:00:00+00:00,825264.0,372699.0,934385688.6896913,2.074588033844596,2350677993.72352,2241367945.5506425
2025-03-07 00:00:00+00:00,863520.0,313867.0,780486865.5583698,1.990605455895191,2602833297.713387,2269287245.113932
2025-03-08 00:00:00+00:00,673352.0,291511.0,753004935.4003898,1.9817025600012972,1066629305.6953813,1056261905.5671053
2025-03-09 00:00:00+00:00,664954.0,302935.0,878405393.0064901,1.8553174468191107,1260428040.3754685,1171861567.3207293
2025-03-10 00:00:00+00:00,800739.0,441520.0,858547238.6202688,1.8183074680565463,2628828063.1935534,2194730324.196554
2025-03-11 00:00:00+00:00,782819.0,379790.0,769347526.0381613,1.9029557814450992,2776801541.0064535,2637680827.4669743
2025-03-12 00:00:00+00:00,745460.0,432621.0,852972260.0961258,1.9218834269936982,2083997847.513983,1891571310.582933
2025-03-13 00:00:00+00:00,764889.0,529277.0,886422155.3249065,1.864334615532672,1697599154.3631897,1544939399.2721493
2025-03-14 00:00:00+00:00,779781.0,441947.0,791647456.1906817,1.9320354593333133,1984244854.10202,2031034434.7095895
2025-03-15 00:00:00+00:00,663845.0,472408.0,735897638.8373549,1.9374873260847636,967033743.6739489,1046958934.2758378
2025-03-16 00:00:00+00:00,682615.0,468961.0,808372399.7910849,1.894746119450727,961302652.0335258,918625732.6146253
2025-03-17 00:00:00+00:00,777796.0,382454.0,780497491.1144215,1.9296028955456381,1834918694.0483932,1942864081.4123127
2025-03-18 00:00:00+00:00,728748.0,367012.0,791647456.1906817,1.8989060236861497,1672892287.0407622,1502413185.4471366
2025-03-19 00:00:00+00:00,757656.0,438484.0,847397281.5719827,1.9911932421344407,2020823999.7062683,2390349283.545593
2025-03-20 00:00:00+00:00,813034.0,341253.0,791647456.1906817,1.929826803780835,2423892837.7432933,2453635755.659342
2025-03-21 00:00:00+00:00,769088.0,318682.0,808372399.7910849,1.928165154014055,1716980595.1808126,1650944938.1472669
2025-03-22 00:00:00+00:00,644074.0,412886.0,836247316.4957225,1.9223588315764386,780780556.1522869,844888892.3734384
2025-03-23 00:00:00+00:00,610837.0,542672.0,876971228.9099865,1.966380986053732,781190633.35207,799063626.7316619
2025-03-24 00:00:00+00:00,809888.0,481825.0,870857127.4297615,2.0008793939408274,2079955121.9626532,2843851061.6926694
2025-03-25 00:00:00+00:00,725387.0,499703.0,842582547.0624223,2.0026741040033817,2303723244.812887,2654317367.210042
2025-03-26 00:00:00+00:00,759292.0,518025.0,859547301.7972896,1.9885114032158295,2646635405.1514964,2840288247.304193
2025-03-27 00:00:00+00:00,778898.0,435123.0,836927634.2461863,1.996709094176898,1774139077.0998316,1939181797.95261
2025-03-28 00:00:00+00:00,830965.0,395973.0,870857127.4297615,1.9282823462091283,2674485321.37087,2653901637.4004
2025-03-29 00:00:00+00:00,665765.0,292760.0,797343220.1032952,1.8872433668233977,1450535631.8268282,1611122244.9690478
2025-03-30 00:00:00+00:00,611195.0,303321.0,774723552.5521919,1.881216185430681,2212542318.452269,2062595581.3952649
2025-03-31 00:00:00+00:00,770064.0,319360.0,836927634.2461863,1.8870880493017759,2871521850.603715,3244192013.9257197
2025-04-01 00:00:00+00:00,807365.0,352343.0,763413718.7766402,1.9500766862141923,2246031933.3535314,2376105373.65514
2025-04-02 00:00:00+00:00,769838.0,404621.0,972645623.266647,1.8882773504046593,2726813092.871016,2785908550.4973965
2025-04-03 00:00:00+00:00,792583.0,395213.0,859547301.7972896,1.8941542618128036,3322991812.976906,3040724152.2398586
2025-04-04 00:00:00+00:00,820433.0,422793.0,1017884958.3688536,1.9126673444102584,2877161218.6471906,3265869243.1115656
2025-04-05 00:00:00+00:00,736838.0,294122.0,950907688.4520772,1.9016833447333794,1752887679.7059429,1488814477.0323367
2025-04-06 00:00:00+00:00,645459.0,272974.0,875826844.1440289,1.7801240635878879,2294919518.799209,1788125176.6918447
2025-04-07 00:00:00+00:00,791618.0,315963.0,875826844.1440289,1.8128169226747144,4158528976.205585,3946201838.344116
2025-04-08 00:00:00+00:00,736263.0,360926.0,924148329.2792507,1.7439655745926916,2805322367.983031,2559047192.8357763
2025-04-09 00:00:00+00:00,743091.0,320082.0,791264253.8552574,1.8872309635239621,2921866855.8602004,2906686114.4043064
2025-04-10 00:00:00+00:00,745006.0,315731.0,869786662.8510596,1.8147281216378452,2241232014.532113,2378160349.935069
2025-04-11 00:00:00+00:00,762968.0,412324.0,893947405.4186704,1.9005276237422863,2644069223.7552214,2629158109.145123
2025-04-12 00:00:00+00:00,651244.0,413756.0,869786662.8510596,1.9432833469455524,1549361055.8215997,1534729493.1078696
2025-04-13 00:00:00+00:00,599557.0,448011.0,1038911843.4286026,1.9039218772421993,1480751736.095256,1377515160.3516438
2025-04-14 00:00:00+00:00,731158.0,448201.0,899987586.7116399,1.9262023235820704,2203285296.2151012,2565380650.608733
2025-04-15 00:00:00+00:00,764894.0,435581.0,869786662.8510596,1.9071370551656621,1933109173.3588371,2165968500.813443
2025-04-16 00:00:00+00:00,715957.0,512698.0,893947405.4186704,1.9172708051026972,2134841151.521547,2412460928.924672
2025-04-17 00:00:00+00:00,734302.0,555992.0,924148329.2792507,1.9396573992306128,2718586402.158504,2855206447.790054
2025-04-18 00:00:00+00:00,669757.0,512005.0,821465177.7158377,1.927799316975245,1726545241.4552522,1609540385.4292688
2025-04-19 00:00:00+00:00,618431.0,548341.0,847825370.5576409,1.9434572717156722,1265669050.5420902,1257956233.9389365
2025-04-20 00:00:00+00:00,563502.0,468036.0,753499805.3802223,1.9426378432392224,1260778589.7899776,1357630364.0098155
2025-04-21 00:00:00+00:00,680575.0,437926.0,771877846.40168,1.9927995689339313,2175417486.6886063,2426722563.712123
2025-04-22 00:00:00+00:00,792265.0,514191.0,949532272.3473084,2.1282639230663345,3609399705.59868,3495740546.4963846
2025-04-23 00:00:00+00:00,716670.0,425004.0,698365673.494388,2.1261098636422497,2812471228.0109687,3333025622.2306666
2025-04-24 00:00:00+00:00,771761.0,460328.0,863768069.1518909,2.126194044694234,3292591260.231636,3575661337.343032
2025-04-25 00:00:00+00:00,818112.0,385154.0,882146110.1733487,2.139689228562994,2697009233.1755013,4128063507.403542
2025-04-26 00:00:00+00:00,636351.0,330013.0,814759947.9993888,2.1368454882429617,1657078260.0785847,1822661702.0011096
2025-04-27 00:00:00+00:00,614897.0,432684.0,827011978.2875143,2.116303078347162,1434202326.204844,1198081103.664987
2025-04-28 00:00:00+00:00,801464.0,421997.0,863768069.1518909,2.1414599497479094,2257347777.533,2311718297.076268
2025-04-29 00:00:00+00:00,738376.0,466125.0,894398140.4614742,2.1164915940420426,2449932351.517545,2598622352.5685143
2025-04-30 00:00:00+00:00,797218.0,344716.0,808633937.2660565,2.117664419217392,2226325840.727309,2297364457.612758
2025-05-01 00:00:00+00:00,783416.0,330132.0,827011978.2875143,2.1635056908519745,2681427503.7102785,2746059086.434789
2025-05-02 00:00:00+00:00,931165.0,380180.0,974036332.9235594,2.1700257371132774,2795378810.6359615,3638134631.9568167
2025-05-03 00:00:00+00:00,686500.0,389316.0,998934428.3048719,2.148827641148182,1421064715.1098862,1330493560.0057397
2025-05-04 00:00:00+00:00,613491.0,345861.0,823060872.6106743,2.1136160468529854,1203164193.107616,1179330731.0358512
2025-05-05 00:00:00+00:00,758965.0,401820.0,1036227716.8248533,2.1198315170018898,2343790094.1032243,2471489841.539977
2025-05-06 00:00:00+00:00,787857.0,335143.0,817139566.6454616,2.1566030190508587,2248775793.226664,2870459000.6301465
2025-05-07 00:00:00+00:00,846613.0,343041.0,894116484.5065093,2.1641775871229822,3197073525.3690796,3620888317.5813584
2025-05-08 00:00:00+00:00,852697.0,371373.0,941486898.1215152,2.2908345636251912,4142194123.299417,3899128062.6361065
2025-05-09 00:00:00+00:00,863281.0,335574.0,828982170.049213,2.2831068959043845,3776486642.667232,4262793487.524592
2025-05-10 00:00:00+00:00,664831.0,326973.0,888195187.0679705,2.3179930154044754,1641707775.2054296,1957934792.9036212
2025-05-11 00:00:00+00:00,615305.0,280245.0,882273881.1027578,2.30314847924649,1842538173.3681743,1945912966.1234643
2025-05-12 00:00:00+00:00,758453.0,385997.0,858588674.295255,2.276547512358493,3554453071.495471,3711563263.318292
2025-05-13 00:00:00+00:00,808191.0,289432.0,769769161.5571295,2.2970209363653464,2521105969.367707,2659957732.521175
2025-05-14 00:00:00+00:00,790244.0,325951.0,852667376.856716,2.2817352097814925,2862329188.164461,2995109333.198588
2025-05-15 00:00:00+00:00,754318.0,373943.0,864509980.2604675,2.2793299047250057,3737969020.549975,4194867573.7257733
2025-05-16 00:00:00+00:00,829195.0,365949.0,805296963.2417102,2.272925986368772,2545258090.732087,3067185593.660323
2025-05-17 00:00:00+00:00,740377.0,293931.0,853949349.7167879,2.263971398372875,1707705947.226607,1845536816.3931248
2025-05-18 00:00:00+00:00,601421.0,641273.0,979723251.299811,2.3240704676353836,1778145176.476763,1822467031.0772228
2025-05-19 00:00:00+00:00,718046.0,583361.0,852722091.9971637,2.309462953385517,2879606907.8664536,3133097877.2797365
2025-05-20 00:00:00+00:00,739140.0,559405.0,895055811.7647127,2.3328187609635207,3232293955.993766,3299875989.0992846
2025-05-21 00:00:00+00:00,796779.0,424978.0,870865112.2664987,2.387132485847717,3752365649.277916,4184263379.337786
2025-05-22 00:00:00+00:00,868642.0,471085.0,907151161.5138198,2.4191148692725477,4746590260.757859,4298015876.213874
2025-05-23 00:00:00+00:00,809410.0,445109.0,937389531.5322618,2.325244185229265,3972815778.7031503,4131591472.670015
2025-05-24 00:00:00+00:00,644711.0,389251.0,852722091.9971637,2.3375230632787902,1696431145.5040128,2013438762.6037915
2025-05-25 00:00:00+00:00,625162.0,357724.0,913198832.0340477,2.3575883785824456,1686320529.5446987,1787631884.4255133
2025-05-26 00:00:00+00:00,745729.0,352991.0,925294181.7831548,2.3615409622706873,2394107155.1353426,2295257755.5351353
2025-05-27 00:00:00+00:00,706571.0,424640.0,852722091.9971637,2.3483230152239987,3542167241.6285787,3540402654.5743904
2025-05-28 00:00:00+00:00,782052.0,540056.0,991818601.048918,2.319565765914059,3116616838.83937,3220853906.0228796
2025-05-29 00:00:00+00:00,765279.0,390670.0,961580231.030476,2.269515917375292,2910835276.511071,3035136962.265483
2025-05-30 00:00:00+00:00,834229.0,389971.0,938712777.7441467,2.2301710388100866,2855256527.2140584,3368869053.2115445
2025-05-31 00:00:00+00:00,711975.0,300176.0,1016284108.9276667,2.2453195179282552,1672584622.1248608,1607991385.251208
2025-06-01 00:00:00+00:00,689965.0,254662.0,839539042.158194,2.2668244854256177,1536403223.1650076,1470066664.0221922
2025-06-02 00:00:00+00:00,771787.0,348163.0,839539042.158194,2.263174032245519,2607577372.488457,3037960562.765769
2025-06-03 00:00:00+00:00,864048.0,360069.0,908974603.1294426,2.249049850630191,2791396876.15712,4239120171.424015
2025-06-04 00:00:00+00:00,720304.0,332769.0,795352777.7382623,2.2306295386760513,2535693422.717212,3506908180.8132324
2025-06-05 00:00:00+00:00,781431.0,321208.0,845851370.8408961,2.1644219757163037,3043966250.0451803,3218066318.264228
2025-06-06 00:00:00+00:00,781673.0,296656.0,845851370.8408961,2.221377259248508,2820272229.3741302,2786704661.598758
2025-06-07 00:00:00+00:00,653737.0,290519.0,902662283.5364864,2.246857184421021,1637505683.9762976,1507572358.0129619
2025-06-08 00:00:00+00:00,611460.0,323313.0,965785515.8250327,2.2465926766265145,1434899028.011811,1132591255.5334978
2025-06-09 00:00:00+00:00,744523.0,354588.0,883725306.5781256,2.3383291419548384,2627236479.981465,3160797129.656182
2025-06-10 00:00:00+00:00,824315.0,421700.0,1066782692.9405546,2.3319943207037923,2996639032.9822483,3166333022.2753997
2025-06-11 00:00:00+00:00,755087.0,349470.0,890037635.2608279,2.2994649025476215,2265832623.086475,2462876404.8754864
2025-06-12 00:00:00+00:00,780705.0,424933.0,934223899.6807595,2.2419620475504867,2036296875.0812364,2288001478.416666
2025-06-13 00:00:00+00:00,811764.0,347897.0,915286922.7223988,2.2394272436628913,2849658539.4831295,2620200535.6163826
2025-06-14 00:00:00+00:00,631338.0,271851.0,949074580.5847822,2.227143824699812,1388675455.5617838,1310245087.9943652
2025-06-15 00:00:00+00:00,599893.0,281450.0,854616739.0187659,2.227219971359887,1357586981.6812232,1543069104.1707087
2025-06-16 00:00:00+00:00,722329.0,366746.0,917456210.4459594,2.258771912231857,2516058279.1904473,2557875224.8754864
2025-06-17 00:00:00+00:00,712578.0,359926.0,741505699.4987009,2.2032072026463054,2057469309.1563947,2181336276.8169494
2025-06-18 00:00:00+00:00,751671.0,434037.0,879752527.5896434,2.20581725377894,2269462431.3642173,2154044200.2917976
2025-06-19 00:00:00+00:00,716269.0,307561.0,798061219.2587334,2.202308074044105,1493292758.0766225,1492819158.5058727
2025-06-20 00:00:00+00:00,778947.0,353689.0,948875941.6351146,2.1712340906871987,1996893384.0450091,1918744949.9533026
2025-06-21 00:00:00+00:00,658427.0,310017.0,886036479.2568042,2.1341088047568837,1193668566.7096379,1153827038.7882712
2025-06-22 00:00:00+00:00,595271.0,264346.0,672382294.5021127,2.1199152283858615,1996776610.5914488,1643065318.3470013
2025-06-23 00:00:00+00:00,691705.0,291899.0,672382294.5021127,2.2134869832042128,1952284253.0809052,2468192745.964776
2025-06-24 00:00:00+00:00,757208.0,279722.0,735221756.8804231,2.220349702793955,2024390918.2778552,1929121862.8434694
2025-06-25 00:00:00+00:00,748961.0,387334.0,898604373.5422429,2.2450664068043222,2160581489.9320774,2322674863.2846212
2025-06-26 00:00:00+00:00,764181.0,506745.0,986579624.4914306,2.2341438252792543,2199758378.836293,2338528325.1895137
2025-06-27 00:00:00+00:00,731987.0,337361.0,722653862.5949844,2.2307257878946083,2770617051.2177353,3509301477.424482
2025-06-28 00:00:00+00:00,636115.0,389138.0,911172258.7787985,2.2355962704995864,1210660078.8316305,1411787822.4648666
2025-06-29 00:00:00+00:00,545712.0,368982.0,992910582.8334956,2.255148786868359,1030830589.0617553,1156128087.5822277
2025-06-30 00:00:00+00:00,759866.0,342103.0,843035675.6364994,2.224449219216365,2049405194.2380571,2761869060.92075
2025-07-01 00:00:00+00:00,796482.0,330384.0,779081252.2306603,2.190371437932748,1550677424.6967916,1680794552.735817
2025-07-02 00:00:00+00:00,794995.0,361066.0,889547992.7013457,2.2572933277993874,2612471643.828749,2945487726.1443543
2025-07-03 00:00:00+00:00,798168.0,364594.0,877919913.435134,2.2682210955541695,1981394483.7478323,2022748859.6838174
2025-07-04 00:00:00+00:00,693948.0,365649.0,924432230.4999803,2.215345083660493,2006734683.1645665,1865924766.5108151
2025-07-05 00:00:00+00:00,561792.0,436219.0,912804151.2337688,2.2180745576921685,959062849.4431303,1040768865.9032134
2025-07-06 00:00:00+00:00,613042.0,496239.0,930246265.946978,2.236333996776805,1282401127.6101186,1293048243.3714116
2025-07-07 00:00:00+00:00,686261.0,374019.0,877919913.435134,2.2137003448829926,1747588871.7115192,2129554358.3796253
2025-07-08 00:00:00+00:00,795709.0,342697.0,825593560.9232903,2.2241472452865456,1667057071.4869077,2122619649.0485804
2025-07-09 00:00:00+00:00,779022.0,452381.0,953502424.4794011,2.268230580456622,2248828800.965638,2628758519.187774
2025-07-10 00:00:00+00:00,829216.0,434824.0,994200697.7250334,2.3546017983970526,3464097747.5818777,3621916892.6302247
2025-07-11 00:00:00+00:00,845548.0,409674.0,872105877.9881365,2.38212290459618,4277106306.9493876,3813495922.238968
2025-07-12 00:00:00+00:00,673470.0,394126.0,920455694.5281461,2.37341147249211,1555453304.0216835,1368138486.7402067
2025-07-13 00:00:00+00:00,655163.0,410972.0,859946007.0619583,2.4017092198498973,1691173632.020596,1457760115.2023964
2025-07-14 00:00:00+00:00,797345.0,450093.0,910161827.2116249,2.4125084332311304,4602182750.524214,3895990645.557537
2025-07-15 00:00:00+00:00,753728.0,421980.0,1029424417.0149242,2.3641951149221963,6058855211.484344,3411903763.6797276
2025-07-16 00:00:00+00:00,735726.0,402255.0,822284135.1705719,2.368875124533446,3827615709.0758204,3736641312.656142
2025-07-17 00:00:00+00:00,811618.0,428846.0,853669023.8939697,2.3749858049492363,3884287458.6673546,4375904847.272441
2025-07-18 00:00:00+00:00,757713.0,449609.0,903884853.0824847,2.340384009446915,4197810942.2657704,4275419986.7284317
2025-07-19 00:00:00+00:00,655287.0,432190.0,891330895.7853559,2.336414214135971,1695327462.1584334,2554801093.146825
2025-07-20 00:00:00+00:00,625098.0,405387.0,935269741.8058825,2.323370138320551,2171752216.8838673,2105960750.446815
2025-07-21 00:00:00+00:00,733805.0,388565.0,941546724.9738711,2.3218439654227243,3655691883.459763,3659249571.9124727
2025-07-22 00:00:00+00:00,730808.0,423231.0,941546724.9738711,2.3670956161477066,3329053016.344078,3114348989.697931
2025-07-23 00:00:00+00:00,738717.0,365110.0,878776938.4882271,2.334400354595592,3001946914.8459415,2959713041.3962035
2025-07-24 00:00:00+00:00,719805.0,408556.0,922715784.5087537,2.3257901969225427,3982932698.217147,3322084922.399904
2025-07-25 00:00:00+00:00,749904.0,433467.0,1004316502.4206666,2.304027155259395,7178008397.868326,4596255216.846493
2025-07-26 00:00:00+00:00,652309.0,571396.0,970368223.0482397,2.3118305041157874,1808873847.5234044,1910479704.5806022
2025-07-27 00:00:00+00:00,615345.0,473722.0,869131964.3263083,2.3388539623352456,1548979689.187826,1638817032.9342632
2025-07-28 00:00:00+00:00,728095.0,502425.0,919884190.6853194,2.3084821087206895,2749678230.863139,3902512155.0294504
2025-07-29 00:00:00+00:00,715626.0,346511.0,710531242.1093705,2.3014237166265827,2584655044.846404,3397390161.069281
2025-07-30 00:00:00+00:00,733090.0,426989.0,869131964.3263083,2.2955727612124828,2600709871.952985,3257176130.950524
2025-07-31 00:00:00+00:00,752871.0,477852.0,976980451.0488331,2.2576734658479003,2659820156.623079,2906444182.009561
2025-08-01 00:00:00+00:00,838177.0,399495.0,957948367.3061291,2.2070884136924738,3879836183.125605,3219135579.1403513
2025-08-02 00:00:00+00:00,693800.0,307246.0,919884190.6853194,2.1923149563631275,1325924473.8055177,1157621568.5783875
2025-08-03 00:00:00+00:00,621756.0,289554.0,983324485.0533355,2.2240971442941064,1239353261.8576,1299821953.2397475
2025-08-04 00:00:00+00:00,728238.0,451189.0,1084828946.9067597,2.240631105189466,3453786766.575415,3101571005.6547556
2025-08-05 00:00:00+00:00,798131.0,408980.0,875475989.1954089,2.2178999959543493,2187844041.570996,2027719310.40678
2025-08-06 00:00:00+00:00,838450.0,495331.0,913540165.8162186,2.2349723954934775,2490128341.157614,2331009415.372258
2025-08-07 00:00:00+00:00,810557.0,564678.0,1021388661.6741452,2.2781308995532936,2347528066.2910676,2755891992.3035502
2025-08-08 00:00:00+00:00,960615.0,474837.0,870936594.9483013,2.2621480824612368,2854739044.9712663,3120847221.2928066
2025-08-09 00:00:00+00:00,767705.0,377106.0,746374217.5096608,2.2569920501462186,1778602125.641147,1553589548.247426
2025-08-10 00:00:00+00:00,651290.0,396369.0,868625162.1369319,2.307419605120224,1728951769.6403096,1686630048.702309
2025-08-11 00:00:00+00:00,760684.0,449439.0,945836284.5717697,2.296376996154095,3378540234.4503994,2846327256.179149
2025-08-12 00:00:00+00:00,721420.0,365290.0,881493684.0869608,2.320647620011929,2663073632.9692864,2779895011.6945467
2025-08-13 00:00:00+00:00,753168.0,444797.0,1003744628.7142318,2.379739102823155,3591826557.353684,4352493342.135819
2025-08-14 00:00:00+00:00,803997.0,479810.0,1042350194.5643183,2.2824160062100023,3580989905.302766,3808615474.8424864
2025-08-15 00:00:00+00:00,734665.0,433563.0,862190905.7945851,2.25769289975179,4458161558.434538,4197117377.401938
2025-08-16 00:00:00+00:00,642573.0,396105.0,978007594.0795094,2.2532741501991906,2458818502.9795175,2512884383.19818
2025-08-17 00:00:00+00:00,569807.0,442159.0,978007594.0795094,2.2553050008051305,1506409656.0530734,1495077533.210814
2025-08-18 00:00:00+00:00,701698.0,482626.0,990876106.7642031,2.229656237704237,2471466562.960449,3116771467.370771
2025-08-19 00:00:00+00:00,670399.0,409590.0,862190905.7945851,2.162405961142789,3285342704.3478246,2624343192.0434146
2025-08-20 00:00:00+00:00,726389.0,424546.0,907230727.9870183,2.187593393945847,2657228322.2971153,2243737276.849905
2025-08-21 00:00:00+00:00,702511.0,451619.0,958704806.5217986,2.1500922222394157,2644116425.1003103,2849703781.023346
2025-08-22 00:00:00+00:00,767825.0,457298.0,939651300.6862692,2.2309603181709265,3705927739.409568,3366861553.942931
2025-08-23 00:00:00+00:00,662164.0,471882.0,980001773.7404907,2.2012721767196215,2252969361.7459764,2262144621.2469783
2025-08-24 00:00:00+00:00,610390.0,521558.0,1057370331.4047614,2.167328504514984,3049587453.041015,2273903893.794224
2025-08-25 00:00:00+00:00,705894.0,479193.0,909080592.0131477,2.101608862718138,3015214385.3128138,2835045620.3081512
2025-08-26 00:00:00+00:00,710999.0,458661.0,967107012.5824077,2.1348985660008872,2726447305.112184,2696690150.586301
2025-08-27 00:00:00+00:00,703023.0,506732.0,967107012.5824077,2.1218251202374474,2300791366.085403,2425849477.833762
2025-08-28 00:00:00+00:00,696912.0,580430.0,1025133433.1516676,2.1427891220239426,2291486169.9453707,2255079193.394834
2025-08-29 00:00:00+00:00,777455.0,587838.0,1063817707.3416893,2.0585239707912053,3292517467.402013,4008698552.5021467
2025-08-30 00:00:00+00:00,633372.0,625477.0,1018686047.9305124,2.063022252855391,1835614442.4966426,1839051417.436479
2025-08-31 00:00:00+00:00,579281.0,482257.0,851054171.4438878,2.054653984489101,1909145509.660963,1470493128.2402015
2025-09-01 00:00:00+00:00,724476.0,597762.0,1038028194.3097506,2.0664722780336136,2447105115.984424,2313025918.570495
2025-09-02 00:00:00+00:00,741440.0,583102.0,1050922946.1836063,2.1061331661206095,2751656324.270207,3105958433.088151
2025-09-03 00:00:00+00:00,757257.0,405522.0,883291069.6969817,2.117352868701102,2225200861.535161,2535905987.6987214
2025-09-04 00:00:00+00:00,768977.0,400455.0,902633206.7919925,2.0988399671512004,4080097824.922832,4898366748.435636
2025-09-05 00:00:00+00:00,811569.0,414108.0,959168799.5148377,2.0909910896315393,4915027618.832383,5049491072.152717
2025-09-06 00:00:00+00:00,613246.0,446745.0,946761024.1894387,2.081547548704114,3592254166.921047,3558877818.812005
2025-09-07 00:00:00+00:00,594567.0,580185.0,1041437124.6607599,2.1007955085878978,2537628508.823041,2535264196.8919034
2025-09-08 00:00:00+00:00,732824.0,566372.0,1082012600.4648032,2.114485395928852,3822364556.505474,3291497530.0391364
2025-09-09 00:00:00+00:00,725526.0,618149.0,1129350650.700464,2.1019000165432096,4107813039.296188,4678989559.715023
2025-09-10 00:00:00+00:00,687721.0,648787.0,1149638393.4715424,2.145924375428194,3814897150.8208003,3719164297.3121033
2025-09-11 00:00:00+00:00,722040.0,598534.0,1014386817.1961777,2.1718284060122492,3348380096.720808,3904974585.566528
2025-09-12 00:00:00+00:00,721666.0,397599.0,811509447.9140742,2.1834524058125826,3051214305.6207395,3209996322.716359
2025-09-13 00:00:00+00:00,684987.0,524450.0,953523608.3591694,2.178678922337634,1802490504.081046,1944978910.2552283
2025-09-14 00:00:00+00:00,646063.0,539763.0,1034674550.2291428,2.1673601179200923,1760623840.135848,1998952685.396474
2025-09-15 00:00:00+00:00,773239.0,534944.0,1102300333.4977684,2.1656665085615017,2922907381.125562,3504119020.832767
2025-09-16 00:00:00+00:00,747555.0,535330.0,1082012600.4648032,2.1888797241350617,2609326339.595934,2669029851.259108
2025-09-17 00:00:00+00:00,698218.0,362882.0,865610082.3194654,2.1818070259413114,2240973362.508604,2681796134.5023274
2025-09-18 00:00:00+00:00,729042.0,446237.0,1089165928.9937842,2.1884252567803575,2591684660.549486,2660396976.4651003
2025-09-19 00:00:00+00:00,759748.0,483134.0,1188749384.1862066,2.1584515968726663,2494239023.2201033,3464176632.236111
2025-09-20 00:00:00+00:00,711626.0,492759.0,1082611043.2192638,2.1600824520314994,1313331788.209549,2058299993.803925
2025-09-21 00:00:00+00:00,660574.0,515795.0,1146294045.7615733,2.1511992423053936,1706726260.5171235,1688292392.0972974
2025-09-22 00:00:00+00:00,747221.0,456797.0,1061383379.1015873,2.1030843290113816,2971473325.4121656,2993680766.715115
2025-09-23 00:00:00+00:00,674195.0,498707.0,1018928040.6769542,2.0884207525288683,3244858206.479633,3806288302.095842
2025-09-24 00:00:00+00:00,682109.0,526277.0,1082611043.2192638,2.1098438050041244,2695807176.5871944,3331917918.9388638
2025-09-25 00:00:00+00:00,741811.0,426022.0,997700376.5592777,2.0312424703115273,3334928451.1328406,3161514360.6729403
2025-09-26 00:00:00+00:00,728767.0,418111.0,934017374.016968,2.0392977420667635,3546400077.1169662,5241086354.329122
2025-09-27 00:00:00+00:00,635310.0,523531.0,1096762822.6941414,2.0384097258593887,1100197453.624266,1288196227.1366212
2025-09-28 00:00:00+00:00,652543.0,637714.0,1167521709.8792498,2.0843982136269275,1191895440.1809447,1136728760.212364
2025-09-29 00:00:00+00:00,740289.0,449737.0,990624481.7271986,2.122720877587773,2763964246.6203637,2744142352.765679
2025-09-30 00:00:00+00:00,745290.0,556139.0,1139218161.1187747,2.112807213335253,2749443808.649662,4589520178.798793
2025-10-01 00:00:00+00:00,885196.0,471120.0,1079018824.2422624,2.186155026712077,3254645571.1267247,3807352432.6127
2025-10-02 00:00:00+00:00,804780.0,375898.0,1019764931.6764337,2.221772196583208,3019407259.077409,3661524081.228995
2025-10-03 00:00:00+00:00,797887.0,391675.0,884796043.0252874,2.249202943238196,3766631388.1440125,4124653201.640818
2025-10-04 00:00:00+00:00,743257.0,426061.0,1004768398.0907607,2.247639041410611,1604265938.4493065,1469312187.7996635
2025-10-05 00:00:00+00:00,677933.0,520032.0,1117242464.7683752,2.266766621760195,3305687815.891045,2558618386.1713557
2025-10-06 00:00:00+00:00,768110.0,426681.0,922287409.3820033,2.287145426879909,4532737847.900133,4711932104.8182125
2025-10-07 00:00:00+00:00,767705.0,430981.0,1034761476.0596179,2.2193474280974277,3486708961.7404966,4050560827.916661
2025-10-08 00:00:00+00:00,759929.0,431067.0,1109744197.9755387,2.248606081441407,3146710484.6385436,3370620091.6448755
2025-10-09 00:00:00+00:00,719972.0,366723.0,899792587.4084716,2.2125534313089377,3251879030.274031,3854155490.62937
2025-10-10 00:00:00+00:00,745662.0,415580.0,989771853.7075765,2.070562788244427,3672392396.961405,3728908007.549769
2025-10-11 00:00:00+00:00,718136.0,450131.0,1102245920.385191,2.019478996261419,3989210514.9444103,3622185662.0249805
2025-10-12 00:00:00+00:00,695884.0,463010.0,1087249376.0020068,2.0951257451651712,1682951907.6767213,1946670401.311883
2025-10-13 00:00:00+00:00,680803.0,489858.0,1139737286.741907,2.09746317757528,2118894971.8280733,2372399695.8012233
2025-10-14 00:00:00+00:00,706371.0,563809.0,1267207897.8027055,2.056829337301677,3656687205.950385,3791328393.261613
2025-10-15 00:00:00+00:00,695775.0,484211.0,1079751109.2091703,2.0058910258061653,2749778726.757832,4804811548.988733
2025-10-16 00:00:00+00:00,740169.0,490450.0,1123253238.739343,1.9578568178170297,2964167506.853463,3011304197.145691
2025-10-17 00:00:00+00:00,772447.0,485148.0,1159633835.7101064,1.9292830315776204,3845311326.3668747,3499667932.918851
2025-10-18 00:00:00+00:00,608801.0,564015.0,1203393595.9617257,1.9381495183779993,1535082757.5332148,1350309587.1873026
2025-10-19 00:00:00+00:00,595209.0,437518.0,1013767943.699239,1.965929731213064,1318276325.5975263,1401445077.4398286
2025-10-20 00:00:00+00:00,679663.0,422448.0,1086700884.4535005,2.0002412420408935,2363581301.2513494,2453936410.8769317
2025-10-21 00:00:00+00:00,733522.0,437054.0,1093994184.8303332,1.9642552693241937,4026790350.3219686,4006687833.239072
2025-10-22 00:00:00+00:00,695833.0,480827.0,1115874064.956143,1.9422693938130509,2950469377.0190845,3116296217.648482
2025-10-23 00:00:00+00:00,679681.0,436183.0,1035647823.8250486,1.9838505829202955,3191077788.6391916,3086711760.3429837
2025-10-24 00:00:00+00:00,734616.0,565682.0,1305499727.7209737,2.0002399703642184,3097381071.4997115,3060762472.3733454
2025-10-25 00:00:00+00:00,595504.0,502467.0,1166927125.5845947,2.010123020095332,1643739096.4856744,1609251983.3593862
2025-10-26 00:00:00+00:00,584836.0,521439.0,1072114294.2021794,2.061141989497095,2451680125.328286,2423068414.280522
2025-10-27 00:00:00+00:00,726782.0,505599.0,1072114294.2021794,2.0506486983041583,3538215718.033769,4174472627.6628876
2025-10-28 00:00:00+00:00,693980.0,526865.0,1181513715.835916,2.0269852854220023,3684394221.6933312,4233034550.713299
2025-10-29 00:00:00+00:00,667087.0,395521.0,932047920.0122601,1.9748570714184714,2649582706.6336827,2956645795.8563395
2025-10-30 00:00:00+00:00,708971.0,551534.0,1240553836.426268,1.9325248327320044,3957408678.101895,3347821385.9358006
2025-10-31 00:00:00+00:00,723709.0,460460.0,1085484605.4773614,1.9596274069163773,3586275742.986317,3434318611.8780427
2025-11-01 00:00:00+00:00,683092.0,387158.0,1069977681.2659724,1.9663440701835697,1827394140.4720337,1829604022.181365
2025-11-02 00:00:00+00:00,575622.0,405694.0,1201786531.4802876,1.9727764696344197,1292682600.9737837,1358923570.5789337
2025-11-03 00:00:00+00:00,772175.0,452775.0,1100991529.6887505,1.9020882532144816,3391945098.2575474,3856789512.5178976
2025-11-04 00:00:00+00:00,779122.0,370080.0,1015703452.1086028,1.8116855886218344,4902114400.0170965,3877397485.9302287
2025-11-05 00:00:00+00:00,747953.0,399776.0,1069977681.2659724,1.8570557344204919,3551917983.64617,3623517725.7042923
2025-11-06 00:00:00+00:00,737224.0,414343.0,1085484605.4773614,1.8097201631689654,2146912413.83764,2345498406.4097576
2025-11-07 00:00:00+00:00,752529.0,477171.0,1100991529.6887505,1.8428465053331913,2226145086.790996,2440639238.1674457
2025-11-08 00:00:00+00:00,622449.0,351704.0,930415374.5284549,1.8227583856026046,831040420.2915376,825544107.48914
2025-11-09 00:00:00+00:00,607063.0,467846.0,1093238073.1655483,1.8641651761462625,737081456.7794226,930454388.2915049
2025-11-10 00:00:00+00:00,723219.0,451762.0,1085484605.4773614,1.8875443600732529,2524312938.0031357,1753319678.572243
2025-11-11 00:00:00+00:00,717240.0,480595.0,1186279607.2688985,1.831888197421843,2094135866.5866573,2150221541.2183814
2025-11-12 00:00:00+00:00,666761.0,452672.0,1085693709.7267337,1.808509903130079,1568672570.1692991,1676627308.8627212
2025-11-13 00:00:00+00:00,715565.0,481822.0,1135417896.8857453,1.7800126434105845,3206293152.7473974,2920046712.372356
2025-11-14 00:00:00+00:00,804891.0,484096.0,1090001177.5223117,1.6842606972655323,4609594798.40663,4418093156.471963
2025-11-15 00:00:00+00:00,735457.0,485232.0,1082431729.7450786,1.7025099652616347,1326837073.2757268,939111673.9420946
2025-11-16 00:00:00+00:00,599175.0,582885.0,1203542970.4808898,1.6785525812642026,1886904965.8266444,1361231295.4492526
2025-11-17 00:00:00+00:00,722706.0,406170.0,938612123.8775449,1.6392867114437717,4112945808.5203366,3462877089.6649837
2025-11-18 00:00:00+00:00,783873.0,321895.0,1006737197.4726894,1.654516965238705,3450707004.6533585,5540013132.548288
2025-11-19 00:00:00+00:00,740835.0,359976.0,1037015010.3816451,1.628739580213074,3290224011.272802,3658900787.9416404
2025-11-20 00:00:00+00:00,712914.0,357950.0,991598291.0182115,1.5515619978194948,3061286544.9721823,2699650905.822823
2025-11-21 00:00:00+00:00,798210.0,416326.0,1142987344.6629784,1.5202473672522108,5187577718.588623,4424827701.302324
2025-11-22 00:00:00+00:00,653472.0,472844.0,1082431729.7450786,1.5063202250156786,1534348056.5322387,1496100341.514306
2025-11-23 00:00:00+00:00,587259.0,318830.0,1074862271.067834,1.5408129016405958,1146933444.0484636,1223920811.4980185
2025-11-24 00:00:00+00:00,672046.0,399370.0,1082431729.7450786,1.5674035927405894,3086281158.6855288,2853453969.8936934
2025-11-25 00:00:00+00:00,673473.0,351642.0,870487050.2824004,1.550709768072391,1610572780.281726,1874451173.2821188
2025-11-26 00:00:00+00:00,719513.0,476755.0,1240799633.4969137,1.6019179596137354,2187869679.7778177,2221181993.651814
2025-11-27 00:00:00+00:00,675201.0,404471.0,1061317862.9627874,1.6180110246025807,2419915873.986326,2377746206.552212
2025-11-28 00:00:00+00:00,703533.0,510984.0,1113270484.2052977,1.6124043653578792,2380862333.0989733,2279479588.5058823
2025-11-29 00:00:00+00:00,630159.0,403759.0,1016787040.1746085,1.609812435967487,658659631.2576497,947356513.1833906
2025-11-30 00:00:00+00:00,601718.0,514580.0,1239441132.7407093,1.605936798624271,1105966601.551033,968532517.9808514
2025-12-01 00:00:00+00:00,737081.0,399941.0,987099824.9824893,1.533958697259218,2621219302.790737,2674425744.058595
2025-12-02 00:00:00+00:00,743961.0,415283.0,942569002.1943104,1.6233866164835693,1972461171.2193377,2759327422.5077186
2025-12-03 00:00:00+00:00,716757.0,430832.0,979678026.5281578,1.6594397707736588,3237264586.4904876,3034257367.5190725
2025-12-04 00:00:00+00:00,693069.0,414769.0,979678026.5281578,1.6346860768202705,2004615527.6634629,2217765495.7629223
2025-12-05 00:00:00+00:00,712886.0,350006.0,883194582.4974687,1.5845510954223285,1941297902.804838,2630842841.7316337
2025-12-06 00:00:00+00:00,615281.0,529256.0,1209753917.5485902,1.5825974776524672,798166513.5215335,1034929394.7451278
2025-12-07 00:00:00+00:00,545020.0,546753.0,1187488511.498199,1.5985004613781386,747519031.0042354,657021446.7213545
2025-12-08 00:00:00+00:00,666566.0,575607.0,1098426876.6092381,1.6096177386431436,1260542985.6357815,1425765451.8922548
2025-12-09 00:00:00+00:00,668386.0,446113.0,957412609.7903701,1.6469894512126808,1740412492.918312,1900549644.0531192
2025-12-10 00:00:00+00:00,689654.0,554922.0,1150379497.8517485,1.6325770870501284,1737899767.0298073,2111491105.451556
2025-12-11 00:00:00+00:00,656012.0,475726.0,1179627150.3762481,1.6416453987249757,2504670838.1172757,2836810851.2489505
2025-12-12 00:00:00+00:00,761375.0,411109.0,1068190149.6701112,1.6020026597826393,2272322006.2231326,2291534925.562318
2025-12-13 00:00:00+00:00,601306.0,500012.0,1053456501.7977914,1.6004071227927794,944265005.856579,840699824.8650775
2025-12-14 00:00:00+00:00,564048.0,418597.0,942954068.4977604,1.5625992937931457,941728334.4618767,872643072.6293954
2025-12-15 00:00:00+00:00,663223.0,419887.0,987155043.9394194,1.5334507834438562,2410007523.237748,2019620979.53412
2025-12-16 00:00:00+00:00,696716.0,442553.0,1082923808.150664,1.5583000660090016,2524992341.287857,2322866233.735417
2025-12-17 00:00:00+00:00,675987.0,451215.0,1016622350.2922922,1.529104503632707,2727900734.130123,2640874339.9172263
2025-12-18 00:00:00+00:00,725880.0,461224.0,1060823325.7339513,1.5183951212093738,2588551882.452324,2207403827.897764
2025-12-19 00:00:00+00:00,735738.0,433546.0,1068190149.6701112,1.5669393446155329,2302207368.069046,2285985354.195522
2025-12-20 00:00:00+00:00,613352.0,441258.0,1082923808.150664,1.5699331395911071,880700398.5516149,854047749.513547
2025-12-21 00:00:00+00:00,565021.0,440054.0,1016622350.2922922,1.5740329131051052,819470900.7745737,837923529.5638561
2025-12-22 00:00:00+00:00,667969.0,426021.0,1023989184.8366853,1.5730377244463174,1582308528.3558264,1456304126.831688
2025-12-23 00:00:00+00:00,672116.0,431814.0,1068190149.6701112,1.5534926720508597,2021427273.557841,2380298034.6228786
2025-12-24 00:00:00+00:00,667297.0,503638.0,1171325759.0339823,1.5586263806194098,1999983469.9456663,1763333287.9556234
2025-12-25 00:00:00+00:00,562104.0,465274.0,1016989504.5854222,1.551577942876589,1124729001.6687763,1269146609.5101147
2025-12-26 00:00:00+00:00,613757.0,513354.0,1149714805.066739,1.5547999122682274,2038742363.044583,1789273056.2689123
2025-12-27 00:00:00+00:00,569638.0,475008.0,1002315469.4510928,1.5611304886162418,876484522.9089831,998856897.4355892
2025-12-28 00:00:00+00:00,572908.0,540696.0,1142344843.0616953,1.5623713813655937,850703324.6007446,693351833.6955444
2025-12-29 00:00:00+00:00,693511.0,548253.0,1134974870.4438994,1.55184373281198,2735273619.8411307,2870480207.9681444
2025-12-30 00:00:00+00:00,749500.0,366458.0,877026041.0760822,1.575194732866138,1913529272.9377074,2365419917.954263
2025-12-31 00:00:00+00:00,697063.0,407824.0,980205572.823209,1.5599368640000815,2805909831.897715,3795188050.955327
2026-01-01 00:00:00+00:00,570904.0,469075.0,1112864973.8160157,1.5805666838787138,1373598127.032536,1466483954.5858595
2026-01-02 00:00:00+00:00,702623.0,458150.0,1061275207.9424522,1.6028335346054856,2004960447.632454,2240559201.9551353
2026-01-03 00:00:00+00:00,618923.0,496980.0,1142344843.0616953,1.6144428345714434,838657049.1630727,784417459.7067765
2026-01-04 00:00:00+00:00,629824.0,478738.0,1068645169.947496,1.6278233718322608,886240382.1027858,885929336.9739876
2026-01-05 00:00:00+00:00,687169.0,410199.0,972835610.8181652,1.672965606192001,2436264783.0190177,2924844256.8617835
2026-01-06 00:00:00+00:00,698247.0,422822.0,958095676.1953254,1.6656981847227375,2253999690.622598,2266365713.9122567
2026-01-07 00:00:00+00:00,644966.0,424312.0,1083385104.5703359,1.6234736025512655,2462750952.6364565,2471660553.710285
2026-01-08 00:00:00+00:00,631893.0,335049.0,964845793.9226341,1.6216948371778772,2208127654.696919,2215199089.856226
2026-01-09 00:00:00+00:00,664665.0,351155.0,1033929117.8333746,1.6124074298017157,3195274995.662603,2914356272.0895295
2026-01-10 00:00:00+00:00,608784.0,492984.0,1179552938.5755997,1.6100132123879032,2391354663.434736,2435720306.9713993
2026-01-11 00:00:00+00:00,536405.0,289219.0,888305297.0911496,1.61585640170226,2324376674.5415583,2183514137.8325863
2026-01-12 00:00:00+00:00,638422.0,405384.0,1033929117.8333746,1.6235117369511674,2422154384.4614363,2650835853.7354703
2026-01-13 00:00:00+00:00,701272.0,340763.0,982960782.1463331,1.6956457102183626,2738140399.89961,3429744214.867406
2026-01-14 00:00:00+00:00,707589.0,326077.0,902867680.2138635,1.725258285011508,3170618755.572987,4229137056.7068105
2026-01-15 00:00:00+00:00,717904.0,375169.0,1012085548.3917611,1.698251329285832,2337657853.125833,2512673588.2911744
2026-01-16 00:00:00+00:00,692686.0,362621.0,946554829.5820056,1.6967501163466354,2230020805.759596,2069744708.5961134
2026-01-17 00:00:00+00:00,572689.0,354936.0,1084897453.5204163,1.6895599397740113,864500949.4775618,1029733667.5599422
2026-01-18 00:00:00+00:00,567075.0,332784.0,1019366734.7106606,1.6743922801666509,805649101.6404575,783365097.7645876
2026-01-19 00:00:00+00:00,623139.0,353668.0,1092178650.3242307,1.6436868798008477,1399883166.4151156,1287519070.4794831
2026-01-20 00:00:00+00:00,640908.0,386279.0,968398399.023619,1.5689223614895769,2911637815.069814,2097878406.6266868
2026-01-21 00:00:00+00:00,698736.0,427046.0,997523165.2690471,1.5933664347912717,2792381799.624279,1960966557.5250788
2026-01-22 00:00:00+00:00,612517.0,464766.0,1162718505.7701015,1.5900557424434003,2372841605.2570443,2197865618.4780836
2026-01-23 00:00:00+00:00,664123.0,437544.0,985930372.216906,1.597227656500748,1853645690.3241656,1958329561.6635313
2026-01-24 00:00:00+00:00,562317.0,284304.0,690151266.636433,1.5927055312322624,767002521.4357592,786215488.3769765
2026-01-25 00:00:00+00:00,555249.0,317176.0,760574860.3057843,1.5441681672754624,1109654364.0562122,997351507.0699604
2026-01-26 00:00:00+00:00,635513.0,399372.0,873252616.2613451,1.5779781705662028,1716640539.7787411,1921945182.7719448
2026-01-27 00:00:00+00:00,624246.0,365975.0,859167895.4992752,1.594258404220792,2037237826.0038714,1592515547.318841
2026-01-28 00:00:00+00:00,631786.0,342139.0,774659581.0678542,1.5929682871962683,2108062032.3073373,2126770259.479199
2026-01-29 00:00:00+00:00,681624.0,421064.0,901422057.7854849,1.5108463744510505,2511018283.5483646,2215288386.809334
2026-01-30 00:00:00+00:00,733411.0,383042.0,922549133.8580906,1.5027941233677342,3049107263.6424055,2699890691.202552
2026-01-31 00:00:00+00:00,702918.0,403447.0,971845651.4548361,1.409206961565977,3453844930.359731,2742181388.4208393
2026-02-01 00:00:00+00:00,613261.0,356739.0,838040819.4266695,1.3779375282101736,2424202434.764779,2214044141.85521
2026-02-02 00:00:00+00:00,734473.0,354152.0,830998453.9751356,1.411272421681785,3053872319.020239,3156681375.133507
2026-02-03 00:00:00+00:00,741467.0,435204.0,929591499.3096247,1.3597906397012434,3726745385.0089207,3621834521.5399475
2026-02-04 00:00:00+00:00,704812.0,412289.0,1000015092.9789759,1.315930750700471,3983078439.178036,3429173548.341851
2026-02-05 00:00:00+00:00,865167.0,384528.0,894379692.3339509,1.1497951473288677,4975734232.931411,4045459123.827595
2026-02-06 00:00:00+00:00,856992.0,407706.0,1021142169.0515816,1.2794885803917828,3827598747.2207327,4892457660.793226
2026-02-07 00:00:00+00:00,645574.0,493708.0,1112468740.2429836,1.2542864998384384,1513754869.3345087,1479109844.8151557
2026-02-08 00:00:00+00:00,555675.0,512816.0,1063649664.9870175,1.278752679408799,890200119.3422726,1081277534.2277215
2026-02-09 00:00:00+00:00,682068.0,394855.0,1019852317.996721,1.274890122985872,2475202398.982866,3200738780.762952
2026-02-10 00:00:00+00:00,624916.0,390874.0,900973830.4794545,1.2481033012418763,1858225864.7419808,2030384083.7146497
2026-02-11 00:00:00+00:00,659141.0,451472.0,982311747.733236,1.2182387788490885,2049266532.805385,1790603801.06129
2026-02-12 00:00:00+00:00,653355.0,494350.0,1107447002.9675756,1.2056557515363073,2281419813.0950108,2174765783.7127547
2026-02-13 00:00:00+00:00,684978.0,520762.0,944771168.4600127,1.2543817127922632,2164251190.7744303,2271322617.903315
2026-02-14 00:00:00+00:00,583422.0,550168.0,1038622612.138202,1.271428434942344,1116090121.1524637,749382092.8935884
2026-02-15 00:00:00+00:00,532309.0,691973.0,1232582258.2019153,1.2503520156434709,732221969.9117749,873322494.451938
2026-02-16 00:00:00+00:00,592609.0,529377.0,1094933476.5431678,1.2529918805039757,1073262447.1554708,1098299684.1651125
2026-02-17 00:00:00+00:00,595445.0,661420.0,1032365844.4211289,1.2303595955650781,1551290839.852788,1289654663.722714
2026-02-18 00:00:00+00:00,595919.0,505310.0,957284694.8844204,1.2114637146625802,1169408457.742904,1688794074.9663613
2026-02-19 00:00:00+00:00,616639.0,502602.0,1025228859.3917797,1.2218447878485281,1434544386.5665119,1241708936.2465076
2026-02-20 00:00:00+00:00,662947.0,417965.0,983397437.0251606,1.2419474106076231,2430363635.4549346,2136403306.007487
2026-02-21 00:00:00+00:00,579813.0,344028.0,854191934.5012189,1.2427727388908916,557816003.5135314,646480791.9801093
2026-02-22 00:00:00+00:00,525709.0,538994.0,1177205690.811073,1.234286313377275,647800814.1723702,688376770.9367537
2026-02-23 00:00:00+00:00,684644.0,448909.0,1062356356.3827294,1.1831842972470235,1500370607.0025344,1447263624.9001904
2026-02-24 00:00:00+00:00,661423.0,568326.0,1184383769.690652,1.1743319937937022,1845956062.246397,1828059288.5873053
2026-02-25 00:00:00+00:00,650235.0,481942.0,1119781018.4286811,1.2461229941727416,1502212652.2817087,1838533692.3146358
2026-02-26 00:00:00+00:00,693519.0,429268.0,1004931684.0003375,1.2368113915864163,1705292128.6583667,2002462829.697037
2026-02-27 00:00:00+00:00,704075.0,411023.0,1012109773.2163565,1.2073254705520617,1429248726.1695423,1312944740.921802
2026-02-28 00:00:00+00:00,640533.0,426230.0,1026465941.3119545,1.2275612619982268,755741541.5355064,819743975.9540304
2026-03-01 00:00:00+00:00,602506.0,464241.0,1069534435.2623082,1.205248174799525,761714380.6708245,790685368.0852524
2026-03-02 00:00:00+00:00,690831.0,420983.0,976219347.8091415,1.263760682233652,1698383330.6756139,2044945560.1626577
2026-03-03 00:00:00+00:00,652464.0,377782.0,961863190.0499837,1.2548907532524818,1908829412.9630744,2097058990.0197606
2026-03-04 00:00:00+00:00,697294.0,382886.0,933150853.8587878,1.3324599332646212,2345491087.2679715,4673577378.186464
2026-03-05 00:00:00+00:00,686708.0,459142.0,1193001934.391659,1.3020998734899654,2108885535.781893,2401906935.152555
2026-03-06 00:00:00+00:00,672019.0,446899.0,1052672433.1900946,1.2527874949037452,1612024270.6396492,1702843643.344627
2026-03-07 00:00:00+00:00,592224.0,435530.0,951731243.3842347,1.236301300128931,1040317803.8437545,1032224628.0370839
2026-03-08 00:00:00+00:00,523172.0,457769.0,966151414.8397179,1.2160004257646573,529333845.4025421,454815475.69049174
2026-03-09 00:00:00+00:00,627803.0,408602.0,994991747.3681617,1.2588288726421142,1758035225.1298146,1856605601.5291479
2026-03-10 00:00:00+00:00,649875.0,378570.0,994991747.3681617,1.2838921987216934,1992590547.6038635,2298270464.489557
2026-03-11 00:00:00+00:00,629140.0,405045.0,1002201838.2871646,1.2926305604960422,1827687801.5576432,2290839504.2376657
2026-03-12 00:00:00+00:00,640192.0,450856.0,930100981.0097485,1.297352966463531,1263815717.4164422,1851538304.920191
2026-03-13 00:00:00+00:00,676568.0,401832.0,872420305.5703381,1.30454126489792,1415970293.1601875,1814102135.3793538
2026-03-14 00:00:00+00:00,557544.0,441416.0,922890900.4732682,1.3085611269402389,581182930.0376189,436698607.8046889
2026-03-15 00:00:00+00:00,534462.0,399359.0,901260648.4813046,1.3372863065162932,704880138.9149616,900821707.158591
2026-03-16 00:00:00+00:00,701802.0,410501.0,901260648.4813046,1.3736647820354706,2359938475.890105,2142306143.9832938
2026-03-17 00:00:00+00:00,679525.0,374546.0,915680809.5542653,1.3620392217241302,1581966027.7339315,1583068794.1681073
2026-03-18 00:00:00+00:00,625137.0,437912.0,1002201838.2871646,1.3108271207032423,1758955422.1322796,1967993107.4408314
2026-03-19 00:00:00+00:00,603884.0,442942.0,966151414.8397179,1.2873233530441246,1476518198.4600136,1585691305.5789814
2026-03-20 00:00:00+00:00,656663.0,422037.0,956085963.7654023,1.2979134579553593,1433340737.7016575,1448560360.0475688
2026-03-21 00:00:00+00:00,586709.0,490235.0,917823289.7687207,1.2832286394689276,490761609.2417151,444153314.2719528
2026-03-22 00:00:00+00:00,545348.0,639039.0,1077444735.2152627,1.2516621596693462,656991962.0495063,1272043985.474013
2026-03-23 00:00:00+00:00,640101.0,530619.0,1064142947.2966102,1.301409408329922,1502171233.3795636,1224243163.4001098
2026-03-24 00:00:00+00:00,587472.0,384088.0,831361682.6634102,1.3002777489726738,1845741659.4297192,1546468616.5157952
2026-03-25 00:00:00+00:00,657017.0,514188.0,1017586694.3699702,1.3129187923123302,1875172010.1762738,2433147764.853941
2026-03-26 00:00:00+00:00,623105.0,634223.0,1097397412.3045979,1.2664072256679186,1533435934.8423684,1286052872.6252427
2026-03-27 00:00:00+00:00,640242.0,656575.0,1010935805.1992873,1.221391534843414,1957973923.6419213,1857743425.7002623
2026-03-28 00:00:00+00:00,555352.0,776246.0,1157255453.1498902,1.224282130242581,848034822.5332283,619196628.9142096
2026-03-29 00:00:00+00:00,513446.0,621290.0,957728653.5246779,1.2173465160210977,832823902.628654,933689910.1057191
2026-03-30 00:00:00+00:00,631420.0,539789.0,904521501.8500684,1.2307677885365405,2285359181.356216,2017849364.3960385
2026-03-31 00:00:00+00:00,630351.0,519911.0,904521501.8500684,1.259461592624952,1958483761.8795524,1955604055.600676
2026-04-01 00:00:00+00:00,697142.0,686646.0,1077444735.2152627,1.2578004357870882,1658588315.7166283,1991180493.944629
2026-04-02 00:00:00+00:00,653581.0,501473.0,964379542.6953608,1.2361570581529684,1686203279.5132716,1688567252.2170298
2026-04-03 00:00:00+00:00,647348.0,460217.0,900036039.4277527,1.236095290145614,998755204.1982232,1010153374.4727857
2026-04-04 00:00:00+00:00,546885.0,439257.0,828969678.3136718,1.2435879583030516,513990102.5549551,556994690.5710235
2026-04-05 00:00:00+00:00,496633.0,725843.0,1098384831.4750333,1.2731860065048008,524670820.38189703,494875363.1696375
2026-04-06 00:00:00+00:00,608673.0,461763.0,884234328.1768135,1.2700938124247623,1287803845.8038034,1255468696.60072
2026-04-07 00:00:00+00:00,640745.0,539413.0,953315130.5581044,1.3307033415283853,1897178243.7901113,1803076952.831055
2026-04-08 00:00:00+00:00,632101.0,560671.0,1022395942.8870316,1.3129220338742065,1623959775.5256302,1801806904.057301
2026-04-09 00:00:00+00:00,627910.0,579019.0,994763617.9554607,1.3258289461254553,1299942536.4231637,1605085726.742722
2026-04-10 00:00:00+00:00,655019.0,453045.0,863510089.4519535,1.3468426562660187,1433174318.438409,1761906872.2349496
2026-04-11 00:00:00+00:00,567547.0,472181.0,849693926.986168,1.3497406830177825,532664331.24609363,699396656.0521276
2026-04-12 00:00:00+00:00,523902.0,709385.0,1070752506.5434624,1.3049673347970956,582192080.0435022,573598823.2889915
2026-04-13 00:00:00+00:00,631173.0,631372.0,1022395942.8870316,1.3770482398402828,1818295765.1732352,2318532736.201634
2026-04-14 00:00:00+00:00,648935.0,609752.0,1132925232.6656787,1.3687529040183417,3330932155.266603,3920486414.969986
2026-04-15 00:00:00+00:00,648996.0,461922.0,863510089.4519535,1.3796263886883917,2162631740.6636844,2799443667.1644197
2026-04-16 00:00:00+00:00,642428.0,643440.0,1050028267.8186023,1.3856258612153995,1414148110.4520729,1713853129.0221217
2026-04-17 00:00:00+00:00,666008.0,548624.0,967334466.916483,1.4223235153878984,2422774030.0332456,2357215084.2965765
2026-04-18 00:00:00+00:00,571160.0,690658.0,1031290054.5634836,1.3980047368399022,700046981.2276057,778219155.8176662
2026-04-19 00:00:00+00:00,510705.0,733999.0,1064992341.7713568,1.3634656752952108,1014212776.1133715,794722608.6534724
2026-04-20 00:00:00+00:00,630657.0,551469.0,876259525.6422594,1.3987305546501194,3466511063.819543,3936294307.7956862
2026-04-21 00:00:00+00:00,627674.0,532601.0,909961812.8501326,1.4040391749892125,1572255452.5849032,1753667406.8635223
2026-04-22 00:00:00+00:00,658718.0,535489.0,882999979.2013303,1.4451816880881303,1801398978.8171115,2137224341.2133114
2026-04-23 00:00:00+00:00,624801.0,449644.0,815595404.7855839,1.443518010298725,2291239085.5335236,2560040108.0299015
2026-04-24 00:00:00+00:00,669638.0,590597.0,1004328220.9146813,1.4313054086958685,2327294897.1171703,1939129077.7048097
2026-04-25 00:00:00+00:00,548575.0,589115.0,943664100.0580058,1.4345741475645932,680118385.943885,1333741616.0752282
2026-04-26 00:00:00+00:00,527244.0,704204.0,1004328220.9146813,1.4512399107371687,574394051.1749191,577081291.7402648
2026-04-27 00:00:00+00:00,639267.0,577862.0,930183183.2336046,1.4274966444382788,2192196477.4830184,1358561608.6829655
2026-04-28 00:00:00+00:00,624691.0,574615.0,936923646.4989349,1.4098968122284414,1546025189.589304,1420487799.820215
2026-04-29 00:00:00+00:00,631076.0,373961.0,856038145.5525279,1.4012950588480768,1634982295.4198256,1699206239.8725677
2026-04-30 00:00:00+00:00,685346.0,413668.0,943664100.0580058,1.4109087161770764,1515109600.8353295,1298979063.3908434
2026-05-01 00:00:00+00:00,751425.0,597457.0,1064992341.7713568,1.4441109410626063,1088180493.8666308,1359334424.9815326
2026-05-02 00:00:00+00:00,620486.0,529423.0,896831740.5704167,1.4546787719928143,599501380.5544422,753825238.196486
2026-05-03 00:00:00+00:00,583469.0,596099.0,1000953351.3604596,1.4532128991393036,509742897.5410465,627613327.1348773
2026-05-04 00:00:00+00:00,722079.0,567474.0,981197686.8712952,1.4734139625232838,2050300894.1917257,2565993994.126598
2026-05-05 00:00:00+00:00,721256.0,589261.0,987782911.5285887,1.49326488273632,1776889962.1611347,2179018386.28822
2026-05-06 00:00:00+00:00,727700.0,531510.0,928515937.0265276,1.5007289347155646,2133273903.6776855,2044994453.0544786
2026-05-07 00:00:00+00:00,759390.0,526484.0,935101152.2011051,1.4754077327071486,1675920468.0664427,2052739747.5736098
2026-05-08 00:00:00+00:00,677277.0,586249.0,968027247.0394244,1.4788069377076725,1730743225.2988033,2008927881.4164925
2026-05-09 00:00:00+00:00,818423.0,830362.0,1126072515.539159,1.4875564619691928,701706542.8941619,962085572.3734754
2026-05-10 00:00:00+00:00,525874.0,726220.0,987782911.5285887,1.5165762999799848,819431018.0243127,943367799.8081939
2026-05-11 00:00:00+00:00,615823.0,778049.0,1086561196.0435464,1.5062797314103844,1858240129.1987467,1676101284.914987
2026-05-12 00:00:00+00:00,612683.0,593259.0,882419402.3563375,1.4843434176790684,1668944371.7596662,1484078986.5637836
2026-05-13 00:00:00+00:00,643577.0,616272.0,915345497.1946567,1.4616979219598496,2156074961.7667947,2118393345.399996
2026-05-14 00:00:00+00:00,633568.0,675554.0,994368126.7031661,1.496291810555883,2558568892.2920513,2711058441.315454
2026-05-15 00:00:00+00:00,669184.0,622005.0,964723444.1105754,1.4576482075977497,2149992670.7331543,2202365315.6951504
2026-05-16 00:00:00+00:00,572496.0,682779.0,1025406922.0646993,1.4411207320741926,636606009.1897941,800301426.1447926
2026-05-17 00:00:00+00:00,564015.0,605327.0,950708403.3976227,1.4288785719516937,636155834.4789786,672298102.5183166
2026-05-18 00:00:00+00:00,639384.0,603780.0,950708403.3976227,1.419569255459985,1888777979.994271,1486544343.4215164
2026-05-19 00:00:00+00:00,631608.0,619635.0,964289953.1351562,1.4170368263075273,1666531797.3403094,1617997940.4199846
2026-05-20 00:00:00+00:00,648310.0,666800.0,1032197701.8228235,1.4282474320399443,1511781974.734843,1327156183.0333037
2026-05-21 00:00:00+00:00,630942.0,543303.0,862428334.9930127,1.4318398636638516,1084613043.2379727,1108334616.5004828
2026-05-22 00:00:00+00:00,671333.0,713572.0,1059360791.5191754,1.3951977957217803,1533405158.5779736,1530779621.5003266
2026-05-23 00:00:00+00:00,573855.0,729353.0,1113686990.4693093,1.4145646606056597,982601002.779916,996612524.4489764
2026-05-24 00:00:00+00:00,488204.0,627984.0,889591434.4680796,1.4206921481906594,950851673.5783243,769806080.0306078
2026-05-25 00:00:00+00:00,608973.0,781457.0,1120477760.4487185,1.425980680386381,1013609094.0249839,1171363192.0049644
2026-05-26 00:00:00+00:00,625482.0,626622.0,943917633.4182135,1.4000760710265765,1569096644.2479281,1536316877.1315267
2026-05-27 00:00:00+00:00,608435.0,646713.0,950708403.3976227,1.3720698989749527,1917259402.7358406,1600666739.3418791
2026-05-28 00:00:00+00:00,622022.0,783577.0,1100105440.7317758,1.359302863594602,2270756254.7722526,1784843685.1373057
2026-05-29 00:00:00+00:00,669839.0,634214.0,960163852.3585032,1.3570300412340588,1653257268.3894918,1827009005.609255
2026-05-30 00:00:00+00:00,573532.0,657986.0,980866172.3203554,1.3648020345772152,959807119.9856373,893676399.112551
2026-05-31 00:00:00+00:00,535317.0,715768.0,994681189.9526772,1.3623994613070085,610259799.2924131,563703845.3371999
2026-06-01 00:00:00+00:00,703973.0,556953.0,932513615.580635,1.321374781897173,2586185884.4182158,2335472423.4668193
2026-06-02 00:00:00+00:00,652731.0,435693.0,759825910.0968298,1.23601499491039,2919189505.7625113,2219597792.857782
2026-06-03 00:00:00+00:00,677654.0,426100.0,746010892.4645079,1.1956320534404266,2391384016.6099825,2403413309.5800805
2026-06-04 00:00:00+00:00,705263.0,589059.0,980866172.3203554,1.1858932878748485,2747439751.4523263,2497445123.8552494
2026-06-05 00:00:00+00:00,724204.0,568562.0,932513615.580635,1.1367970410942185,2953893394.330208,3130805953.364443
2026-06-06 00:00:00+00:00,617500.0,537071.0,842716005.943949,1.134645827440571,973398237.0220981,1119324827.171573
2026-06-07 00:00:00+00:00,523362.0,551253.0,808178466.8365502,1.178976675309288,808903381.1301644,830151208.1415337
2026-06-08 00:00:00+00:00,623204.0,573611.0,877253545.0513476,1.1785132598364798,2024753036.3782575,2253482309.6277547
2026-06-09 00:00:00+00:00,595000.0,576386.0,856531023.5762708,1.1517566167396358,1454133479.3592134,1306341380.406805
2026-06-10 00:00:00+00:00,618722.0,566110.0,870346041.2085927,1.148835844703938,1201252096.1468823,1148599114.5149298
2026-06-11 00:00:00+00:00,639861.0,628815.0,932513615.580635,1.1875449707608752,1379491446.0455108,1387287556.573327
2026-06-12 00:00:00+00:00,688598.0,660151.0,1015403711.427754,1.1877855212466688,1197000896.8712416,1448229256.8848786
2026-06-13 00:00:00+00:00,547731.0,541792.0,854439838.152652,1.2054819110681059,395747582.38903713,468474674.5065361
2026-06-14 00:00:00+00:00,534169.0,730021.0,906725183.3927048,1.2276315476665298,528616332.0435137,605126889.2696315
2026-06-15 00:00:00+00:00,663373.0,713083.0,931566971.1991993,1.2393546167038156,1264671966.7226722,1560614998.3040154
2026-06-16 00:00:00+00:00,642395.0,786217.0,1006092325.6756399,1.2287326760856152,1287541632.4455054,1481916334.9258761
2026-06-17 00:00:00+00:00,619157.0,600431.0,819778935.0130172,1.2059072762898517,1099424691.762587,1212004836.2451136
2026-06-18 00:00:00+00:00,654630.0,814960.0,1024723662.0589893,1.1772253837760067,1237446602.3030314,1201009592.367298
2026-06-19 00:00:00+00:00,611813.0,751132.0,937777413.6793015,1.186374409712872,736693338.2513949,861082169.8559765
2026-06-20 00:00:00+00:00,541078.0,773705.0,962619201.485796,1.2034610271445665,676757441.3512062,765605953.1415756
2026-06-21 00:00:00+00:00,514984.0,672668.0,832199828.9162644,1.186796520860484,479810396.5376154,1438318661.3186116
2026-06-22 00:00:00+00:00,601216.0,774635.0,968829643.9658982,1.1974216055983207,1384655719.473145,1278871482.5716264
2026-06-23 00:00:00+00:00,620829.0,861296.0,1074407237.6719782,1.1731976651833003,1323439884.6982262,1533718268.8038416
2026-06-24 00:00:00+00:00,629642.0,751457.0,962619201.485796,1.1423253250449799,1908846224.299048,1864689651.3895936
2026-06-25 00:00:00+00:00,683523.0,799315.0,1055775901.2886288,1.12407957629493,2286648999.934464,2284191368.3384624
2026-06-26 00:00:00+00:00,662457.0,710902.0,962619201.485796,1.1270469384410169,2410231372.9664865,2317126273.8839693
2026-06-27 00:00:00+00:00,592251.0,826554.0,1113992357.1239762,1.127011418515148,734198803.059581,956311532.3122488
2026-06-28 00:00:00+00:00,537835.0,618279.0,858457137.2107625,1.1189318202539258,594554412.8381139,944813300.0527121
2026-06-29 00:00:00+00:00,659557.0,530497.0,831838318.6049633,1.1322838457186375,1652073279.5852358,1628192336.0528035
2026-06-30 00:00:00+00:00,722749.0,626708.0,991551268.5708678,1.1027805682008867,1677103888.1677692,1815565953.3814435
2026-07-01 00:00:00+00:00,742127.0,609267.0,951623035.8707803,1.1321108720363224,1366105343.7186995,1399466466.3629212
2026-07-02 00:00:00+00:00,702851.0,539658.0,871766551.3050507,1.1581855624958048,1831459420.9579654,1804071982.4159834
2026-07-03 00:00:00+00:00,698135.0,686915.0,1004860682.665156,1.1792987088316838,1241294236.0436647,1290207758.691068
2026-07-04 00:00:00+00:00,550009.0,769219.0,1024824799.0151997,1.1891572189350943,624113875.6780003,559763116.9547927
2026-07-05 00:00:00+00:00,501335.0,636006.0,851802434.9550071,1.1990647636450062,836551241.1993941,567381132.043574
2026-07-06 00:00:00+00:00,613733.0,507339.0,771945959.9720548,1.2073954618124445,1514416187.0960453,1837040286.864
2026-07-07 00:00:00+00:00,641947.0,631230.0,931658909.9379592,1.196288648174336,1462280071.4545538,1712723974.7166998
2026-07-08 00:00:00+00:00,611138.0,597694.0,885075965.399339,1.1731707452338487,904123561.0067829,967878197.2476047
2026-07-09 00:00:00+00:00,619969.0,559601.0,831838318.6049633,1.1916595724436172,882568300.2638402,881651974.4705635
2026-07-10 00:00:00+00:00,634002.0,579527.0,865111849.0492953,1.2097400850398004,1266165938.5818005,1471915552.522784
2026-07-11 00:00:00+00:00,557508.0,677240.0,913015248.2724111,1.2054984500945254,475283194.0262224,568974276.6835169
2026-07-12 00:00:00+00:00,490823.0,764256.0,910321900.5977669,1.202836434530211,459000461.33972573,421936506.688512
2026-07-13 00:00:00+00:00,624343.0,706707.0,929286937.1591473,1.174318418220534,1502949063.041801,1065063492.9403833
2026-07-14 00:00:00+00:00,639375.0,739142.0,973538695.2045144,1.2276267731645218,1497474604.3240976,1428124473.275667
2026-07-15 00:00:00+00:00,638699.0,558000.0,885035179.1137803,1.2245682153726962,1514821344.1349928,1568638720.3519707
2026-07-16 00:00:00+00:00,621188.0,536593.0,764923265.7196722,1.2064208959075768,811720947.7088494,1068179342.1992689
2026-07-17 00:00:00+00:00,629901.0,577557.0,802853338.8424331,1.2091270996686685,1038339545.5369644,1390624859.883382
2026-07-18 00:00:00+00:00,579482.0,864354.0,1049398859.6564744,1.2253971926665221,513304412.72157747,692516320.2387736
2026-07-19 00:00:00+00:00,517259.0,898384.0,1043077174.7338681,1.2229930312358035,667857667.7512969,571560729.0804838
2026-07-20 00:00:00+00:00,612420.0,730484.0,922965261.3397602,1.2327473883123754,1160011472.6245966,1689542902.6749036
2026-07-21 00:00:00+00:00,634153.0,651218.0,872391818.3717868,1.2553791423473126,1888028725.651893,2123799564.950476
2026-07-22 00:00:00+00:00,624603.0,497232.0,726993183.4936923,1.2476042702123693,1347640408.7045708,1386635824.4130123
2026-07-23 00:00:00+00:00,628670.0,611799.0,834461745.249026,1.2309583188260411,1268473713.9987817,1407965371.9242628
2026-07-24 00:00:00+00:00,689082.0,729761.0,973538695.2045144,1.2125716215451372,1058665585.4154825,1117871346.579271
2026-07-25 00:00:00+00:00,564960.0,696377.0,872065075.0995655,1.2164163415587756,705005742.3912922,868238171.588629
2026-07-26 00:00:00+00:00,569782.0,760079.0,916150330.2022572,1.2352156606776294,496241767.6813675,854458988.975258
2026-07-27 00:00:00+00:00,635071.0,689945.0,865950308.147995,1.2052013444237608,1435453108.913179,1362176065.4794362
2026-07-28 00:00:00+00:00,628552.0,561079.0,796925282.3413863,1.2054901993356482,969661753.688827,1404154531.5597153
2026-07-29 00:00:00+00:00,604146.0,672610.0,897325326.4499104,1.2088544364298526,1283866032.4658635,1165175978.4715822
2026-07-30 00:00:00+00:00,666081.0,699087.0,960075344.9817349,1.2262799635545538,1938105015.5200279,1504698345.1425776
2026-07-31 00:00:00+00:00,967546.0,607581.0,985175356.0088658,1.189970381191086,1881105883.3901584,1832355488.6686156
2026-08-01 00:00:00+00:00,806292.0,744053.0,1029100370.7883435,1.1887286460199475,810272301.9868342,750486513.8496703
2026-08-02 00:00:00+00:00,653981.0,675558.0,903600324.6886916,1.2018952766591153,1057434041.8345207,681360698.5840828
2026-08-03 00:00:00+00:00,741819.0,702879.0,941250341.2293881,1.2028012046866428,1382968800.101767,1343687403.833819
2026-08-04 00:00:00+00:00,684692.0,619401.0,884775320.936345,1.2162144313735614,1048709945.9003907,1751859374.9412868
2026-08-05 00:00:00+00:00,730433.0,608260.0,891050319.1751261,1.2251059832401532,1089975832.8175924,1252096615.5323
2026-08-06 00:00:00+00:00,678177.0,541604.0,803200289.6161706,1.2175780136267054,1322296591.4204266,1399486762.8741665
2026-08-07 00:00:00+00:00,709925.0,717791.0,991450354.247647,1.2302038699452365,1010892749.492597,1263902440.248718
2026-08-08 00:00:00+00:00,621521.0,658026.0,898876720.0592811,1.2308097221233913,399192961.3922933,296461616.3438334
2026-08-09 00:00:00+00:00,520129.0,740534.0,906199297.8955107,1.2301135746614489,355319044.8140359,226011904.5920748
2026-08-10 00:00:00+00:00,650586.0,630221.0,880851063.8721334,1.2122143561693552,1621618107.586452,1266273257.1979966
2026-08-11 00:00:00+00:00,609039.0,607154.0,817480478.8136902,1.2056671434624349,1182611678.563359,849963834.0694451
2026-08-12 00:00:00+00:00,646051.0,652466.0,893525180.883822,1.2025578842369824,1379582773.2568517,1328775515.212206
2026-08-13 00:00:00+00:00,650606.0,682308.0,925210468.8503618,1.2034349432766869,1354114280.4376807,1151777598.8643496
2026-08-14 00:00:00+00:00,660290.0,694968.0,944221639.805213,1.1947029600977745,1498744215.10959,1474621624.979201
2026-08-15 00:00:00+00:00,564175.0,723981.0,918873405.7818357,1.1968106310165285,546738566.7956163,469541549.67564994
2026-08-16 00:00:00+00:00,541863.0,825829.0,1020266341.8753448,1.1930314938000863,470766542.4839502,523701561.2825497
2026-08-17 00:00:00+00:00,680154.0,755423.0,1001255161.79513,1.2236699946656513,1169567833.0566077,1342212008.4607425
2026-08-18 00:00:00+00:00,642144.0,709130.0,944221639.805213,1.2289337251062162,1299072944.4665701,1709779749.5667083
2026-08-19 00:00:00+00:00,649780.0,536337.0,779458136.9039879,1.3153366802811952,1958900730.913358,2447657715.633779
2026-08-20 00:00:00+00:00,721893.0,514184.0,804806361.8020016,1.386071625027333,2297444253.043025,3694115768.5552526
2026-08-21 00:00:00+00:00,779671.0,534986.0,868176946.8604448,1.4837222213757244,3494287042.125827,3489692762.819367
2026-08-22 00:00:00+00:00,634723.0,709046.0,937551968.6517191,1.457789242610116,1497238777.3129563,1285014293.5384889
2026-08-23 00:00:00+00:00,534757.0,701899.0,850530898.7183249,1.4682707685313898,719137788.7147212,1020354161.2346294
2026-08-24 00:00:00+00:00,663383.0,637413.0,888054323.8990585,1.4906241300604754,2005620074.8118997,2694895702.1586537
2026-08-25 00:00:00+00:00,673531.0,618688.0,888054323.8990585,1.484141488925959,2107534089.7920566,2164965099.477986
2026-08-26 00:00:00+00:00,647067.0,724379.0,950593365.8669479,1.4897680338170816,1665996051.172804,1985068241.1863527
2026-08-27 00:00:00+00:00,656799.0,688383.0,913069940.6862142,1.514130238816195,1733906003.7474427,2258927140.0362024
2026-08-28 00:00:00+00:00,676953.0,575451.0,825515290.9367905,1.4651371083208935,2455987597.9914784,2101855228.8768227
2026-08-29 00:00:00+00:00,567148.0,737931.0,913069940.6862142,1.4749970333791462,716332213.4903296,773700982.133243
2026-08-30 00:00:00+00:00,543695.0,869586.0,1019386298.5231942,1.4644329798692257,711609099.3396757,917119243.6898935
2026-08-31 00:00:00+00:00,665835.0,699284.0,950593365.8669479,1.4796409564924897,2091655876.899785,2065914936.0602725
2026-09-01 00:00:00+00:00,677321.0,622703.0,888054323.8990585,1.4582915280644972,1816324054.271144,1753326793.4676726
2026-09-02 00:00:00+00:00,659394.0,583884.0,856784807.4179244,1.4540047264410356,1384513126.5650845,1316610847.3144567
2026-09-03 00:00:00+00:00,671828.0,721418.0,1000624590.4356381,1.5290840959037995,1985288757.7490134,2232798408.0788245
2026-09-04 00:00:00+00:00,707560.0,606596.0,894308232.5986581,1.499477260228352,1865598752.982193,2118351852.3608978
2026-09-05 00:00:00+00:00,580706.0,734764.0,927947322.4043227,1.5014873871529573,587484630.5035148,663301505.1411799
2026-09-06 00:00:00+00:00,550647.0,893036.0,1045376161.9707305,1.5104960453674119,1060676249.7440913,1356601330.3984802
2026-09-07 00:00:00+00:00,599773.0,695588.0,880650225.8858426,1.486935906918574,1070271557.9005874,929022937.505488
2026-09-08 00:00:00+00:00,604102.0,634799.0,842636544.1170455,1.4749397123779049,1580068773.0734475,1858317798.4802482
2026-09-09 00:00:00+00:00,639959.0,761212.0,1020033716.581482,1.470283096022392,1261789079.3597443,1426827351.9495945
2026-09-10 00:00:00+00:00,639221.0,628831.0,848972162.3068198,1.4412738778959073,1557461587.4043498,1946503568.381383
2026-09-11 00:00:00+00:00,682493.0,762456.0,1020033716.581482,1.4506461042535579,1804739262.953268,1827668305.0527816
2026-09-12 00:00:00+00:00,570535.0,790836.0,994691262.0689508,1.451919484146061,818195821.5831461,795758423.6429693
2026-09-13 00:00:00+00:00,557000.0,781593.0,956677580.3001537,1.4425969688432871,821680004.8889971,989590634.9210019
2026-09-14 00:00:00+00:00,643814.0,715786.0,950341971.2336624,1.470872089762809,1301418780.6510808,1549964204.7091634
2026-09-15 00:00:00+00:00,637966.0,818393.0,1032704934.7144649,1.4217417114153472,2299957850.188526,1881418191.3747098
2026-09-16 00:00:00+00:00,617495.0,652514.0,861643380.4398026,1.4299286407994745,1750278397.8730252,1910577310.373093
2026-09-17 00:00:00+00:00,652441.0,647901.0,905992680.398374,1.4358494332162952,1662666010.1534803,1739198120.5348763
2026-09-18 00:00:00+00:00,681346.0,717757.0,963013198.489928,1.5201481085097208,2181994790.7299685,2267092076.8123865
2026-09-19 00:00:00+00:00,586590.0,597042.0,827043889.821377,1.5256646293015779,1131196317.767705,1251967657.7896957
2026-09-20 00:00:00+00:00,564511.0,803174.0,1016306042.9042339,1.5241896654514715,983954376.3028865,985959726.0910072
2026-09-21 00:00:00+00:00,711168.0,633966.0,983309095.4339658,1.6209607997541753,3407697475.407977,3742211721.2065444
2026-09-22 00:00:00+00:00,661338.0,618756.0,917315200.4934297,1.6121513106878018,2309306372.2926393,3766762824.3841147
2026-09-23 00:00:00+00:00,628005.0,582016.0,851321296.0497721,1.5785960551637934,1890285676.7507145,2739432937.603469
2026-09-24 00:00:00+00:00,638874.0,637210.0,923914586.1862347,1.577304652515512,1606056925.058294,2252571958.9028006
2026-09-25 00:00:00+00:00,671438.0,600211.0,884318253.0231616,1.5704997524563802,1930936140.3440206,2532817291.0692077
2026-09-26 00:00:00+00:00,598476.0,758249.0,1016306042.9042339,1.5762645647355817,976323034.5114921,1477994409.8221717
2026-09-27 00:00:00+00:00,558771.0,752965.0,963510928.8524293,1.5761995497530066,1061555998.7142049,1353765454.5807602
2026-09-28 00:00:00+00:00,696094.0,776834.0,1088899333.0406966,1.558861667543223,2342405825.8489833,2529527145.5012803
2026-09-29 00:00:00+00:00,680492.0,742152.0,1049302999.8776234,1.5610161842024162,2368190478.2403255,2211799204.4196672
2026-09-30 00:00:00+00:00,719874.0,596962.0,930513981.3821613,1.5589841836602303,1679478305.133943,2052566106.6825132
2026-10-01 00:00:00+00:00,712825.0,537656.0,897517024.4087716,1.580581704523888,2190687692.0972285,2559950315.5156045
